offender_id,incident_id,offender_seq_num,age_id,age_num,sex_code,race_id,ethnicity_id,ff_line_number,age_range_low_num,age_range_high_num
27516566,26390580,3,5,19,M,1,,,,
27516565,26390580,2,5,19,M,1,,,,
27516564,26390580,1,5,19,M,1,,,,
27516567,26390581,0,,,,,,,,
27516568,26390582,0,,,,,,,,
27516569,26390583,1,5,21,F,1,,,,
27516570,26390584,0,,,,,,,,
27516571,26390585,1,5,38,F,1,,,,
27516572,26390586,0,,,,,,,,
27516573,26390587,1,5,49,F,1,,,,
27516574,26390588,1,5,34,M,1,,,,
27516576,26390589,2,5,22,F,1,,,,
27516575,26390589,1,5,24,M,1,,,,
27516577,26390590,0,,,,,,,,
27516578,26390591,0,,,,,,,,
27516579,26390592,1,5,20,M,2,,,,
27516581,26390593,2,5,19,M,1,,,,
27516580,26390593,1,5,19,M,1,,,,
27516582,26390594,1,5,25,M,0,,,,
27516583,26390595,1,5,24,M,1,,,,
27516584,26390596,0,,,,,,,,
27516585,26390597,0,,,,,,,,
27516586,26390598,1,5,32,M,1,,,,
27516588,26390600,1,5,35,M,1,,,,
27516708,26391351,1,5,20,F,1,,,,
27516709,26391352,1,5,24,M,1,,,,
27516712,26391353,3,5,31,M,1,,,,
27516711,26391353,2,5,21,M,1,,,,
27516710,26391353,1,5,45,F,1,,,,
27516713,26391354,1,5,22,M,1,,,,
27516715,26391355,2,5,42,M,1,,,,
27516714,26391355,1,5,25,M,1,,,,
27516717,26391356,2,5,38,M,1,,,,
27516716,26391356,1,5,41,M,1,,,,
27516718,26391357,1,5,22,M,1,,,,
27516720,26391358,2,5,23,M,1,,,,
27516719,26391358,1,5,21,M,1,,,,
27516721,26391359,1,5,19,M,1,,,,
27516722,26391360,1,5,37,M,1,,,,
27516723,26391361,1,5,22,M,1,,,,
27516724,26391362,1,5,31,M,1,,,,
27516725,26391363,1,5,35,M,1,,,,
27516726,26391364,1,5,32,M,1,,,,
27516727,26391365,1,5,18,M,1,,,,
27516728,26391366,1,5,33,F,1,,,,
27516731,26391367,3,5,24,F,1,,,,
27516730,26391367,2,5,21,F,1,,,,
27516729,26391367,1,5,18,F,1,,,,
27516733,26391368,2,5,17,M,1,,,,
27516732,26391368,1,5,17,M,1,,,,
27516734,26391368,3,5,17,M,3,,,,
27516735,26391369,1,5,42,M,1,,,,
27516736,26391370,1,5,57,M,1,,,,
27516737,26391371,1,5,29,M,1,,,,
27516738,26391372,1,5,40,M,1,,,,
27516739,26391373,1,5,20,M,1,,,,
27516740,26391374,1,5,37,F,1,,,,
27516741,26391375,1,5,47,M,1,,,,
27516743,26391376,2,5,22,M,1,,,,
27516742,26391376,1,5,21,M,1,,,,
27516744,26391377,1,5,15,M,1,,,,
27516745,26391378,1,5,39,M,1,,,,
27516746,26391379,1,5,42,M,1,,,,
27516747,26391380,1,5,25,M,1,,,,
27516748,26391381,1,5,16,M,1,,,,
27516749,26391382,1,5,17,M,1,,,,
27516750,26391383,1,5,25,M,1,,,,
27516751,26391384,1,5,13,M,1,,,,
27516752,26391385,1,5,21,M,1,,,,
27516753,26391386,1,5,33,F,1,,,,
27516754,26391387,1,5,39,M,1,,,,
27516755,26391388,1,5,16,M,1,,,,
27516756,26391389,1,5,17,M,1,,,,
27516757,26391389,2,5,16,M,1,,,,
27516758,26391390,1,5,37,M,5,,,,
27516759,26391391,1,5,24,M,1,,,,
27516760,26391392,1,5,18,M,1,,,,
27516761,26391393,1,5,26,M,1,,,,
27516762,26391394,1,5,24,M,1,,,,
27516763,26391395,1,5,46,M,1,,,,
27516551,26390567,1,5,29,F,1,,,,
27516552,26390568,1,5,36,M,1,,,,
27516553,26390569,0,,,,,,,,
27516554,26390570,0,,,,,,,,
27516555,26390571,1,5,42,M,1,,,,
27516556,26390572,0,,,,,,,,
27516557,26390573,0,,,,,,,,
27516558,26390574,0,,,,,,,,
27516559,26390575,1,5,20,M,1,,,,
27516560,26390576,1,5,37,F,1,,,,
27516561,26390577,0,,,,,,,,
27516562,26390578,0,,,,,,,,
27516563,26390579,1,5,30,M,1,,,,
27516491,25160857,1,5,22,M,1,,,,
27516492,25160858,1,5,26,M,1,,,,
27516493,25160859,1,5,20,M,1,,,,
27516494,25160860,1,5,29,F,1,,,,
27516495,25162138,1,5,17,M,1,,,,
27516496,25162139,1,5,38,M,1,,,,
27516497,25162140,1,5,20,M,1,,,,
27516498,25162141,1,5,17,M,1,,,,
27516587,26390599,0,,,,,,,,
27516589,26390601,0,,,,,,,,
27516590,26390602,0,,,,,,,,
27516591,26390603,0,,,,,,,,
27516592,26390604,0,,,,,,,,
27516593,26390605,0,,,,,,,,
27516594,26390606,1,5,26,M,1,,,,
27516595,26390607,1,5,50,M,1,,,,
27516596,26390608,1,5,71,M,1,,,,
27516597,26390609,0,,,,,,,,
27516598,26390610,1,5,48,M,1,,,,
27516599,26390611,0,,,,,,,,
27516600,26390612,1,5,19,M,1,,,,
27516601,26390613,0,,,,,,,,
27516602,26390614,1,4,,M,1,,,,
27516603,26390615,0,,,,,,,,
27516604,26390616,1,5,34,F,1,,,,
27516606,26390617,2,5,22,M,1,,,,
27516605,26390617,1,5,24,M,1,,,,
27516607,26390618,1,5,20,M,1,,,,
27516608,26390619,0,,,,,,,,
27516609,26390620,0,,,,,,,,
27516610,26390621,1,5,22,F,1,,,,
27516611,26390622,0,,,,,,,,
27516612,26390623,0,,,,,,,,
27516613,26390624,0,,,,,,,,
27516614,26390625,0,,,,,,,,
27516616,26390626,2,5,27,F,1,,,,
27516615,26390626,1,5,24,M,0,,,,
27516619,26390629,0,,,,,,,,
27516505,26390525,1,5,24,M,1,,,,
27516507,26390526,2,5,22,M,1,,,,
27516506,26390526,1,5,37,M,1,,,,
27516508,26390527,1,5,18,M,1,,,,
27516509,26390528,1,5,21,F,1,,,,
27516510,26390529,1,5,15,M,1,,,,
27516511,26390530,1,5,12,M,1,,,,
27516512,26390531,1,5,25,M,1,,,,
27516513,26390532,1,5,12,M,1,,,,
27516514,26390533,1,5,19,M,1,,,,
27516515,26390534,1,5,47,F,1,,,,
27516516,26390535,1,5,39,M,1,,,,
27516517,26390536,1,5,38,M,1,,,,
27516518,26390537,1,5,40,M,1,,,,
27516519,26390538,1,5,42,M,1,,,,
27516499,25162142,1,5,33,M,1,,,,
27516500,25162143,1,5,19,M,1,,,,
27516501,25162144,1,5,21,M,1,,,,
27516502,25162145,1,5,53,M,1,,,,
27516503,25162146,1,5,42,F,1,,,,
27516504,25162147,1,5,23,M,1,,,,
27516617,26390627,0,,,,,,,,
27516618,26390628,0,,,,,,,,
27516620,26390630,1,5,22,M,1,,,,
27516621,26390631,1,5,14,M,1,,,,
27516622,26390632,1,5,34,M,1,,,,
27516623,26390633,0,,,,,,,,
27516624,26390634,1,5,23,M,1,,,,
27516625,26390635,1,5,42,M,1,,,,
27516626,26390636,0,,,,,,,,
27516627,26390637,0,,,,,,,,
27516628,26390638,0,,,,,,,,
27516629,26390639,1,5,43,M,1,,,,
27516630,26390640,0,,,,,,,,
27516631,26390641,1,5,29,M,1,,,,
27516632,26390642,1,5,21,M,1,,,,
27516633,26390643,1,5,53,M,1,,,,
27516634,26390644,1,5,23,M,1,,,,
27516635,26390645,0,,,,,,,,
27516636,26390646,1,5,47,M,1,,,,
27516637,26390647,1,5,25,M,1,,,,
27516638,26390648,1,5,59,M,1,,,,
27516639,26390649,0,,,,,,,,
27516640,26390650,0,,,,,,,,
27516641,26390651,0,,,,,,,,
27516642,26390652,1,5,27,M,1,,,,
27516643,26390653,1,5,27,M,1,,,,
27516644,26390654,1,5,32,F,1,,,,
27516645,26390655,0,,,,,,,,
27516520,26390539,1,5,32,M,1,,,,
27516521,26390540,1,5,31,M,1,,,,
27516522,26390540,2,5,29,F,1,,,,
27516523,26390541,1,5,16,M,1,,,,
27516524,26390541,2,5,17,M,2,,,,
27516525,26390542,1,5,43,M,1,,,,
27516526,26390543,1,5,41,F,1,,,,
27516527,26390544,1,5,28,M,1,,,,
27516528,26390545,1,5,25,M,1,,,,
27516529,26390546,1,5,34,M,1,,,,
27516530,26390547,1,5,29,F,1,,,,
27516531,26390548,1,5,34,F,1,,,,
27516532,26390549,1,5,15,F,1,,,,
27516650,26391299,1,5,44,F,1,,,,
27516651,26391300,1,5,29,M,1,,,,
27516652,26391301,1,4,,M,1,,,,
27516653,26391302,1,5,15,M,1,,,,
27516654,26391303,0,,,,,,,,
27516655,26391304,1,5,25,M,1,,,,
27516656,26391304,2,5,32,M,2,,,,
27516657,26391305,0,,,,,,,,
27516658,26391306,1,5,27,M,1,,,,
27516659,26391307,0,,,,,,,,
27516660,26391308,0,,,,,,,,
27516663,26391309,3,5,34,M,1,,,,
27516661,26391309,1,5,42,F,5,,,,
27516662,26391309,2,5,45,F,5,,,,
27516664,26391310,1,5,40,M,1,,,,
27516665,26391311,0,,,,,,,,
27516666,26391312,0,,,,,,,,
27516667,26391313,0,,,,,,,,
27516669,26391314,2,5,47,M,1,,,,
27516668,26391314,1,5,20,M,1,,,,
27516670,26391315,0,,,,,,,,
27516671,26391316,0,,,,,,,,
27516672,26391317,1,5,21,M,1,,,,
27516673,26391318,1,5,39,M,1,,,,
27516674,26391319,0,,,,,,,,
27516675,26391320,1,5,19,M,2,,,,
27516676,26391321,1,5,29,M,1,,,,
27516678,26391322,2,5,19,M,2,,,,
27516677,26391322,1,5,27,F,1,,,,
27516679,26391323,0,,,,,,,,
27516680,26391324,1,5,25,M,1,,,,
27516681,26391325,1,5,19,M,1,,,,
27516646,26390656,1,5,30,M,1,,,,
27516647,26390657,1,5,19,M,1,,,,
27516648,26390658,0,,,,,,,,
27516649,26390659,0,,,,,,,,
27516533,26390550,1,5,16,F,1,,,,
27516534,26390551,1,5,28,M,1,,,,
27516535,26390552,1,5,15,M,1,,,,
27516536,26390553,1,5,25,M,1,,,,
27516537,26390554,1,5,21,M,1,,,,
27516682,26391326,0,,,,,,,,
27516683,26391327,1,5,16,F,1,,,,
27516684,26391328,1,5,20,F,1,,,,
27516685,26391329,1,5,20,M,1,,,,
27516686,26391330,0,,,,,,,,
27516687,26391331,1,5,19,M,1,,,,
27516688,26391332,0,,,,,,,,
27516689,26391333,1,5,29,M,2,,,,
27516690,26391334,0,,,,,,,,
27516691,26391335,0,,,,,,,,
27516692,26391336,1,5,21,M,1,,,,
27516693,26391337,1,5,27,M,1,,,,
27516694,26391338,0,,,,,,,,
27516695,26391339,0,,,,,,,,
27516696,26391340,1,5,41,M,2,,,,
27516697,26391341,0,,,,,,,,
27516698,26391342,0,,,,,,,,
27516699,26391343,0,,,,,,,,
27516700,26391344,1,5,43,M,1,,,,
27516702,26391345,2,5,19,M,1,,,,
27516701,26391345,1,5,18,M,1,,,,
27516703,26391346,1,5,25,M,1,,,,
27516704,26391347,0,,,,,,,,
27516705,26391348,0,,,,,,,,
27516706,26391349,1,5,36,M,1,,,,
27516707,26391350,1,5,48,M,1,,,,
27516538,26390555,1,5,12,M,1,,,,
27516539,26390556,1,5,28,M,1,,,,
27516540,26390557,1,5,73,F,1,,,,
27516541,26390558,1,5,44,F,1,,,,
27516542,26390559,1,5,34,M,1,,,,
27516543,26390560,1,5,21,M,1,,,,
27516544,26390561,1,5,13,F,1,,,,
27516546,26390562,2,5,52,M,2,,,,
27516545,26390562,1,5,41,M,2,,,,
27516547,26390563,1,5,18,M,1,,,,
27516548,26390564,1,5,19,M,2,,,,
27516549,26390565,1,5,37,M,1,,,,
27516550,26390566,1,5,34,M,2,,,,
27515406,25156775,1,5,30,F,1,,,,
27515445,25156799,1,5,20,M,2,,,,
27515407,25156776,1,5,21,M,2,,,,
27515598,25157553,2,5,30,F,1,,,,
27515597,25157553,1,5,22,M,0,,,,
27515408,25156777,1,5,20,M,1,,,,
27515409,25156778,1,5,43,M,1,,,,
27515411,25156779,2,5,27,M,1,,,,
27515410,25156779,1,5,27,M,1,,,,
27515413,25156781,1,5,19,M,1,,,,
27515412,25156780,1,4,,U,0,,,,
27515414,25156782,1,5,27,M,1,,,,
27515416,25156783,2,5,40,M,1,,,,
27515415,25156783,1,5,44,M,1,,,,
27515417,25156784,1,5,25,M,2,,,,
27515418,25156785,1,5,21,M,2,,,,
27515419,25156786,1,5,22,M,2,,,,
27515422,25156787,3,5,19,M,1,,,,
27515421,25156787,2,5,17,M,1,,,,
27515420,25156787,1,4,,U,0,,,,
27515593,25157549,1,4,,M,1,,,,
27515594,25157550,1,4,,M,1,,,,
27515423,25156788,1,4,,U,0,,,,
27515424,25156789,1,5,42,M,1,,,,
27515426,25156790,2,5,20,M,1,,,,
27515425,25156790,1,5,20,M,1,,,,
27515428,25156791,2,5,17,M,1,,,,
27515427,25156791,1,4,,U,0,,,,
27515430,25156792,2,5,17,M,1,,,,
27515429,25156792,1,4,,U,0,,,,
27515433,25156793,3,5,16,M,1,,,,
27515432,25156793,2,5,17,M,1,,,,
27515431,25156793,1,5,17,M,1,,,,
27515434,25156794,0,,,,,,,,
27515436,25156795,2,5,27,M,1,,,,
27515435,25156795,1,5,27,M,1,,,,
27515437,25156796,1,5,17,M,1,,,,
27515439,25156796,3,5,17,M,1,,,,
27515438,25156796,2,5,17,M,1,,,,
27515444,25156798,5,5,17,M,1,,,,
27515443,25156798,4,5,17,M,1,,,,
27515442,25156798,3,5,17,M,1,,,,
27515441,25156798,2,5,17,M,1,,,,
27515440,25156798,1,5,17,M,1,,,,
27515446,25156800,1,5,44,M,1,,,,
27515450,25156801,4,5,29,M,1,,,,
27515449,25156801,3,5,17,M,1,,,,
27515448,25156801,2,5,17,M,1,,,,
27515447,25156801,1,5,19,M,1,,,,
27515451,25156802,1,4,,U,0,,,,
27515452,25156803,1,5,10,M,1,,,,
27515453,25156804,1,5,38,M,1,,,,
27515454,25156805,1,4,,U,0,,,,
27515455,25156806,1,5,48,M,1,,,,
27515457,25156807,2,5,24,F,1,,,,
27515456,25156807,1,5,38,M,1,,,,
27515470,25156815,1,4,,U,0,,,,
27515481,25156823,1,4,,U,0,,,,
27515502,25156840,1,4,,U,0,,,,
27515583,25157541,1,4,,U,0,,,,
27515595,25157551,1,4,,M,1,,,,
27515508,25157480,4,5,34,M,1,,,,
27515507,25157480,3,5,33,M,1,,,,
27515506,25157480,2,5,34,M,1,,,,
27515505,25157480,1,4,,U,0,,,,
27515509,25157481,1,5,20,M,1,,,,
27515510,25157482,1,4,,U,0,,,,
27515511,25157483,1,5,50,M,1,,,,
27515513,25157484,2,5,14,F,1,,,,
27515512,25157484,1,5,17,F,1,,,,
27515514,25157485,1,4,,U,0,,,,
27515515,25157486,1,4,,U,0,,,,
27515516,25157487,1,4,,U,0,,,,
27515517,25157488,1,4,,U,0,,,,
27515518,25157489,1,5,27,F,1,,,,
27515519,25157490,1,5,19,M,0,,,,
27515520,25157491,1,4,,U,0,,,,
27515521,25157492,1,4,,U,0,,,,
27515522,25157493,1,5,20,M,1,,,,
27515523,25157494,1,5,37,M,1,,,,
27515525,25157495,2,5,20,M,1,,,,
27515524,25157495,1,5,19,M,1,,,,
27515526,25157496,1,4,,U,0,,,,
27515458,25156808,1,5,13,F,1,,,,
27515459,25156809,1,4,,U,0,,,,
27515460,25156810,1,4,,U,0,,,,
27515466,25156811,6,5,17,M,1,,,,
27515465,25156811,5,5,17,M,1,,,,
27515464,25156811,4,5,17,M,1,,,,
27515463,25156811,3,5,17,M,1,,,,
27515462,25156811,2,5,19,M,1,,,,
27515461,25156811,1,4,,U,0,,,,
27515467,25156812,1,5,22,M,1,,,,
27515468,25156813,1,5,38,M,1,,,,
27515469,25156814,1,4,,U,0,,,,
27515471,25156816,1,5,34,M,1,,,,
27515472,25156817,1,4,,U,0,,,,
27515473,25156818,1,5,52,F,1,,,,
27515474,25156819,1,4,,U,0,,,,
27515478,25156820,4,5,19,F,1,,,,
27515477,25156820,3,5,24,M,1,,,,
27515476,25156820,2,5,22,F,1,,,,
27515475,25156820,1,5,21,F,1,,,,
27515479,25156821,1,4,,U,0,,,,
27515480,25156822,1,5,36,M,1,,,,
27515482,25156824,1,4,,U,0,,,,
27515484,25156825,2,5,20,M,1,,,,
27515483,25156825,1,5,23,M,1,,,,
27515485,25156826,1,5,35,M,1,,,,
27515486,25156827,1,4,,U,0,,,,
27515488,25156828,2,5,49,M,1,,,,
27515487,25156828,1,5,33,M,1,,,,
27515489,25156829,1,4,,U,0,,,,
27515490,25156830,1,4,,U,0,,,,
27515491,25156831,1,4,,U,0,,,,
27515492,25156832,1,5,29,F,1,,,,
27515493,25156833,0,,,,,,,,
27515494,25156834,1,4,,U,0,,,,
27515497,25156835,3,5,21,M,1,,,,
27515496,25156835,2,5,22,M,2,,,,
27515495,25156835,1,5,31,M,1,,,,
27515498,25156836,1,5,20,F,1,,,,
27515499,25156837,1,5,24,M,1,,,,
27515500,25156838,1,4,,U,0,,,,
27515501,25156839,1,4,,U,0,,,,
27515504,25156841,2,5,17,F,1,,,,
27515503,25156841,1,5,18,F,1,,,,
27515528,25157497,2,4,,U,1,,,,
27515527,25157497,1,4,,M,1,,,,
27515530,25157498,2,5,20,F,1,,,,
27515529,25157498,1,5,23,M,1,,,,
27515531,25157499,1,5,54,F,1,,,,
27515532,25157500,0,,,,,,,,
27515533,25157501,1,4,,U,0,,,,
27515534,25157502,1,5,24,F,1,,,,
27515535,25157503,1,5,46,F,1,,,,
27515536,25157504,1,4,,U,0,,,,
27515537,25157505,1,5,14,M,1,,,,
27515540,25157505,4,5,14,M,1,,,,
27515539,25157505,3,5,15,M,1,,,,
27515538,25157505,2,5,14,M,1,,,,
27515541,25157506,1,5,31,M,1,,,,
27515542,25157507,1,4,,U,0,,,,
27515544,25157508,2,5,18,M,1,,,,
27515543,25157508,1,5,45,M,1,,,,
27515545,25157509,1,5,19,M,1,,,,
27515546,25157510,1,5,8,M,1,,,,
27515547,25157511,1,5,19,M,1,,,,
27515548,25157512,1,4,,U,0,,,,
27515549,25157513,1,5,25,M,1,,,,
27515553,25157514,4,5,10,M,1,,,,
27515551,25157514,2,5,12,M,1,,,,
27515550,25157514,1,5,9,M,1,,,,
27515552,25157514,3,5,11,M,0,,,,
27515554,25157515,1,5,25,M,1,,,,
27515555,25157516,1,4,,M,1,,,,
27515556,25157517,1,4,,U,0,,,,
27515557,25157518,1,5,20,F,1,,,,
27515558,25157519,1,5,28,M,1,,,,
27515559,25157520,1,5,31,M,1,,,,
27515560,25157521,1,5,18,M,2,,,,
27515561,25157522,1,4,,U,0,,,,
27515562,25157523,1,4,,U,0,,,,
27515563,25157524,1,5,15,F,1,,,,
27515565,25157525,2,5,24,F,1,,,,
27515564,25157525,1,5,22,M,1,,,,
27515566,25157526,1,5,20,M,1,,,,
27515567,25157527,1,5,18,M,1,,,,
27515569,25157528,2,5,15,M,1,,,,
27515568,25157528,1,5,15,M,1,,,,
27515571,25157529,2,5,20,M,1,,,,
27515570,25157529,1,4,,U,0,,,,
27515572,25157530,0,,,,,,,,
27515573,25157531,1,4,,U,0,,,,
27515574,25157532,1,4,,U,0,,,,
27515575,25157533,0,,,,,,,,
27515576,25157534,0,,,,,,,,
27515577,25157535,1,5,36,F,1,,,,
27515578,25157536,0,,,,,,,,
27515579,25157537,0,,,,,,,,
27515580,25157538,1,4,,U,0,,,,
27515581,25157539,1,4,,U,0,,,,
27515582,25157540,1,4,,U,0,,,,
27515584,25157542,1,5,46,M,1,,,,
27515585,25157543,1,5,20,F,1,,,,
27515586,25157544,1,5,21,M,1,,,,
27515589,25157545,3,5,18,M,1,,,,
27515588,25157545,2,5,18,M,1,,,,
27515587,25157545,1,5,18,M,1,,,,
27515590,25157546,1,4,,U,0,,,,
27515591,25157547,1,4,,U,0,,,,
27515592,25157548,1,4,,U,0,,,,
27515810,25158373,1,5,20,M,1,,,,
27515834,25158393,1,5,42,F,1,,,,
27515839,25158397,1,4,,M,1,,,,
27515840,25158397,2,5,20,M,1,,,,
27515841,25158397,3,5,24,M,1,,,,
27515596,25157552,1,4,,M,1,,,,
27515599,25157554,1,5,31,M,1,,,,
27515600,25157555,1,5,18,M,1,,,,
27515601,25157556,0,,,,,,,,
27515602,25157557,1,5,16,F,1,,,,
27515603,25157558,1,4,,U,0,,,,
27515604,25157559,1,5,34,M,1,,,,
27515605,25157560,1,4,,U,0,,,,
27515607,25157561,2,5,15,M,1,,,,
27515606,25157561,1,5,16,M,1,,,,
27515608,25157562,1,5,22,F,1,,,,
27515609,25157563,1,5,42,M,1,,,,
27515610,25157564,0,,,,,,,,
27515611,25157565,1,4,,F,1,,,,
27515612,25157566,1,4,,U,0,,,,
27515613,25157567,1,4,,U,0,,,,
27515614,25157568,1,5,40,M,1,,,,
27515615,25157569,1,5,46,M,1,,,,
27515616,25157569,2,5,35,F,1,,,,
27515617,25157570,1,5,27,F,1,,,,
27515618,25157571,1,4,,U,0,,,,
27515619,25157572,1,5,17,M,1,,,,
27515620,25157573,1,4,,U,0,,,,
27515621,25157574,1,5,32,M,1,,,,
27515622,25157575,1,4,,U,0,,,,
27515623,25157576,1,4,,U,0,,,,
27515624,25157577,1,4,,U,0,,,,
27515625,25157578,1,4,,U,0,,,,
27515626,25157579,1,4,,U,0,,,,
27515877,25158428,2,5,24,M,1,,,,
27515876,25158428,1,5,20,M,1,,,,
27515716,25158289,1,5,33,M,1,,,,
27515755,25158323,1,5,23,M,2,,,,
27516275,25160027,1,5,18,F,1,,,,
27516278,25160030,1,5,40,M,1,,,,
27516051,25159214,1,5,20,F,1,,,,
27515767,25158334,1,4,,U,0,,,,
27515768,25158335,1,5,45,M,1,,,,
27515769,25158336,1,4,,U,0,,,,
27515770,25158337,1,5,19,F,1,,,,
27515771,25158338,1,5,20,U,0,,,,
27515772,25158339,1,5,18,M,1,,,,
27515773,25158340,1,4,,U,0,,,,
27515774,25158341,1,5,35,M,1,,,,
27515775,25158342,0,,,,,,,,
27515776,25158343,1,5,18,M,1,,,,
27515778,25158344,2,5,25,F,1,,,,
27515777,25158344,1,5,25,F,1,,,,
27515780,25158345,2,5,42,F,1,,,,
27515779,25158345,1,5,30,M,1,,,,
27515781,25158346,1,5,20,M,1,,,,
27515782,25158347,1,5,20,M,2,,,,
27515783,25158348,1,5,42,M,1,,,,
27515784,25158349,1,5,42,M,1,,,,
27515786,25158351,1,4,,U,0,,,,
27515787,25158352,1,4,,U,0,,,,
27515789,25158353,2,5,54,M,1,,,,
27515788,25158353,1,5,46,F,1,,,,
27515790,25158354,1,4,,M,0,,,,
27515791,25158355,1,5,22,M,1,,,,
27515792,25158356,1,5,35,M,1,,,,
27515793,25158357,1,4,,U,0,,,,
27515795,25158358,2,4,,M,1,,,,
27515794,25158358,1,4,,M,1,,,,
27515796,25158359,1,5,24,M,1,,,,
27515797,25158360,1,4,,U,0,,,,
27515798,25158361,1,4,,U,0,,,,
27515799,25158362,1,5,19,M,1,,,,
27515800,25158363,1,4,,M,1,,,,
27515801,25158364,1,5,53,M,1,,,,
27515802,25158365,0,,,,,,,,
27515803,25158366,1,5,20,M,1,,,,
27515804,25158367,1,5,21,M,1,,,,
27515805,25158368,1,5,13,F,1,,,,
27515806,25158369,1,4,,U,0,,,,
27515807,25158370,1,4,,U,0,,,,
27515809,25158372,1,5,30,F,1,,,,
27515825,25158386,1,5,26,M,1,,,,
27515857,25158411,1,5,26,F,1,,,,
27515862,25158415,2,5,24,M,1,,,,
27515861,25158415,1,5,20,M,1,,,,
27515863,25158416,1,5,20,M,1,,,,
27515864,25158416,2,5,24,M,1,,,,
27516161,25159940,1,5,16,M,1,,,,
27515627,25157580,1,5,34,M,1,,,,
27515628,25157581,1,5,31,M,1,,,,
27515629,25157582,1,4,,U,0,,,,
27515630,25157583,1,5,21,M,1,,,,
27515631,25157584,1,5,26,M,1,,,,
27515879,25158429,2,5,24,M,1,,,,
27515878,25158429,1,5,20,M,1,,,,
27515632,25157585,1,5,47,F,1,,,,
27515633,25157586,1,5,20,M,0,,,,
27515634,25157587,1,5,16,M,1,,,,
27515635,25157588,1,4,,U,0,,,,
27515636,25157589,1,5,22,M,1,,,,
27515637,25157590,1,4,,U,0,,,,
27515638,25157591,1,5,39,M,1,,,,
27515639,25157592,1,5,19,M,1,,,,
27515640,25157593,1,4,,M,1,,,,
27515642,25157594,2,4,,M,1,,,,
27515641,25157594,1,4,,M,1,,,,
27515643,25157594,3,5,13,M,1,,,,
27515644,25157595,1,5,27,M,1,,,,
27515645,25157596,1,5,31,F,1,,,,
27515646,25157597,1,5,17,M,1,,,,
27515647,25157598,1,4,,U,0,,,,
27515648,25157599,1,5,24,M,0,,,,
27515649,25157600,1,4,,U,0,,,,
27515650,25157601,1,4,,M,1,,,,
27515652,25157602,2,5,29,F,1,,,,
27515651,25157602,1,4,,U,0,,,,
27515653,25157603,1,4,,U,0,,,,
27515654,25157604,1,5,18,M,1,,,,
27515655,25157605,1,5,16,M,1,,,,
27515656,25157606,1,5,23,M,1,,,,
27515657,25157607,1,5,23,M,1,,,,
27515658,25157608,1,5,20,U,0,,,,
27515659,25157609,1,5,20,M,0,,,,
27515660,25157610,1,5,39,M,1,,,,
27515662,25157611,2,5,14,F,1,,,,
27515661,25157611,1,5,14,F,1,,,,
27515663,25157612,1,4,,U,0,,,,
27515664,25157613,1,4,,U,0,,,,
27515665,25157614,1,5,24,M,1,,,,
27515666,25157615,1,5,25,M,1,,,,
27515667,25157615,2,4,,F,1,,,,
27515668,25157616,1,4,,U,0,,,,
27515669,25157617,1,5,19,M,1,,,,
27515670,25157618,0,,,,,,,,
27515672,25157619,2,5,21,F,1,,,,
27515671,25157619,1,5,21,M,1,,,,
27515673,25157620,1,4,,M,1,,,,
27515674,25157621,1,4,,M,1,,,,
27515676,25157622,2,5,24,M,1,,,,
27515675,25157622,1,5,20,M,1,,,,
27515677,25157623,1,4,,U,0,,,,
27515678,25157624,0,,,,,,,,
27515679,25157625,1,4,,U,0,,,,
27515681,25157625,3,5,24,M,1,,,,
27515680,25157625,2,5,20,M,1,,,,
27515682,25157626,1,5,60,M,1,,,,
27515683,25157627,1,4,,U,0,,,,
27515684,25157628,1,5,19,M,1,,,,
27515685,25157629,1,4,,U,0,,,,
27515686,25157630,1,5,37,F,1,,,,
27515687,25157631,1,5,26,F,1,,,,
27515689,25157632,2,4,,M,1,,,,
27515688,25157632,1,5,22,M,1,,,,
27515690,25157633,1,5,36,M,1,,,,
27515693,25157634,3,5,19,M,1,,,,
27515692,25157634,2,5,17,M,1,,,,
27515691,25157634,1,5,19,M,1,,,,
27515694,25157635,1,5,29,F,1,,,,
27515697,25157636,3,5,21,M,1,,,,
27515696,25157636,2,5,22,F,1,,,,
27515695,25157636,1,5,27,M,2,,,,
27515698,25157637,1,5,23,M,1,,,,
27515701,25157638,3,5,7,M,1,,,,
27515700,25157638,2,5,5,M,1,,,,
27515699,25157638,1,4,,U,0,,,,
27515712,25158285,3,5,17,M,1,,,,
27515711,25158285,2,5,17,M,1,,,,
27515710,25158285,1,5,19,M,1,,,,
27515713,25158286,1,5,31,M,1,,,,
27515714,25158287,1,4,,U,0,,,,
27515715,25158288,1,4,,U,0,,,,
27515718,25158290,2,5,14,M,1,,,,
27515717,25158290,1,5,14,M,1,,,,
27515719,25158291,1,5,24,M,1,,,,
27515721,25158292,2,5,18,M,0,,,,
27515720,25158292,1,5,19,M,0,,,,
27515722,25158293,1,5,24,M,1,,,,
27515723,25158294,1,4,,U,0,,,,
27515724,25158295,1,4,,U,0,,,,
27515725,25158296,1,4,,F,0,,,,
27515726,25158297,1,5,16,M,1,,,,
27515728,25158298,2,5,21,F,1,,,,
27515727,25158298,1,5,33,F,1,,,,
27515729,25158299,1,5,20,U,0,,,,
27515730,25158300,1,4,,U,0,,,,
27515731,25158301,1,5,14,M,1,,,,
27515732,25158302,1,4,,U,0,,,,
27515733,25158303,1,4,,M,1,,,,
27515734,25158304,1,4,,U,0,,,,
27515735,25158305,1,4,,U,0,,,,
27515736,25158306,1,4,,U,0,,,,
27515737,25158307,1,4,,U,0,,,,
27515738,25158308,1,4,,U,0,,,,
27515739,25158309,1,4,,M,1,,,,
27515740,25158310,1,4,,U,0,,,,
27515741,25158311,1,4,,U,0,,,,
27515742,25158312,0,,,,,,,,
27515743,25158313,0,,,,,,,,
27515744,25158314,1,5,33,M,1,,,,
27515745,25158315,1,5,30,M,1,,,,
27515746,25158316,1,5,19,M,1,,,,
27515747,25158317,1,5,28,F,1,,,,
27515749,25158318,2,5,27,M,1,,,,
27515748,25158318,1,5,24,F,1,,,,
27515750,25158319,1,5,61,M,1,,,,
27515751,25158320,0,,,,,,,,
27515752,25158321,1,4,,U,0,,,,
27515754,25158322,2,5,16,M,1,,,,
27515753,25158322,1,5,19,M,1,,,,
27515756,25158324,1,4,,M,0,,,,
27515757,25158325,1,4,,U,0,,,,
27515759,25158327,1,4,,U,0,,,,
27515760,25158328,1,5,27,M,1,,,,
27515762,25158329,2,4,,U,0,,,,
27515761,25158329,1,4,,M,0,,,,
27515763,25158330,1,4,,U,0,,,,
27515764,25158331,1,5,22,M,1,,,,
27515765,25158332,1,5,19,M,1,,,,
27515766,25158333,1,5,13,F,1,,,,
27515702,25157639,1,4,,U,0,,,,
27515704,25157640,2,5,16,M,1,,,,
27515703,25157640,1,5,17,M,1,,,,
27515705,25157641,1,5,59,M,1,,,,
27515706,25157642,1,4,,U,0,,,,
27515707,25157643,1,5,13,M,1,,,,
27515708,25157644,1,4,,U,0,,,,
27515709,25157645,0,,,,,,,,
27516277,25160029,1,4,,F,1,,,,
27515885,25158435,1,5,26,F,1,,,,
27515886,25158436,1,4,,U,0,,,,
27515887,25158437,1,5,32,F,1,,,,
27515888,25158438,1,4,,U,0,,,,
27515889,25158439,1,5,29,M,1,,,,
27515890,25158440,1,5,24,M,1,,,,
27515891,25158441,1,5,16,F,1,,,,
27515892,25158442,1,5,37,M,1,,,,
27515893,25158443,1,5,26,M,1,,,,
27515894,25158444,1,5,30,M,1,,,,
27515895,25158445,1,5,21,M,1,,,,
27515896,25158446,1,5,30,M,1,,,,
27515897,25158447,1,5,35,M,1,,,,
27515898,25158448,1,4,,M,1,,,,
27515899,25158449,1,5,22,M,1,,,,
27515785,25158350,1,4,,U,0,,,,
27515808,25158371,1,5,23,M,1,,,,
27515811,25158374,1,4,,U,0,,,,
27515812,25158375,1,5,38,F,1,,,,
27515813,25158376,0,,,,,,,,
27515814,25158377,1,4,,U,0,,,,
27515815,25158378,1,5,45,M,1,,,,
27515816,25158379,1,4,,U,0,,,,
27515818,25158380,2,5,42,F,1,,,,
27515817,25158380,1,5,30,M,1,,,,
27515820,25158381,2,5,54,M,1,,,,
27515819,25158381,1,5,46,F,1,,,,
27515821,25158382,0,,,,,,,,
27515822,25158383,1,5,19,F,1,,,,
27515823,25158384,1,5,38,F,1,,,,
27515824,25158385,1,5,25,F,1,,,,
27515826,25158387,1,4,,U,0,,,,
27515828,25158388,2,5,19,F,1,,,,
27515827,25158388,1,5,21,M,1,,,,
27515830,25158389,2,5,18,F,1,,,,
27515829,25158389,1,5,22,M,1,,,,
27515831,25158390,0,,,,,,,,
27515832,25158391,1,5,26,M,2,,,,
27515833,25158392,1,5,30,M,1,,,,
27515835,25158394,1,5,29,M,2,,,,
27515836,25158394,2,5,30,M,2,,,,
27515837,25158395,1,5,30,M,1,,,,
27515838,25158396,1,5,32,M,1,,,,
27515842,25158398,1,4,,U,0,,,,
27515845,25158399,3,5,14,M,1,,,,
27515844,25158399,2,5,12,M,1,,,,
27515843,25158399,1,5,12,M,1,,,,
27515846,25158400,1,4,,M,1,,,,
27515847,25158401,1,5,16,M,2,,,,
27515848,25158402,1,5,46,F,1,,,,
27515849,25158403,1,4,,U,0,,,,
27515850,25158404,1,5,14,M,1,,,,
27515851,25158405,1,5,18,M,5,,,,
27515852,25158406,1,5,14,F,1,,,,
27515853,25158407,1,5,45,M,1,,,,
27515854,25158408,1,5,18,M,1,,,,
27515855,25158409,0,,,,,,,,
27515856,25158410,0,,,,,,,,
27515858,25158412,1,5,45,M,1,,,,
27515859,25158413,1,5,27,M,1,,,,
27515860,25158414,1,5,18,M,1,,,,
27515865,25158417,1,5,40,M,1,,,,
27515866,25158418,1,4,,U,0,,,,
27515867,25158419,1,5,17,M,1,,,,
27516148,25159929,1,4,,U,0,,,,
27516150,25159931,1,4,,U,0,,,,
27515868,25158420,1,5,21,M,0,,,,
27515869,25158421,1,5,23,F,1,,,,
27515870,25158422,1,5,18,M,1,,,,
27515871,25158423,1,5,31,F,1,,,,
27515872,25158424,1,5,20,F,1,,,,
27515873,25158425,1,4,,U,0,,,,
27515874,25158426,1,5,46,M,0,,,,
27515875,25158427,1,5,20,M,1,,,,
27515880,25158430,0,,,,,,,,
27515881,25158431,1,5,27,F,1,,,,
27515882,25158432,1,5,26,F,1,,,,
27515883,25158433,1,5,28,M,1,,,,
27515884,25158434,1,5,19,M,1,,,,
27515758,25158326,1,4,,F,0,,,,
27516192,25159962,3,5,18,M,1,,,,
27516191,25159962,2,5,21,M,1,,,,
27516190,25159962,1,5,16,M,1,,,,
27515900,25159088,1,5,18,M,1,,,,
27515901,25159089,1,4,,U,0,,,,
27515902,25159090,1,5,14,M,1,,,,
27515903,25159091,1,4,,U,0,,,,
27515904,25159092,0,,,,,,,,
27515907,25159093,3,5,18,M,1,,,,
27515906,25159093,2,5,19,M,1,,,,
27515905,25159093,1,5,18,M,1,,,,
27515908,25159094,1,5,21,M,1,,,,
27515909,25159095,1,5,17,M,1,,,,
27515911,25159096,2,5,13,F,1,,,,
27515910,25159096,1,5,11,F,1,,,,
27515912,25159096,3,5,12,F,2,,,,
27515914,25159097,2,5,26,F,1,,,,
27515913,25159097,1,5,21,M,1,,,,
27515915,25159098,1,5,24,M,1,,,,
27515916,25159099,1,5,18,F,1,,,,
27515917,25159100,1,5,38,M,1,,,,
27515919,25159101,2,5,18,F,1,,,,
27515918,25159101,1,5,18,M,1,,,,
27515920,25159101,3,5,25,F,2,,,,
27515921,25159102,1,5,25,M,1,,,,
27515922,25159103,1,4,,U,0,,,,
27515923,25159104,1,5,20,M,0,,,,
27515924,25159105,1,4,,U,0,,,,
27515925,25159106,1,5,22,M,1,,,,
27515927,25159107,2,5,33,M,1,,,,
27515926,25159107,1,5,43,M,1,,,,
27515928,25159108,1,5,22,M,1,,,,
27515929,25159109,1,5,18,M,1,,,,
27515930,25159110,1,5,25,M,1,,,,
27515931,25159111,1,5,30,F,1,,,,
27515932,25159112,1,5,27,M,1,,,,
27515933,25159113,1,5,14,M,1,,,,
27515934,25159114,1,5,18,F,1,,,,
27515935,25159115,1,4,,U,0,,,,
27515936,25159116,1,4,,U,0,,,,
27515937,25159117,1,4,,U,0,,,,
27515938,25159118,1,4,,U,0,,,,
27515939,25159119,1,5,25,U,0,,,,
27515941,25159120,2,5,24,F,1,,,,
27515940,25159120,1,5,18,M,1,,,,
27515942,25159121,1,5,14,M,1,,,,
27515943,25159122,1,5,21,M,1,,,,
27515944,25159123,1,4,,U,0,,,,
27515945,25159124,1,4,,U,0,,,,
27515946,25159125,1,5,30,M,0,,,,
27515947,25159126,0,,,,,,,,
27515948,25159127,1,5,25,M,1,,,,
27515949,25159128,1,4,,U,0,,,,
27515950,25159129,1,5,31,M,1,,,,
27515952,25159130,2,5,15,M,1,,,,
27515951,25159130,1,5,17,F,1,,,,
27515955,25159130,5,4,,F,1,,,,
27515954,25159130,4,4,,M,1,,,,
27515953,25159130,3,4,,M,1,,,,
27515956,25159131,1,5,42,F,1,,,,
27515959,25159132,3,5,9,M,1,,,,
27515958,25159132,2,5,7,M,1,,,,
27515957,25159132,1,5,8,M,1,,,,
27515960,25159133,1,5,17,F,1,,,,
27515961,25159134,1,4,,U,0,,,,
27515963,25159136,1,5,16,U,0,,,,
27515964,25159137,1,4,,U,0,,,,
27515965,25159138,1,5,20,U,0,,,,
27515966,25159139,1,4,,U,0,,,,
27515967,25159140,1,4,,U,0,,,,
27515968,25159141,1,5,22,F,1,,,,
27515969,25159142,1,5,31,F,1,,,,
27515970,25159143,1,5,23,M,1,,,,
27515977,25159150,1,4,,F,1,,,,
27515999,25159170,1,4,,U,0,,,,
27516015,25159183,2,5,22,F,1,,,,
27516014,25159183,1,5,20,M,1,,,,
27516062,25159223,2,5,18,F,1,,,,
27516061,25159223,1,5,60,M,1,,,,
27516098,25159892,1,5,23,M,1,,,,
27516099,25159893,1,5,19,M,1,,,,
27516100,25159894,1,4,,M,1,,,,
27516101,25159895,1,5,14,F,1,,,,
27516103,25159896,2,5,17,M,1,,,,
27516102,25159896,1,5,17,M,1,,,,
27516104,25159897,1,4,,U,0,,,,
27516105,25159898,1,5,30,M,1,,,,
27516106,25159899,1,5,18,M,1,,,,
27516107,25159900,1,5,36,M,1,,,,
27516108,25159901,1,5,17,F,1,,,,
27516111,25159902,3,5,33,M,1,,,,
27516112,25159902,4,5,26,M,2,,,,
27516110,25159902,2,5,26,M,2,,,,
27516109,25159902,1,5,17,M,2,,,,
27516115,25159903,3,5,28,M,1,,,,
27516114,25159903,2,5,23,M,1,,,,
27516113,25159903,1,5,18,M,1,,,,
27516116,25159904,1,5,25,F,1,,,,
27516118,25159905,2,5,22,F,0,,,,
27516117,25159905,1,5,22,M,0,,,,
27516119,25159906,1,5,26,F,1,,,,
27516124,25159907,5,5,20,F,1,,,,
27516123,25159907,4,5,16,F,1,,,,
27516122,25159907,3,5,18,M,1,,,,
27516121,25159907,2,5,18,M,1,,,,
27516120,25159907,1,5,16,M,1,,,,
27516125,25159908,1,4,,U,0,,,,
27516126,25159909,1,5,22,M,1,,,,
27516127,25159910,1,4,,U,0,,,,
27516128,25159911,1,4,,U,0,,,,
27516129,25159912,1,4,,U,0,,,,
27516130,25159913,1,5,20,M,1,,,,
27516131,25159914,1,5,18,U,0,,,,
27516132,25159915,1,5,26,M,1,,,,
27516133,25159916,1,4,,U,0,,,,
27516138,25159921,0,,,,,,,,
27516139,25159922,1,5,19,M,1,,,,
27516145,25159926,1,4,,M,1,,,,
27516162,25159941,1,5,16,F,1,,,,
27516185,25159957,1,4,,U,0,,,,
27516205,25159968,1,5,46,M,1,,,,
27516270,25160022,1,5,29,F,1,,,,
27516273,25160025,1,5,22,M,1,,,,
27516276,25160028,1,5,32,F,1,,,,
27515962,25159135,1,4,,U,0,,,,
27515971,25159144,1,4,,U,0,,,,
27515972,25159145,1,4,,U,0,,,,
27515973,25159146,1,4,,U,0,,,,
27515974,25159147,1,5,20,M,1,,,,
27515975,25159148,1,4,,U,0,,,,
27515976,25159149,1,5,17,M,1,,,,
27515978,25159151,1,5,18,U,0,,,,
27515979,25159152,1,5,20,M,1,,,,
27515980,25159153,1,4,,U,0,,,,
27515981,25159154,1,4,,U,0,,,,
27515982,25159155,1,5,34,M,1,,,,
27515983,25159156,1,5,18,M,1,,,,
27515984,25159156,2,5,18,M,1,,,,
27515985,25159157,1,5,27,F,1,,,,
27515986,25159158,1,5,50,M,1,,,,
27515987,25159159,1,5,43,M,1,,,,
27515988,25159160,1,5,32,F,1,,,,
27515989,25159161,1,5,24,M,1,,,,
27515991,25159162,2,5,41,M,1,,,,
27515990,25159162,1,5,41,M,0,,,,
27515992,25159163,1,5,21,M,1,,,,
27515993,25159164,1,5,24,M,1,,,,
27515994,25159165,1,5,22,M,1,,,,
27515995,25159166,1,4,,U,0,,,,
27515996,25159167,1,5,20,U,0,,,,
27515997,25159168,1,4,,U,0,,,,
27515998,25159169,1,4,,U,0,,,,
27516000,25159171,1,5,38,M,1,,,,
27516002,25159172,2,5,18,M,1,,,,
27516001,25159172,1,5,17,M,1,,,,
27516003,25159173,1,5,20,F,1,,,,
27516004,25159174,1,5,36,M,1,,,,
27516005,25159175,1,4,,U,0,,,,
27516006,25159176,1,4,,U,0,,,,
27516007,25159177,1,5,27,F,1,,,,
27516009,25159178,2,4,,M,1,,,,
27516008,25159178,1,4,,F,1,,,,
27516010,25159179,0,,,,,,,,
27516011,25159180,1,4,,M,0,,,,
27516012,25159181,0,,,,,,,,
27516013,25159182,1,5,35,F,1,,,,
27516016,25159184,1,5,31,M,1,,,,
27516018,25159185,2,5,18,M,1,,,,
27516017,25159185,1,5,18,M,1,,,,
27516020,25159186,2,5,18,M,1,,,,
27516019,25159186,1,5,18,M,1,,,,
27516021,25159187,1,4,,U,0,,,,
27516022,25159188,1,4,,U,0,,,,
27516023,25159189,1,4,,U,0,,,,
27516024,25159190,1,5,37,M,1,,,,
27516025,25159191,0,,,,,,,,
27516026,25159192,1,5,22,M,1,,,,
27516027,25159193,1,5,18,M,1,,,,
27516028,25159194,1,4,,U,0,,,,
27516029,25159195,1,5,47,M,1,,,,
27516031,25159196,2,5,14,F,1,,,,
27516030,25159196,1,5,14,F,1,,,,
27516032,25159197,1,4,,U,0,,,,
27516033,25159198,1,5,23,M,1,,,,
27516034,25159199,1,5,66,M,1,,,,
27516035,25159200,1,5,19,M,1,,,,
27516036,25159201,1,5,28,M,1,,,,
27516037,25159202,1,5,15,U,0,,,,
27516039,25159203,2,5,19,F,1,,,,
27516038,25159203,1,5,34,F,1,,,,
27516040,25159204,1,4,,U,0,,,,
27516041,25159205,1,5,26,M,1,,,,
27516042,25159206,1,5,21,M,1,,,,
27516043,25159207,1,5,23,M,1,,,,
27516044,25159208,0,,,,,,,,
27516046,25159209,2,5,19,F,1,,,,
27516045,25159209,1,5,16,F,1,,,,
27516047,25159210,1,5,37,M,1,,,,
27516048,25159211,1,5,14,M,1,,,,
27516049,25159212,1,4,,U,0,,,,
27516050,25159213,1,4,,U,0,,,,
27516052,25159215,1,5,18,F,1,,,,
27516053,25159216,1,4,,U,0,,,,
27516055,25159217,2,5,23,F,1,,,,
27516054,25159217,1,5,25,M,1,,,,
27516056,25159218,1,5,19,M,1,,,,
27516057,25159219,1,5,24,M,1,,,,
27516058,25159220,1,4,,U,0,,,,
27516059,25159221,1,4,,U,0,,,,
27516060,25159222,1,5,17,M,1,,,,
27516064,25159224,2,5,16,M,1,,,,
27516063,25159224,1,5,17,M,1,,,,
27516065,25159225,1,5,26,M,1,,,,
27516066,25159225,2,5,41,M,0,,,,
27516067,25159226,1,4,,U,0,,,,
27516068,25159227,1,5,27,M,1,,,,
27516069,25159228,1,5,27,M,1,,,,
27516070,25159229,1,5,18,U,0,,,,
27516071,25159230,1,4,,M,0,,,,
27516072,25159231,1,5,40,M,2,,,,
27516073,25159232,1,4,,M,1,,,,
27516074,25159233,1,5,24,M,1,,,,
27516075,25159234,1,5,33,F,1,,,,
27516076,25159234,2,5,19,M,2,,,,
27516077,25159235,1,5,22,M,1,,,,
27516078,25159236,1,5,54,M,0,,,,
27516079,25159237,1,5,17,F,1,,,,
27516080,25159238,1,5,28,M,1,,,,
27516081,25159239,1,5,23,M,1,,,,
27516083,25159240,2,5,27,F,1,,,,
27516082,25159240,1,5,23,F,1,,,,
27516084,25159241,1,5,31,M,1,,,,
27516085,25159242,1,5,18,M,1,,,,
27516086,25159243,1,5,18,M,1,,,,
27516087,25159244,1,5,31,M,1,,,,
27516088,25159245,1,4,,U,0,,,,
27516089,25159246,1,4,,U,0,,,,
27516090,25159247,1,4,,U,0,,,,
27516091,25159248,1,5,16,F,1,,,,
27516092,25159248,2,5,15,F,1,,,,
27516093,25159249,1,5,20,M,1,,,,
27516094,25159250,1,5,43,M,1,,,,
27516095,25159251,1,5,28,F,1,,,,
27516096,25159252,1,4,,U,0,,,,
27516097,25159253,1,4,,U,0,,,,
27516134,25159917,1,5,21,U,0,,,,
27516135,25159918,1,5,28,F,1,,,,
27516136,25159919,1,5,24,M,1,,,,
27516137,25159920,1,5,26,M,1,,,,
27516140,25159923,1,4,,U,0,,,,
27516141,25159924,1,4,,U,0,,,,
27516143,25159925,2,5,16,M,0,,,,
27516144,25159925,3,5,18,M,1,,,,
27516142,25159925,1,5,15,M,1,,,,
27516146,25159927,1,4,,U,0,,,,
27516147,25159928,1,4,,U,0,,,,
27516149,25159930,1,5,19,M,1,,,,
27516151,25159932,1,4,,U,0,,,,
27516153,25159933,2,5,18,M,1,,,,
27516152,25159933,1,5,18,M,1,,,,
27516154,25159934,1,5,24,F,1,,,,
27516155,25159935,1,4,,U,0,,,,
27516156,25159936,1,5,43,F,1,,,,
27516157,25159937,1,5,16,M,1,,,,
27516159,25159938,2,5,32,F,1,,,,
27516158,25159938,1,5,37,M,1,,,,
27516160,25159939,1,5,39,M,1,,,,
27516163,25159942,1,4,,U,0,,,,
27516164,25159943,0,,,,,,,,
27516166,25159944,2,5,30,F,1,,,,
27516165,25159944,1,5,35,M,1,,,,
27516167,25159945,1,5,15,F,1,,,,
27516168,25159946,1,5,20,F,1,,,,
27516169,25159947,1,4,,U,0,,,,
27516170,25159948,1,5,20,U,0,,,,
27516171,25159949,1,4,,U,0,,,,
27516172,25159950,1,5,18,M,1,,,,
27516173,25159951,1,5,22,F,1,,,,
27516174,25159952,1,5,35,M,1,,,,
27516175,25159953,1,4,,U,0,,,,
27516182,25159954,7,5,21,M,1,,,,
27516181,25159954,6,5,18,M,1,,,,
27516180,25159954,5,5,20,F,1,,,,
27516179,25159954,4,5,22,M,1,,,,
27516177,25159954,2,5,21,M,1,,,,
27516176,25159954,1,5,22,M,1,,,,
27516178,25159954,3,5,23,M,1,,,,
27516183,25159955,1,5,19,M,1,,,,
27516184,25159956,1,5,14,F,1,,,,
27516186,25159958,1,5,42,F,1,,,,
27516187,25159959,1,4,,U,0,,,,
27516188,25159960,1,5,45,M,1,,,,
27516189,25159961,1,5,23,F,1,,,,
27516193,25159963,1,4,,U,0,,,,
27516195,25159964,2,5,18,F,2,,,,
27516194,25159964,1,5,17,M,2,,,,
27516197,25159965,2,5,42,M,1,,,,
27516196,25159965,1,5,38,F,1,,,,
27516203,25159966,6,5,19,M,1,,,,
27516200,25159966,3,5,15,M,1,,,,
27516201,25159966,4,5,15,M,0,,,,
27516199,25159966,2,4,,U,0,,,,
27516202,25159966,5,4,,M,1,,,,
27516198,25159966,1,4,,U,0,,,,
27516204,25159967,1,4,,U,0,,,,
27516206,25159969,1,4,,U,0,,,,
27516207,25159970,1,5,22,M,1,,,,
27516208,25159971,1,4,,U,0,,,,
27516209,25159972,1,5,36,F,1,,,,
27516210,25159973,1,5,18,M,1,,,,
27516211,25159974,1,5,28,F,1,,,,
27516212,25159975,1,4,,U,0,,,,
27516213,25159976,1,4,,U,0,,,,
27516215,25159977,2,5,20,F,1,,,,
27516214,25159977,1,5,26,M,1,,,,
27516216,25159978,1,5,17,M,1,,,,
27516217,25159979,1,5,26,M,1,,,,
27516218,25159980,1,5,24,M,1,,,,
27516219,25159981,1,5,42,F,1,,,,
27516220,25159982,1,5,21,M,1,,,,
27516222,25159983,2,4,,M,1,,,,
27516221,25159983,1,4,,U,1,,,,
27516223,25159984,1,4,,U,0,,,,
27516224,25159985,1,5,25,F,1,,,,
27516226,25159985,3,5,25,M,2,,,,
27516225,25159985,2,5,36,M,2,,,,
27516227,25159986,1,4,,U,0,,,,
27516228,25159987,1,4,,U,0,,,,
27516229,25159988,1,5,23,F,1,,,,
27516230,25159989,1,4,,U,0,,,,
27516231,25159990,1,5,18,F,1,,,,
27516232,25159991,0,,,,,,,,
27516233,25159992,1,5,22,M,1,,,,
27516234,25159993,1,4,,U,0,,,,
27516235,25159994,1,5,30,F,1,,,,
27516236,25159995,1,5,24,M,1,,,,
27516237,25159996,1,5,22,M,1,,,,
27516238,25159997,1,5,46,M,1,,,,
27516239,25159998,1,4,,U,0,,,,
27516240,25159999,1,5,19,M,0,,,,
27516241,25160000,1,5,20,M,1,,,,
27516242,25160001,1,5,21,U,0,,,,
27516244,25160002,2,5,15,F,1,,,,
27516243,25160002,1,5,21,F,1,,,,
27516245,25160003,1,5,18,M,1,,,,
27516246,25160004,1,5,46,M,1,,,,
27516249,25160005,3,5,17,M,1,,,,
27516248,25160005,2,5,20,M,1,,,,
27516247,25160005,1,5,18,M,1,,,,
27516250,25160006,1,5,28,M,1,,,,
27516251,25160007,0,,,,,,,,
27516252,25160008,1,4,,M,1,,,,
27516253,25160009,1,5,35,M,1,,,,
27516254,25160010,1,4,,U,0,,,,
27516256,25160011,2,5,24,M,1,,,,
27516255,25160011,1,5,23,M,1,,,,
27516259,25160012,3,5,15,F,1,,,,
27516258,25160012,2,5,14,F,1,,,,
27516257,25160012,1,5,14,F,1,,,,
27516261,25160013,2,5,16,M,1,,,,
27516260,25160013,1,5,17,M,1,,,,
27516262,25160014,1,4,,U,0,,,,
27516263,25160015,1,5,17,M,1,,,,
27516264,25160016,1,5,27,F,1,,,,
27516265,25160017,1,5,35,M,1,,,,
27516266,25160018,1,4,,U,0,,,,
27516267,25160019,1,4,,U,0,,,,
27516268,25160020,1,4,,U,0,,,,
27516269,25160021,1,4,,U,0,,,,
27516271,25160023,1,4,,U,0,,,,
27516272,25160024,1,5,19,M,1,,,,
27516274,25160026,1,5,14,M,1,,,,
27516279,25160031,1,5,14,M,1,,,,
27516359,25160737,3,5,14,F,1,,,,
27516358,25160737,2,5,14,M,1,,,,
27516357,25160737,1,5,18,M,1,,,,
27516379,25160755,1,5,21,M,1,,,,
27516380,25160756,1,5,77,F,1,,,,
27516381,25160757,1,5,47,M,1,,,,
27516360,25160738,1,5,38,F,1,,,,
27516361,25160739,1,5,20,M,1,,,,
27516362,25160740,1,5,28,F,1,,,,
27516383,25160758,2,5,27,M,1,,,,
27516382,25160758,1,5,26,M,1,,,,
27516386,25160759,3,5,19,F,1,,,,
27516385,25160759,2,5,19,M,1,,,,
27516384,25160759,1,5,16,M,1,,,,
27516387,25160760,0,,,,,,,,
27516388,25160761,1,5,15,M,1,,,,
27516390,25160762,2,5,74,F,1,,,,
27516389,25160762,1,5,77,M,1,,,,
27516391,25160763,0,,,,,,,,
27516392,25160764,0,,,,,,,,
27516393,25160765,0,,,,,,,,
27516395,25160766,2,5,36,M,1,,,,
27516394,25160766,1,5,36,F,1,,,,
27516396,25160767,1,5,9,M,0,,,,
27516397,25160768,1,5,26,M,1,,,,
27516398,25160769,1,5,33,F,1,,,,
27516399,25160770,0,,,,,,,,
27516400,25160771,0,,,,,,,,
27516401,25160772,0,,,,,,,,
27516402,25160773,1,5,16,M,1,,,,
27516403,25160774,0,,,,,,,,
27516404,25160775,0,,,,,,,,
27516405,25160776,0,,,,,,,,
27516406,25160777,0,,,,,,,,
27516407,25160778,0,,,,,,,,
27516408,25160779,0,,,,,,,,
27516410,25160780,2,5,44,M,1,,,,
27516409,25160780,1,5,42,M,1,,,,
27516411,25160781,0,,,,,,,,
27516412,25160782,0,,,,,,,,
27516413,25160783,0,,,,,,,,
27516414,25160784,0,,,,,,,,
27516415,25160785,0,,,,,,,,
27516416,25160786,1,5,17,M,1,,,,
27516417,25160787,0,,,,,,,,
27516418,25160788,1,5,49,M,1,,,,
27516419,25160789,1,5,21,M,1,,,,
27516420,25160790,0,,,,,,,,
27516421,25160791,1,5,21,M,1,,,,
27516422,25160792,0,,,,,,,,
27516423,25160793,1,5,33,F,1,,,,
27516424,25160794,1,5,15,M,1,,,,
27516425,25160795,0,,,,,,,,
27516426,25160796,0,,,,,,,,
27516427,25160797,0,,,,,,,,
27516428,25160798,0,,,,,,,,
27516429,25160799,0,,,,,,,,
27516430,25160800,0,,,,,,,,
27516431,25160801,1,5,23,M,1,,,,
27516432,25160802,0,,,,,,,,
27516433,25160803,1,5,21,M,1,,,,
27516436,25160805,0,,,,,,,,
27516437,25160806,0,,,,,,,,
27516438,25160807,0,,,,,,,,
27516439,25160808,0,,,,,,,,
27516440,25160809,0,,,,,,,,
27516441,25160810,0,,,,,,,,
27516442,25160811,0,,,,,,,,
27516443,25160812,0,,,,,,,,
27516444,25160813,0,,,,,,,,
27516445,25160814,0,,,,,,,,
27516446,25160815,0,,,,,,,,
27516447,25160816,1,5,33,F,1,,,,
27516448,25160817,1,5,26,M,1,,,,
27516449,25160818,0,,,,,,,,
27516450,25160819,1,5,59,F,1,,,,
27516451,25160820,1,5,75,M,1,,,,
27516452,25160821,0,,,,,,,,
27516453,25160822,0,,,,,,,,
27516454,25160823,1,5,18,M,1,,,,
27516455,25160824,1,5,56,F,1,,,,
27516456,25160825,1,5,21,M,1,,,,
27516457,25160826,1,5,11,M,1,,,,
27516458,25160827,1,5,45,M,1,,,,
27516459,25160828,1,5,43,F,1,,,,
27516460,25160829,0,,,,,,,,
27516461,25160830,1,5,26,M,1,,,,
27516462,25160831,0,,,,,,,,
27516463,25160832,1,5,26,M,1,,,,
27516465,25160833,2,5,13,M,1,,,,
27516464,25160833,1,5,11,M,1,,,,
27516466,25160834,0,,,,,,,,
27516467,25160835,1,5,37,M,1,,,,
27516468,25160836,1,5,16,M,1,,,,
27516469,25160837,1,5,23,M,1,,,,
27516470,25160838,1,5,15,M,1,,,,
27516471,25160839,0,,,,,,,,
27516472,25160840,1,5,37,M,1,,,,
27516473,25160841,0,,,,,,,,
27516474,25160842,0,,,,,,,,
27516475,25160843,1,5,64,M,1,,,,
27516476,25160844,1,4,,F,1,,,,
27516480,25160848,1,5,42,F,1,,,,
27516363,25160741,1,5,28,F,1,,,,
27516364,25160742,1,5,15,M,1,,,,
27516365,25160743,1,5,18,M,1,,,,
27516366,25160744,1,5,27,M,2,,,,
27516435,25160804,2,5,16,M,1,,,,
27516434,25160804,1,5,16,M,0,,,,
27516477,25160845,1,5,25,M,1,,,,
27516478,25160846,1,5,20,M,1,,,,
27516479,25160847,0,,,,,,,,
27516481,25160849,0,,,,,,,,
27516482,25160850,1,5,15,M,1,,,,
27516483,25160851,0,,,,,,,,
27516486,25160852,3,5,7,M,2,,,,
27516485,25160852,2,5,9,M,1,,,,
27516484,25160852,1,5,7,M,1,,,,
27516487,25160853,0,,,,,,,,
27516488,25160854,0,,,,,,,,
27516489,25160855,1,5,30,M,1,,,,
27516490,25160856,0,,,,,,,,
27516280,25160032,0,,,,,,,,
27516281,25160033,0,,,,,,,,
27516282,25160034,1,5,42,F,1,,,,
27516283,25160035,0,,,,,,,,
27516285,25160036,2,5,16,M,1,,,,
27516284,25160036,1,5,18,M,1,,,,
27516286,25160037,1,5,16,M,1,,,,
27516287,25160038,0,,,,,,,,
27516288,25160039,0,,,,,,,,
27516289,25160040,1,5,22,F,1,,,,
27516290,25160041,1,5,32,M,1,,,,
27516291,25160042,0,,,,,,,,
27516292,25160043,0,,,,,,,,
27516293,25160044,0,,,,,,,,
27516294,25160045,0,,,,,,,,
27516297,25160048,1,5,19,M,1,,,,
27516295,25160046,1,5,48,M,1,,,,
27516296,25160047,0,,,,,,,,
27516298,25160049,1,5,33,M,1,,,,
27516299,25160050,0,,,,,,,,
27516300,25160051,0,,,,,,,,
27516301,25160052,0,,,,,,,,
27516302,25160053,0,,,,,,,,
27516367,25160745,1,5,38,M,1,,,,
27516368,25160746,1,5,45,F,1,,,,
27516369,25160747,1,5,22,M,1,,,,
27516370,25160748,1,5,18,M,1,,,,
27516371,25160749,1,5,41,M,1,,,,
27516306,25160697,0,,,,,,,,
27516307,25160698,0,,,,,,,,
27516308,25160699,1,5,16,M,1,,,,
27516309,25160700,1,5,27,F,1,,,,
27516310,25160701,1,5,18,M,1,,,,
27516311,25160701,2,5,16,M,1,,,,
27516316,25160702,5,5,14,F,1,,,,
27516315,25160702,4,5,13,F,1,,,,
27516314,25160702,3,5,13,F,1,,,,
27516313,25160702,2,5,14,M,1,,,,
27516312,25160702,1,5,14,M,1,,,,
27516317,25160702,6,5,14,F,1,,,,
27516318,25160703,1,5,14,F,2,,,,
27516319,25160704,0,,,,,,,,
27516320,25160705,1,5,11,M,1,,,,
27516321,25160706,1,5,11,M,1,,,,
27516303,25160054,0,,,,,,,,
27516304,25160055,0,,,,,,,,
27516305,25160056,1,5,52,M,1,,,,
27516322,25160707,0,,,,,,,,
27516323,25160708,0,,,,,,,,
27516324,25160709,1,5,46,M,1,,,,
27516325,25160710,0,,,,,,,,
27516326,25160711,0,,,,,,,,
27516327,25160712,0,,,,,,,,
27516328,25160713,0,,,,,,,,
27516329,25160714,0,,,,,,,,
27516330,25160715,1,5,28,M,1,,,,
27516331,25160716,0,,,,,,,,
27516332,25160717,1,5,16,M,1,,,,
27516372,25160750,1,5,25,M,1,,,,
27516337,25160718,5,4,,F,1,,,,
27516336,25160718,4,5,16,M,1,,,,
27516335,25160718,3,5,42,F,1,,,,
27516334,25160718,2,5,60,M,1,,,,
27516333,25160718,1,5,30,F,1,,,,
27516338,25160719,1,5,26,M,0,,,,
27516339,25160720,0,,,,,,,,
27516340,25160721,1,5,16,M,1,,,,
27516341,25160722,0,,,,,,,,
27516342,25160723,1,5,43,M,1,,,,
27516343,25160724,1,5,26,F,1,,,,
27516344,25160725,1,5,40,M,1,,,,
27516345,25160726,0,,,,,,,,
27516346,25160727,1,5,26,F,1,,,,
27516347,25160728,1,5,39,M,1,,,,
27516348,25160729,0,,,,,,,,
27516349,25160730,0,,,,,,,,
27516350,25160731,0,,,,,,,,
27516352,25160732,2,5,59,M,1,,,,
27516351,25160732,1,5,48,M,1,,,,
27516353,25160733,1,5,22,M,1,,,,
27516354,25160734,0,,,,,,,,
27516355,25160735,0,,,,,,,,
27516356,25160736,0,,,,,,,,
27516373,25160751,1,5,36,M,1,,,,
27516375,25160752,2,5,15,F,1,,,,
27516374,25160752,1,5,30,F,1,,,,
27516377,25160753,2,5,49,F,1,,,,
27516376,25160753,1,5,23,M,1,,,,
27516378,25160754,1,5,42,M,1,,,,
27515351,25156733,2,5,23,M,1,,,,
27515350,25156733,1,5,22,M,1,,,,
27515352,25156734,1,4,,M,1,,,,
27515355,25156737,0,,,,,,,,
27515357,25156739,0,,,,,,,,
27515361,25156743,0,,,,,,,,
27515349,25156732,1,5,19,F,1,,,,
27515353,25156735,0,,,,,,,,
27515354,25156736,0,,,,,,,,
27515356,25156738,1,5,52,M,1,,,,
27515358,25156740,0,,,,,,,,
27515359,25156741,0,,,,,,,,
27515360,25156742,1,5,50,M,1,,,,
27515405,25156774,0,,,,,,,,
27515363,25156744,2,5,31,M,1,,,,
27515362,25156744,1,5,33,M,1,,,,
27515364,25156745,0,,,,,,,,
27515365,25156746,0,,,,,,,,
27515366,25156747,1,5,50,M,1,,,,
27515373,25156754,0,,,,,,,,
27515367,25156748,1,5,21,M,1,,,,
27515368,25156749,0,,,,,,,,
27515369,25156750,0,,,,,,,,
27515370,25156751,0,,,,,,,,
27515371,25156752,1,5,35,F,1,,,,
27515372,25156753,1,5,18,M,1,,,,
27515374,25156755,0,,,,,,,,
27515375,25156756,0,,,,,,,,
27515376,25156757,0,,,,,,,,
27515377,25156758,0,,,,,,,,
27515378,25156759,0,,,,,,,,
27515381,25156760,3,5,23,M,1,,,,
27515380,25156760,2,5,22,F,1,,,,
27515379,25156760,1,5,22,M,1,,,,
27515382,25156761,1,5,45,M,1,,,,
27515383,25156762,0,,,,,,,,
27515388,25156763,5,5,16,F,1,,,,
27515387,25156763,4,5,18,M,1,,,,
27515386,25156763,3,5,18,M,1,,,,
27515385,25156763,2,5,19,M,1,,,,
27515384,25156763,1,5,18,M,1,,,,
27515389,25156764,0,,,,,,,,
27515390,25156765,0,,,,,,,,
27515391,25156766,0,,,,,,,,
27515392,25156767,0,,,,,,,,
27515393,25156768,0,,,,,,,,
27515394,25156769,0,,,,,,,,
27515395,25156770,1,5,16,M,1,,,,
27515396,25156770,2,5,16,M,1,,,,
27515399,25156771,3,5,16,F,1,,,,
27515398,25156771,2,5,16,F,1,,,,
27515397,25156771,1,5,16,M,1,,,,
27515400,25156772,0,,,,,,,,
27515403,25156773,3,5,58,M,1,,,,
27515402,25156773,2,5,27,F,1,,,,
27515401,25156773,1,5,55,M,1,,,,
27515404,25156773,4,5,40,F,1,,,,
