nibrs_month_id,agency_id,month_num,data_year,reported_status,report_date,prepared_date,update_flag,orig_format,ff_line_number,data_home,ddocname,did
6115870,879,1,2013,U,,,N,F,,C,2013_01_AZ0100400_NIBRS,
6138202,879,2,2013,U,,,N,F,,C,2013_02_AZ0100400_NIBRS,
6160534,879,3,2013,U,,,N,F,,C,2013_03_AZ0100400_NIBRS,
6182866,879,4,2013,U,,,N,F,,C,2013_04_AZ0100400_NIBRS,
6205198,879,5,2013,U,,,N,F,,C,2013_05_AZ0100400_NIBRS,
6227530,879,6,2013,U,,,N,F,,C,2013_06_AZ0100400_NIBRS,
6249862,879,7,2013,U,,,N,F,,C,2013_07_AZ0100400_NIBRS,
6272194,879,8,2013,U,,,N,F,,C,2013_08_AZ0100400_NIBRS,
6294526,879,9,2013,U,,,N,F,,C,2013_09_AZ0100400_NIBRS,
6316858,879,10,2013,U,,,N,F,,C,2013_10_AZ0100400_NIBRS,
6339190,879,11,2013,U,,,N,F,,C,2013_11_AZ0100400_NIBRS,
6361522,879,12,2013,U,,,N,F,,C,2013_12_AZ0100400_NIBRS,
6115871,880,1,2013,U,,,N,F,,C,2013_01_AZ0100600_NIBRS,
6138203,880,2,2013,U,,,N,F,,C,2013_02_AZ0100600_NIBRS,
6160535,880,3,2013,U,,,N,F,,C,2013_03_AZ0100600_NIBRS,
6182867,880,4,2013,U,,,N,F,,C,2013_04_AZ0100600_NIBRS,
6205199,880,5,2013,U,,,N,F,,C,2013_05_AZ0100600_NIBRS,
6227531,880,6,2013,U,,,N,F,,C,2013_06_AZ0100600_NIBRS,
6249863,880,7,2013,U,,,N,F,,C,2013_07_AZ0100600_NIBRS,
6272195,880,8,2013,U,,,N,F,,C,2013_08_AZ0100600_NIBRS,
6294527,880,9,2013,U,,,N,F,,C,2013_09_AZ0100600_NIBRS,
6316859,880,10,2013,U,,,N,F,,C,2013_10_AZ0100600_NIBRS,
6339191,880,11,2013,U,,,N,F,,C,2013_11_AZ0100600_NIBRS,
6361523,880,12,2013,U,,,N,F,,C,2013_12_AZ0100600_NIBRS,
6115872,881,1,2013,U,,,N,F,,C,2013_01_AZ0100700_NIBRS,
6138204,881,2,2013,U,,,N,F,,C,2013_02_AZ0100700_NIBRS,
6160536,881,3,2013,U,,,N,F,,C,2013_03_AZ0100700_NIBRS,
6182868,881,4,2013,U,,,N,F,,C,2013_04_AZ0100700_NIBRS,
6205200,881,5,2013,U,,,N,F,,C,2013_05_AZ0100700_NIBRS,
6227532,881,6,2013,U,,,N,F,,C,2013_06_AZ0100700_NIBRS,
6249864,881,7,2013,U,,,N,F,,C,2013_07_AZ0100700_NIBRS,
6272196,881,8,2013,U,,,N,F,,C,2013_08_AZ0100700_NIBRS,
6294528,881,9,2013,U,,,N,F,,C,2013_09_AZ0100700_NIBRS,
6316860,881,10,2013,U,,,N,F,,C,2013_10_AZ0100700_NIBRS,
6339192,881,11,2013,U,,,N,F,,C,2013_11_AZ0100700_NIBRS,
6361524,881,12,2013,U,,,N,F,,C,2013_12_AZ0100700_NIBRS,
6115873,882,1,2013,U,,,N,F,,C,2013_01_AZ0100900_NIBRS,
6138205,882,2,2013,U,,,N,F,,C,2013_02_AZ0100900_NIBRS,
6160537,882,3,2013,U,,,N,F,,C,2013_03_AZ0100900_NIBRS,
6182869,882,4,2013,U,,,N,F,,C,2013_04_AZ0100900_NIBRS,
6205201,882,5,2013,U,,,N,F,,C,2013_05_AZ0100900_NIBRS,
6227533,882,6,2013,U,,,N,F,,C,2013_06_AZ0100900_NIBRS,
6249865,882,7,2013,U,,,N,F,,C,2013_07_AZ0100900_NIBRS,
6272197,882,8,2013,U,,,N,F,,C,2013_08_AZ0100900_NIBRS,
6294529,882,9,2013,U,,,N,F,,C,2013_09_AZ0100900_NIBRS,
6316861,882,10,2013,U,,,N,F,,C,2013_10_AZ0100900_NIBRS,
6339193,882,11,2013,U,,,N,F,,C,2013_11_AZ0100900_NIBRS,
6361525,882,12,2013,U,,,N,F,,C,2013_12_AZ0100900_NIBRS,
6115874,883,1,2013,U,,,N,F,,C,2013_01_AZ0101000_NIBRS,
6138206,883,2,2013,U,,,N,F,,C,2013_02_AZ0101000_NIBRS,
6160538,883,3,2013,U,,,N,F,,C,2013_03_AZ0101000_NIBRS,
6182870,883,4,2013,U,,,N,F,,C,2013_04_AZ0101000_NIBRS,
6205202,883,5,2013,U,,,N,F,,C,2013_05_AZ0101000_NIBRS,
6227534,883,6,2013,U,,,N,F,,C,2013_06_AZ0101000_NIBRS,
6249866,883,7,2013,U,,,N,F,,C,2013_07_AZ0101000_NIBRS,
6272198,883,8,2013,U,,,N,F,,C,2013_08_AZ0101000_NIBRS,
6294530,883,9,2013,U,,,N,F,,C,2013_09_AZ0101000_NIBRS,
6316862,883,10,2013,U,,,N,F,,C,2013_10_AZ0101000_NIBRS,
6339194,883,11,2013,U,,,N,F,,C,2013_11_AZ0101000_NIBRS,
6361526,883,12,2013,U,,,N,F,,C,2013_12_AZ0101000_NIBRS,
6115875,884,1,2013,U,,,N,F,,C,2013_01_AZ0101200_NIBRS,
6138207,884,2,2013,U,,,N,F,,C,2013_02_AZ0101200_NIBRS,
6160539,884,3,2013,U,,,N,F,,C,2013_03_AZ0101200_NIBRS,
6182871,884,4,2013,U,,,N,F,,C,2013_04_AZ0101200_NIBRS,
6205203,884,5,2013,U,,,N,F,,C,2013_05_AZ0101200_NIBRS,
6227535,884,6,2013,U,,,N,F,,C,2013_06_AZ0101200_NIBRS,
6249867,884,7,2013,U,,,N,F,,C,2013_07_AZ0101200_NIBRS,
6272199,884,8,2013,U,,,N,F,,C,2013_08_AZ0101200_NIBRS,
6294531,884,9,2013,U,,,N,F,,C,2013_09_AZ0101200_NIBRS,
6316863,884,10,2013,U,,,N,F,,C,2013_10_AZ0101200_NIBRS,
6339195,884,11,2013,U,,,N,F,,C,2013_11_AZ0101200_NIBRS,
6361527,884,12,2013,U,,,N,F,,C,2013_12_AZ0101200_NIBRS,
6115876,885,1,2013,U,,,N,F,,C,2013_01_AZ0109700_NIBRS,
6138208,885,2,2013,U,,,N,F,,C,2013_02_AZ0109700_NIBRS,
6160540,885,3,2013,U,,,N,F,,C,2013_03_AZ0109700_NIBRS,
6182872,885,4,2013,U,,,N,F,,C,2013_04_AZ0109700_NIBRS,
6205204,885,5,2013,U,,,N,F,,C,2013_05_AZ0109700_NIBRS,
6227536,885,6,2013,U,,,N,F,,C,2013_06_AZ0109700_NIBRS,
6249868,885,7,2013,U,,,N,F,,C,2013_07_AZ0109700_NIBRS,
6272200,885,8,2013,U,,,N,F,,C,2013_08_AZ0109700_NIBRS,
6294532,885,9,2013,U,,,N,F,,C,2013_09_AZ0109700_NIBRS,
6316864,885,10,2013,U,,,N,F,,C,2013_10_AZ0109700_NIBRS,
6339196,885,11,2013,U,,,N,F,,C,2013_11_AZ0109700_NIBRS,
6361528,885,12,2013,U,,,N,F,,C,2013_12_AZ0109700_NIBRS,
6115877,886,1,2013,U,,,N,F,,C,2013_01_AZ0109800_NIBRS,
6138209,886,2,2013,U,,,N,F,,C,2013_02_AZ0109800_NIBRS,
6160541,886,3,2013,U,,,N,F,,C,2013_03_AZ0109800_NIBRS,
6182873,886,4,2013,U,,,N,F,,C,2013_04_AZ0109800_NIBRS,
6205205,886,5,2013,U,,,N,F,,C,2013_05_AZ0109800_NIBRS,
6227537,886,6,2013,U,,,N,F,,C,2013_06_AZ0109800_NIBRS,
6249869,886,7,2013,U,,,N,F,,C,2013_07_AZ0109800_NIBRS,
6272201,886,8,2013,U,,,N,F,,C,2013_08_AZ0109800_NIBRS,
6294533,886,9,2013,U,,,N,F,,C,2013_09_AZ0109800_NIBRS,
6316865,886,10,2013,U,,,N,F,,C,2013_10_AZ0109800_NIBRS,
6339197,886,11,2013,U,,,N,F,,C,2013_11_AZ0109800_NIBRS,
6361529,886,12,2013,U,,,N,F,,C,2013_12_AZ0109800_NIBRS,
6115878,887,1,2013,U,,,N,F,,C,2013_01_AZ0110000_NIBRS,
6138210,887,2,2013,U,,,N,F,,C,2013_02_AZ0110000_NIBRS,
6160542,887,3,2013,U,,,N,F,,C,2013_03_AZ0110000_NIBRS,
6182874,887,4,2013,U,,,N,F,,C,2013_04_AZ0110000_NIBRS,
6205206,887,5,2013,U,,,N,F,,C,2013_05_AZ0110000_NIBRS,
6227538,887,6,2013,U,,,N,F,,C,2013_06_AZ0110000_NIBRS,
6249870,887,7,2013,U,,,N,F,,C,2013_07_AZ0110000_NIBRS,
6272202,887,8,2013,U,,,N,F,,C,2013_08_AZ0110000_NIBRS,
6294534,887,9,2013,U,,,N,F,,C,2013_09_AZ0110000_NIBRS,
6316866,887,10,2013,U,,,N,F,,C,2013_10_AZ0110000_NIBRS,
6339198,887,11,2013,U,,,N,F,,C,2013_11_AZ0110000_NIBRS,
6361530,887,12,2013,U,,,N,F,,C,2013_12_AZ0110000_NIBRS,
6115879,888,1,2013,U,,,N,F,,C,2013_01_AZ0110100_NIBRS,
6138211,888,2,2013,U,,,N,F,,C,2013_02_AZ0110100_NIBRS,
6160543,888,3,2013,U,,,N,F,,C,2013_03_AZ0110100_NIBRS,
6182875,888,4,2013,U,,,N,F,,C,2013_04_AZ0110100_NIBRS,
6205207,888,5,2013,U,,,N,F,,C,2013_05_AZ0110100_NIBRS,
6227539,888,6,2013,U,,,N,F,,C,2013_06_AZ0110100_NIBRS,
6249871,888,7,2013,U,,,N,F,,C,2013_07_AZ0110100_NIBRS,
6272203,888,8,2013,U,,,N,F,,C,2013_08_AZ0110100_NIBRS,
6294535,888,9,2013,U,,,N,F,,C,2013_09_AZ0110100_NIBRS,
6316867,888,10,2013,U,,,N,F,,C,2013_10_AZ0110100_NIBRS,
6339199,888,11,2013,U,,,N,F,,C,2013_11_AZ0110100_NIBRS,
6361531,888,12,2013,U,,,N,F,,C,2013_12_AZ0110100_NIBRS,
6115880,889,1,2013,U,,,N,F,,C,2013_01_AZ0110300_NIBRS,
6138212,889,2,2013,U,,,N,F,,C,2013_02_AZ0110300_NIBRS,
6160544,889,3,2013,U,,,N,F,,C,2013_03_AZ0110300_NIBRS,
6182876,889,4,2013,U,,,N,F,,C,2013_04_AZ0110300_NIBRS,
6205208,889,5,2013,U,,,N,F,,C,2013_05_AZ0110300_NIBRS,
6227540,889,6,2013,U,,,N,F,,C,2013_06_AZ0110300_NIBRS,
6249872,889,7,2013,U,,,N,F,,C,2013_07_AZ0110300_NIBRS,
6272204,889,8,2013,U,,,N,F,,C,2013_08_AZ0110300_NIBRS,
6294536,889,9,2013,U,,,N,F,,C,2013_09_AZ0110300_NIBRS,
6316868,889,10,2013,U,,,N,F,,C,2013_10_AZ0110300_NIBRS,
6339200,889,11,2013,U,,,N,F,,C,2013_11_AZ0110300_NIBRS,
6361532,889,12,2013,U,,,N,F,,C,2013_12_AZ0110300_NIBRS,
6115881,890,1,2013,U,,,N,F,,C,2013_01_AZ0110500_NIBRS,
6138213,890,2,2013,U,,,N,F,,C,2013_02_AZ0110500_NIBRS,
6160545,890,3,2013,U,,,N,F,,C,2013_03_AZ0110500_NIBRS,
6182877,890,4,2013,U,,,N,F,,C,2013_04_AZ0110500_NIBRS,
6205209,890,5,2013,U,,,N,F,,C,2013_05_AZ0110500_NIBRS,
6227541,890,6,2013,U,,,N,F,,C,2013_06_AZ0110500_NIBRS,
6249873,890,7,2013,U,,,N,F,,C,2013_07_AZ0110500_NIBRS,
6272205,890,8,2013,U,,,N,F,,C,2013_08_AZ0110500_NIBRS,
6294537,890,9,2013,U,,,N,F,,C,2013_09_AZ0110500_NIBRS,
6316869,890,10,2013,U,,,N,F,,C,2013_10_AZ0110500_NIBRS,
6339201,890,11,2013,U,,,N,F,,C,2013_11_AZ0110500_NIBRS,
6361533,890,12,2013,U,,,N,F,,C,2013_12_AZ0110500_NIBRS,
6115882,891,1,2013,U,,,N,F,,C,2013_01_AZ0110700_NIBRS,
6138214,891,2,2013,U,,,N,F,,C,2013_02_AZ0110700_NIBRS,
6160546,891,3,2013,U,,,N,F,,C,2013_03_AZ0110700_NIBRS,
6182878,891,4,2013,U,,,N,F,,C,2013_04_AZ0110700_NIBRS,
6205210,891,5,2013,U,,,N,F,,C,2013_05_AZ0110700_NIBRS,
6227542,891,6,2013,U,,,N,F,,C,2013_06_AZ0110700_NIBRS,
6249874,891,7,2013,U,,,N,F,,C,2013_07_AZ0110700_NIBRS,
6272206,891,8,2013,U,,,N,F,,C,2013_08_AZ0110700_NIBRS,
6294538,891,9,2013,U,,,N,F,,C,2013_09_AZ0110700_NIBRS,
6316870,891,10,2013,U,,,N,F,,C,2013_10_AZ0110700_NIBRS,
6339202,891,11,2013,U,,,N,F,,C,2013_11_AZ0110700_NIBRS,
6361534,891,12,2013,U,,,N,F,,C,2013_12_AZ0110700_NIBRS,
6115883,892,1,2013,U,,,N,F,,C,2013_01_AZ0110900_NIBRS,
6138215,892,2,2013,U,,,N,F,,C,2013_02_AZ0110900_NIBRS,
6160547,892,3,2013,U,,,N,F,,C,2013_03_AZ0110900_NIBRS,
6182879,892,4,2013,U,,,N,F,,C,2013_04_AZ0110900_NIBRS,
6205211,892,5,2013,U,,,N,F,,C,2013_05_AZ0110900_NIBRS,
6227543,892,6,2013,U,,,N,F,,C,2013_06_AZ0110900_NIBRS,
6249875,892,7,2013,U,,,N,F,,C,2013_07_AZ0110900_NIBRS,
6272207,892,8,2013,U,,,N,F,,C,2013_08_AZ0110900_NIBRS,
6294539,892,9,2013,U,,,N,F,,C,2013_09_AZ0110900_NIBRS,
6316871,892,10,2013,U,,,N,F,,C,2013_10_AZ0110900_NIBRS,
6339203,892,11,2013,U,,,N,F,,C,2013_11_AZ0110900_NIBRS,
6361535,892,12,2013,U,,,N,F,,C,2013_12_AZ0110900_NIBRS,
6115884,893,1,2013,U,,,N,F,,C,2013_01_AZ0111100_NIBRS,
6138216,893,2,2013,U,,,N,F,,C,2013_02_AZ0111100_NIBRS,
6160548,893,3,2013,U,,,N,F,,C,2013_03_AZ0111100_NIBRS,
6182880,893,4,2013,U,,,N,F,,C,2013_04_AZ0111100_NIBRS,
6205212,893,5,2013,U,,,N,F,,C,2013_05_AZ0111100_NIBRS,
6227544,893,6,2013,U,,,N,F,,C,2013_06_AZ0111100_NIBRS,
6249876,893,7,2013,U,,,N,F,,C,2013_07_AZ0111100_NIBRS,
6272208,893,8,2013,U,,,N,F,,C,2013_08_AZ0111100_NIBRS,
6294540,893,9,2013,U,,,N,F,,C,2013_09_AZ0111100_NIBRS,
6316872,893,10,2013,U,,,N,F,,C,2013_10_AZ0111100_NIBRS,
6339204,893,11,2013,U,,,N,F,,C,2013_11_AZ0111100_NIBRS,
6361536,893,12,2013,U,,,N,F,,C,2013_12_AZ0111100_NIBRS,
6115885,894,1,2013,U,,,N,F,,C,2013_01_AZ0111200_NIBRS,
6138217,894,2,2013,U,,,N,F,,C,2013_02_AZ0111200_NIBRS,
6160549,894,3,2013,U,,,N,F,,C,2013_03_AZ0111200_NIBRS,
6182881,894,4,2013,U,,,N,F,,C,2013_04_AZ0111200_NIBRS,
6205213,894,5,2013,U,,,N,F,,C,2013_05_AZ0111200_NIBRS,
6227545,894,6,2013,U,,,N,F,,C,2013_06_AZ0111200_NIBRS,
6249877,894,7,2013,U,,,N,F,,C,2013_07_AZ0111200_NIBRS,
6272209,894,8,2013,U,,,N,F,,C,2013_08_AZ0111200_NIBRS,
6294541,894,9,2013,U,,,N,F,,C,2013_09_AZ0111200_NIBRS,
6316873,894,10,2013,U,,,N,F,,C,2013_10_AZ0111200_NIBRS,
6339205,894,11,2013,U,,,N,F,,C,2013_11_AZ0111200_NIBRS,
6361537,894,12,2013,U,,,N,F,,C,2013_12_AZ0111200_NIBRS,
6115886,895,1,2013,I,,,N,F,,C,2013_01_AZ0111300_NIBRS,
6138218,895,2,2013,I,,,N,F,,C,2013_02_AZ0111300_NIBRS,
6160550,895,3,2013,I,,,N,F,,C,2013_03_AZ0111300_NIBRS,
6182882,895,4,2013,I,,,N,F,,C,2013_04_AZ0111300_NIBRS,
6205214,895,5,2013,I,,,N,F,,C,2013_05_AZ0111300_NIBRS,
6227546,895,6,2013,I,,,N,F,,C,2013_06_AZ0111300_NIBRS,
6249878,895,7,2013,I,,,N,F,,C,2013_07_AZ0111300_NIBRS,
6272210,895,8,2013,I,,,N,F,,C,2013_08_AZ0111300_NIBRS,
6294542,895,9,2013,I,,,N,F,,C,2013_09_AZ0111300_NIBRS,
6316874,895,10,2013,I,,,N,F,,C,2013_10_AZ0111300_NIBRS,
6339206,895,11,2013,I,,,N,F,,C,2013_11_AZ0111300_NIBRS,
6361538,895,12,2013,I,,,N,F,,C,2013_12_AZ0111300_NIBRS,
6115887,896,1,2013,U,,,N,F,,C,2013_01_AZ0111500_NIBRS,
6138219,896,2,2013,U,,,N,F,,C,2013_02_AZ0111500_NIBRS,
6160551,896,3,2013,U,,,N,F,,C,2013_03_AZ0111500_NIBRS,
6182883,896,4,2013,U,,,N,F,,C,2013_04_AZ0111500_NIBRS,
6205215,896,5,2013,U,,,N,F,,C,2013_05_AZ0111500_NIBRS,
6227547,896,6,2013,U,,,N,F,,C,2013_06_AZ0111500_NIBRS,
6249879,896,7,2013,U,,,N,F,,C,2013_07_AZ0111500_NIBRS,
6272211,896,8,2013,U,,,N,F,,C,2013_08_AZ0111500_NIBRS,
6294543,896,9,2013,U,,,N,F,,C,2013_09_AZ0111500_NIBRS,
6316875,896,10,2013,U,,,N,F,,C,2013_10_AZ0111500_NIBRS,
6339207,896,11,2013,U,,,N,F,,C,2013_11_AZ0111500_NIBRS,
6361539,896,12,2013,U,,,N,F,,C,2013_12_AZ0111500_NIBRS,
6115888,897,1,2013,U,,,N,F,,C,2013_01_AZ0111700_NIBRS,
6138220,897,2,2013,U,,,N,F,,C,2013_02_AZ0111700_NIBRS,
6160552,897,3,2013,U,,,N,F,,C,2013_03_AZ0111700_NIBRS,
6182884,897,4,2013,U,,,N,F,,C,2013_04_AZ0111700_NIBRS,
6205216,897,5,2013,U,,,N,F,,C,2013_05_AZ0111700_NIBRS,
6227548,897,6,2013,U,,,N,F,,C,2013_06_AZ0111700_NIBRS,
6249880,897,7,2013,U,,,N,F,,C,2013_07_AZ0111700_NIBRS,
6272212,897,8,2013,U,,,N,F,,C,2013_08_AZ0111700_NIBRS,
6294544,897,9,2013,U,,,N,F,,C,2013_09_AZ0111700_NIBRS,
6316876,897,10,2013,U,,,N,F,,C,2013_10_AZ0111700_NIBRS,
6339208,897,11,2013,U,,,N,F,,C,2013_11_AZ0111700_NIBRS,
6361540,897,12,2013,U,,,N,F,,C,2013_12_AZ0111700_NIBRS,
6115889,898,1,2013,U,,,N,F,,C,2013_01_AZ0119700_NIBRS,
6138221,898,2,2013,U,,,N,F,,C,2013_02_AZ0119700_NIBRS,
6160553,898,3,2013,U,,,N,F,,C,2013_03_AZ0119700_NIBRS,
6182885,898,4,2013,U,,,N,F,,C,2013_04_AZ0119700_NIBRS,
6205217,898,5,2013,U,,,N,F,,C,2013_05_AZ0119700_NIBRS,
6227549,898,6,2013,U,,,N,F,,C,2013_06_AZ0119700_NIBRS,
6249881,898,7,2013,U,,,N,F,,C,2013_07_AZ0119700_NIBRS,
6272213,898,8,2013,U,,,N,F,,C,2013_08_AZ0119700_NIBRS,
6294545,898,9,2013,U,,,N,F,,C,2013_09_AZ0119700_NIBRS,
6316877,898,10,2013,U,,,N,F,,C,2013_10_AZ0119700_NIBRS,
6339209,898,11,2013,U,,,N,F,,C,2013_11_AZ0119700_NIBRS,
6361541,898,12,2013,U,,,N,F,,C,2013_12_AZ0119700_NIBRS,
6115890,899,1,2013,U,,,N,F,,C,2013_01_AZ0120000_NIBRS,
6138222,899,2,2013,U,,,N,F,,C,2013_02_AZ0120000_NIBRS,
6160554,899,3,2013,U,,,N,F,,C,2013_03_AZ0120000_NIBRS,
6182886,899,4,2013,U,,,N,F,,C,2013_04_AZ0120000_NIBRS,
6205218,899,5,2013,U,,,N,F,,C,2013_05_AZ0120000_NIBRS,
6227550,899,6,2013,U,,,N,F,,C,2013_06_AZ0120000_NIBRS,
6249882,899,7,2013,U,,,N,F,,C,2013_07_AZ0120000_NIBRS,
6272214,899,8,2013,U,,,N,F,,C,2013_08_AZ0120000_NIBRS,
6294546,899,9,2013,U,,,N,F,,C,2013_09_AZ0120000_NIBRS,
6316878,899,10,2013,U,,,N,F,,C,2013_10_AZ0120000_NIBRS,
6339210,899,11,2013,U,,,N,F,,C,2013_11_AZ0120000_NIBRS,
6361542,899,12,2013,U,,,N,F,,C,2013_12_AZ0120000_NIBRS,
6115891,900,1,2013,U,,,N,F,,C,2013_01_AZ0120100_NIBRS,
6138223,900,2,2013,U,,,N,F,,C,2013_02_AZ0120100_NIBRS,
6160555,900,3,2013,U,,,N,F,,C,2013_03_AZ0120100_NIBRS,
6182887,900,4,2013,U,,,N,F,,C,2013_04_AZ0120100_NIBRS,
6205219,900,5,2013,U,,,N,F,,C,2013_05_AZ0120100_NIBRS,
6227551,900,6,2013,U,,,N,F,,C,2013_06_AZ0120100_NIBRS,
6249883,900,7,2013,U,,,N,F,,C,2013_07_AZ0120100_NIBRS,
6272215,900,8,2013,U,,,N,F,,C,2013_08_AZ0120100_NIBRS,
6294547,900,9,2013,U,,,N,F,,C,2013_09_AZ0120100_NIBRS,
6316879,900,10,2013,U,,,N,F,,C,2013_10_AZ0120100_NIBRS,
6339211,900,11,2013,U,,,N,F,,C,2013_11_AZ0120100_NIBRS,
6361543,900,12,2013,U,,,N,F,,C,2013_12_AZ0120100_NIBRS,
6115892,901,1,2013,U,,,N,F,,C,2013_01_AZ0120300_NIBRS,
6138224,901,2,2013,U,,,N,F,,C,2013_02_AZ0120300_NIBRS,
6160556,901,3,2013,U,,,N,F,,C,2013_03_AZ0120300_NIBRS,
6182888,901,4,2013,U,,,N,F,,C,2013_04_AZ0120300_NIBRS,
6205220,901,5,2013,U,,,N,F,,C,2013_05_AZ0120300_NIBRS,
6227552,901,6,2013,U,,,N,F,,C,2013_06_AZ0120300_NIBRS,
6249884,901,7,2013,U,,,N,F,,C,2013_07_AZ0120300_NIBRS,
6272216,901,8,2013,U,,,N,F,,C,2013_08_AZ0120300_NIBRS,
6294548,901,9,2013,U,,,N,F,,C,2013_09_AZ0120300_NIBRS,
6316880,901,10,2013,U,,,N,F,,C,2013_10_AZ0120300_NIBRS,
6339212,901,11,2013,U,,,N,F,,C,2013_11_AZ0120300_NIBRS,
6361544,901,12,2013,U,,,N,F,,C,2013_12_AZ0120300_NIBRS,
6115893,902,1,2013,U,,,N,F,,C,2013_01_AZ0130000_NIBRS,
6138225,902,2,2013,U,,,N,F,,C,2013_02_AZ0130000_NIBRS,
6160557,902,3,2013,U,,,N,F,,C,2013_03_AZ0130000_NIBRS,
6182889,902,4,2013,U,,,N,F,,C,2013_04_AZ0130000_NIBRS,
6205221,902,5,2013,U,,,N,F,,C,2013_05_AZ0130000_NIBRS,
6227553,902,6,2013,U,,,N,F,,C,2013_06_AZ0130000_NIBRS,
6249885,902,7,2013,U,,,N,F,,C,2013_07_AZ0130000_NIBRS,
6272217,902,8,2013,U,,,N,F,,C,2013_08_AZ0130000_NIBRS,
6294549,902,9,2013,U,,,N,F,,C,2013_09_AZ0130000_NIBRS,
6316881,902,10,2013,U,,,N,F,,C,2013_10_AZ0130000_NIBRS,
6339213,902,11,2013,U,,,N,F,,C,2013_11_AZ0130000_NIBRS,
6361545,902,12,2013,U,,,N,F,,C,2013_12_AZ0130000_NIBRS,
6115894,903,1,2013,U,,,N,F,,C,2013_01_AZ0130100_NIBRS,
6138226,903,2,2013,U,,,N,F,,C,2013_02_AZ0130100_NIBRS,
6160558,903,3,2013,U,,,N,F,,C,2013_03_AZ0130100_NIBRS,
6182890,903,4,2013,U,,,N,F,,C,2013_04_AZ0130100_NIBRS,
6205222,903,5,2013,U,,,N,F,,C,2013_05_AZ0130100_NIBRS,
6227554,903,6,2013,U,,,N,F,,C,2013_06_AZ0130100_NIBRS,
6249886,903,7,2013,U,,,N,F,,C,2013_07_AZ0130100_NIBRS,
6272218,903,8,2013,U,,,N,F,,C,2013_08_AZ0130100_NIBRS,
6294550,903,9,2013,U,,,N,F,,C,2013_09_AZ0130100_NIBRS,
6316882,903,10,2013,U,,,N,F,,C,2013_10_AZ0130100_NIBRS,
6339214,903,11,2013,U,,,N,F,,C,2013_11_AZ0130100_NIBRS,
6361546,903,12,2013,U,,,N,F,,C,2013_12_AZ0130100_NIBRS,
6115895,904,1,2013,U,,,N,F,,C,2013_01_AZ0130300_NIBRS,
6138227,904,2,2013,U,,,N,F,,C,2013_02_AZ0130300_NIBRS,
6160559,904,3,2013,U,,,N,F,,C,2013_03_AZ0130300_NIBRS,
6182891,904,4,2013,U,,,N,F,,C,2013_04_AZ0130300_NIBRS,
6205223,904,5,2013,U,,,N,F,,C,2013_05_AZ0130300_NIBRS,
6227555,904,6,2013,U,,,N,F,,C,2013_06_AZ0130300_NIBRS,
6249887,904,7,2013,U,,,N,F,,C,2013_07_AZ0130300_NIBRS,
6272219,904,8,2013,U,,,N,F,,C,2013_08_AZ0130300_NIBRS,
6294551,904,9,2013,U,,,N,F,,C,2013_09_AZ0130300_NIBRS,
6316883,904,10,2013,U,,,N,F,,C,2013_10_AZ0130300_NIBRS,
6339215,904,11,2013,U,,,N,F,,C,2013_11_AZ0130300_NIBRS,
6361547,904,12,2013,U,,,N,F,,C,2013_12_AZ0130300_NIBRS,
6115896,905,1,2013,U,,,N,F,,C,2013_01_AZ0130500_NIBRS,
6138228,905,2,2013,U,,,N,F,,C,2013_02_AZ0130500_NIBRS,
6160560,905,3,2013,U,,,N,F,,C,2013_03_AZ0130500_NIBRS,
6182892,905,4,2013,U,,,N,F,,C,2013_04_AZ0130500_NIBRS,
6205224,905,5,2013,U,,,N,F,,C,2013_05_AZ0130500_NIBRS,
6227556,905,6,2013,U,,,N,F,,C,2013_06_AZ0130500_NIBRS,
6249888,905,7,2013,U,,,N,F,,C,2013_07_AZ0130500_NIBRS,
6272220,905,8,2013,U,,,N,F,,C,2013_08_AZ0130500_NIBRS,
6294552,905,9,2013,U,,,N,F,,C,2013_09_AZ0130500_NIBRS,
6316884,905,10,2013,U,,,N,F,,C,2013_10_AZ0130500_NIBRS,
6339216,905,11,2013,U,,,N,F,,C,2013_11_AZ0130500_NIBRS,
6361548,905,12,2013,U,,,N,F,,C,2013_12_AZ0130500_NIBRS,
6115897,906,1,2013,U,,,N,F,,C,2013_01_AZ0130700_NIBRS,
6138229,906,2,2013,U,,,N,F,,C,2013_02_AZ0130700_NIBRS,
6160561,906,3,2013,U,,,N,F,,C,2013_03_AZ0130700_NIBRS,
6182893,906,4,2013,U,,,N,F,,C,2013_04_AZ0130700_NIBRS,
6205225,906,5,2013,U,,,N,F,,C,2013_05_AZ0130700_NIBRS,
6227557,906,6,2013,U,,,N,F,,C,2013_06_AZ0130700_NIBRS,
6249889,906,7,2013,U,,,N,F,,C,2013_07_AZ0130700_NIBRS,
6272221,906,8,2013,U,,,N,F,,C,2013_08_AZ0130700_NIBRS,
6294553,906,9,2013,U,,,N,F,,C,2013_09_AZ0130700_NIBRS,
6316885,906,10,2013,U,,,N,F,,C,2013_10_AZ0130700_NIBRS,
6339217,906,11,2013,U,,,N,F,,C,2013_11_AZ0130700_NIBRS,
6361549,906,12,2013,U,,,N,F,,C,2013_12_AZ0130700_NIBRS,
6115898,907,1,2013,U,,,N,F,,C,2013_01_AZ0130800_NIBRS,
6138230,907,2,2013,U,,,N,F,,C,2013_02_AZ0130800_NIBRS,
6160562,907,3,2013,U,,,N,F,,C,2013_03_AZ0130800_NIBRS,
6182894,907,4,2013,U,,,N,F,,C,2013_04_AZ0130800_NIBRS,
6205226,907,5,2013,U,,,N,F,,C,2013_05_AZ0130800_NIBRS,
6227558,907,6,2013,U,,,N,F,,C,2013_06_AZ0130800_NIBRS,
6249890,907,7,2013,U,,,N,F,,C,2013_07_AZ0130800_NIBRS,
6272222,907,8,2013,U,,,N,F,,C,2013_08_AZ0130800_NIBRS,
6294554,907,9,2013,U,,,N,F,,C,2013_09_AZ0130800_NIBRS,
6316886,907,10,2013,U,,,N,F,,C,2013_10_AZ0130800_NIBRS,
6339218,907,11,2013,U,,,N,F,,C,2013_11_AZ0130800_NIBRS,
6361550,907,12,2013,U,,,N,F,,C,2013_12_AZ0130800_NIBRS,
6115899,908,1,2013,U,,,N,F,,C,2013_01_AZ0131100_NIBRS,
6138231,908,2,2013,U,,,N,F,,C,2013_02_AZ0131100_NIBRS,
6160563,908,3,2013,U,,,N,F,,C,2013_03_AZ0131100_NIBRS,
6182895,908,4,2013,U,,,N,F,,C,2013_04_AZ0131100_NIBRS,
6205227,908,5,2013,U,,,N,F,,C,2013_05_AZ0131100_NIBRS,
6227559,908,6,2013,U,,,N,F,,C,2013_06_AZ0131100_NIBRS,
6249891,908,7,2013,U,,,N,F,,C,2013_07_AZ0131100_NIBRS,
6272223,908,8,2013,U,,,N,F,,C,2013_08_AZ0131100_NIBRS,
6294555,908,9,2013,U,,,N,F,,C,2013_09_AZ0131100_NIBRS,
6316887,908,10,2013,U,,,N,F,,C,2013_10_AZ0131100_NIBRS,
6339219,908,11,2013,U,,,N,F,,C,2013_11_AZ0131100_NIBRS,
6361551,908,12,2013,U,,,N,F,,C,2013_12_AZ0131100_NIBRS,
6115900,909,1,2013,U,,,N,F,,C,2013_01_AZ0131200_NIBRS,
6138232,909,2,2013,U,,,N,F,,C,2013_02_AZ0131200_NIBRS,
6160564,909,3,2013,U,,,N,F,,C,2013_03_AZ0131200_NIBRS,
6182896,909,4,2013,U,,,N,F,,C,2013_04_AZ0131200_NIBRS,
6205228,909,5,2013,U,,,N,F,,C,2013_05_AZ0131200_NIBRS,
6227560,909,6,2013,U,,,N,F,,C,2013_06_AZ0131200_NIBRS,
6249892,909,7,2013,U,,,N,F,,C,2013_07_AZ0131200_NIBRS,
6272224,909,8,2013,U,,,N,F,,C,2013_08_AZ0131200_NIBRS,
6294556,909,9,2013,U,,,N,F,,C,2013_09_AZ0131200_NIBRS,
6316888,909,10,2013,U,,,N,F,,C,2013_10_AZ0131200_NIBRS,
6339220,909,11,2013,U,,,N,F,,C,2013_11_AZ0131200_NIBRS,
6361552,909,12,2013,U,,,N,F,,C,2013_12_AZ0131200_NIBRS,
6115901,910,1,2013,U,,,N,F,,C,2013_01_AZ0131300_NIBRS,
6138233,910,2,2013,U,,,N,F,,C,2013_02_AZ0131300_NIBRS,
6160565,910,3,2013,U,,,N,F,,C,2013_03_AZ0131300_NIBRS,
6182897,910,4,2013,U,,,N,F,,C,2013_04_AZ0131300_NIBRS,
6205229,910,5,2013,U,,,N,F,,C,2013_05_AZ0131300_NIBRS,
6227561,910,6,2013,U,,,N,F,,C,2013_06_AZ0131300_NIBRS,
6249893,910,7,2013,U,,,N,F,,C,2013_07_AZ0131300_NIBRS,
6272225,910,8,2013,U,,,N,F,,C,2013_08_AZ0131300_NIBRS,
6294557,910,9,2013,U,,,N,F,,C,2013_09_AZ0131300_NIBRS,
6316889,910,10,2013,U,,,N,F,,C,2013_10_AZ0131300_NIBRS,
6339221,910,11,2013,U,,,N,F,,C,2013_11_AZ0131300_NIBRS,
6361553,910,12,2013,U,,,N,F,,C,2013_12_AZ0131300_NIBRS,
6115902,911,1,2013,U,,,N,F,,C,2013_01_AZ0131400_NIBRS,
6138234,911,2,2013,U,,,N,F,,C,2013_02_AZ0131400_NIBRS,
6160566,911,3,2013,U,,,N,F,,C,2013_03_AZ0131400_NIBRS,
6182898,911,4,2013,U,,,N,F,,C,2013_04_AZ0131400_NIBRS,
6205230,911,5,2013,U,,,N,F,,C,2013_05_AZ0131400_NIBRS,
6227562,911,6,2013,U,,,N,F,,C,2013_06_AZ0131400_NIBRS,
6249894,911,7,2013,U,,,N,F,,C,2013_07_AZ0131400_NIBRS,
6272226,911,8,2013,U,,,N,F,,C,2013_08_AZ0131400_NIBRS,
6294558,911,9,2013,U,,,N,F,,C,2013_09_AZ0131400_NIBRS,
6316890,911,10,2013,U,,,N,F,,C,2013_10_AZ0131400_NIBRS,
6339222,911,11,2013,U,,,N,F,,C,2013_11_AZ0131400_NIBRS,
6361554,911,12,2013,U,,,N,F,,C,2013_12_AZ0131400_NIBRS,
6115903,912,1,2013,I,,,N,F,,C,2013_01_AZ0140000_NIBRS,
6138235,912,2,2013,I,,,N,F,,C,2013_02_AZ0140000_NIBRS,
6160567,912,3,2013,I,,,N,F,,C,2013_03_AZ0140000_NIBRS,
6182899,912,4,2013,I,,,N,F,,C,2013_04_AZ0140000_NIBRS,
6205231,912,5,2013,I,,,N,F,,C,2013_05_AZ0140000_NIBRS,
6227563,912,6,2013,I,,,N,F,,C,2013_06_AZ0140000_NIBRS,
6249895,912,7,2013,I,,,N,F,,C,2013_07_AZ0140000_NIBRS,
6272227,912,8,2013,I,,,N,F,,C,2013_08_AZ0140000_NIBRS,
6294559,912,9,2013,I,,,N,F,,C,2013_09_AZ0140000_NIBRS,
6316891,912,10,2013,I,,,N,F,,C,2013_10_AZ0140000_NIBRS,
6339223,912,11,2013,I,,,N,F,,C,2013_11_AZ0140000_NIBRS,
6361555,912,12,2013,I,,,N,F,,C,2013_12_AZ0140000_NIBRS,
6115904,913,1,2013,U,,,N,F,,C,2013_01_AZ0140300_NIBRS,
6138236,913,2,2013,U,,,N,F,,C,2013_02_AZ0140300_NIBRS,
6160568,913,3,2013,U,,,N,F,,C,2013_03_AZ0140300_NIBRS,
6182900,913,4,2013,U,,,N,F,,C,2013_04_AZ0140300_NIBRS,
6205232,913,5,2013,U,,,N,F,,C,2013_05_AZ0140300_NIBRS,
6227564,913,6,2013,U,,,N,F,,C,2013_06_AZ0140300_NIBRS,
6249896,913,7,2013,U,,,N,F,,C,2013_07_AZ0140300_NIBRS,
6272228,913,8,2013,U,,,N,F,,C,2013_08_AZ0140300_NIBRS,
6294560,913,9,2013,U,,,N,F,,C,2013_09_AZ0140300_NIBRS,
6316892,913,10,2013,U,,,N,F,,C,2013_10_AZ0140300_NIBRS,
6339224,913,11,2013,U,,,N,F,,C,2013_11_AZ0140300_NIBRS,
6361556,913,12,2013,U,,,N,F,,C,2013_12_AZ0140300_NIBRS,
6115905,914,1,2013,I,,,N,F,,C,2013_01_AZ0140500_NIBRS,
6138237,914,2,2013,I,,,N,F,,C,2013_02_AZ0140500_NIBRS,
6160569,914,3,2013,I,,,N,F,,C,2013_03_AZ0140500_NIBRS,
6182901,914,4,2013,I,,,N,F,,C,2013_04_AZ0140500_NIBRS,
6205233,914,5,2013,I,,,N,F,,C,2013_05_AZ0140500_NIBRS,
6227565,914,6,2013,I,,,N,F,,C,2013_06_AZ0140500_NIBRS,
6249897,914,7,2013,I,,,N,F,,C,2013_07_AZ0140500_NIBRS,
6272229,914,8,2013,I,,,N,F,,C,2013_08_AZ0140500_NIBRS,
6294561,914,9,2013,I,,,N,F,,C,2013_09_AZ0140500_NIBRS,
6316893,914,10,2013,I,,,N,F,,C,2013_10_AZ0140500_NIBRS,
6339225,914,11,2013,I,,,N,F,,C,2013_11_AZ0140500_NIBRS,
6361557,914,12,2013,I,,,N,F,,C,2013_12_AZ0140500_NIBRS,
6115906,915,1,2013,U,,,N,F,,C,2013_01_AZ0140700_NIBRS,
6138238,915,2,2013,U,,,N,F,,C,2013_02_AZ0140700_NIBRS,
6160570,915,3,2013,U,,,N,F,,C,2013_03_AZ0140700_NIBRS,
6182902,915,4,2013,U,,,N,F,,C,2013_04_AZ0140700_NIBRS,
6205234,915,5,2013,U,,,N,F,,C,2013_05_AZ0140700_NIBRS,
6227566,915,6,2013,U,,,N,F,,C,2013_06_AZ0140700_NIBRS,
6249898,915,7,2013,U,,,N,F,,C,2013_07_AZ0140700_NIBRS,
6272230,915,8,2013,U,,,N,F,,C,2013_08_AZ0140700_NIBRS,
6294562,915,9,2013,U,,,N,F,,C,2013_09_AZ0140700_NIBRS,
6316894,915,10,2013,U,,,N,F,,C,2013_10_AZ0140700_NIBRS,
6339226,915,11,2013,U,,,N,F,,C,2013_11_AZ0140700_NIBRS,
6361558,915,12,2013,U,,,N,F,,C,2013_12_AZ0140700_NIBRS,
6115907,916,1,2013,U,,,N,F,,C,2013_01_AZ0140800_NIBRS,
6138239,916,2,2013,U,,,N,F,,C,2013_02_AZ0140800_NIBRS,
6160571,916,3,2013,U,,,N,F,,C,2013_03_AZ0140800_NIBRS,
6182903,916,4,2013,U,,,N,F,,C,2013_04_AZ0140800_NIBRS,
6205235,916,5,2013,U,,,N,F,,C,2013_05_AZ0140800_NIBRS,
6227567,916,6,2013,U,,,N,F,,C,2013_06_AZ0140800_NIBRS,
6249899,916,7,2013,U,,,N,F,,C,2013_07_AZ0140800_NIBRS,
6272231,916,8,2013,U,,,N,F,,C,2013_08_AZ0140800_NIBRS,
6294563,916,9,2013,U,,,N,F,,C,2013_09_AZ0140800_NIBRS,
6316895,916,10,2013,U,,,N,F,,C,2013_10_AZ0140800_NIBRS,
6339227,916,11,2013,U,,,N,F,,C,2013_11_AZ0140800_NIBRS,
6361559,916,12,2013,U,,,N,F,,C,2013_12_AZ0140800_NIBRS,
6115908,917,1,2013,U,,,N,F,,C,2013_01_AZ0140900_NIBRS,
6138240,917,2,2013,U,,,N,F,,C,2013_02_AZ0140900_NIBRS,
6160572,917,3,2013,U,,,N,F,,C,2013_03_AZ0140900_NIBRS,
6182904,917,4,2013,U,,,N,F,,C,2013_04_AZ0140900_NIBRS,
6205236,917,5,2013,U,,,N,F,,C,2013_05_AZ0140900_NIBRS,
6227568,917,6,2013,U,,,N,F,,C,2013_06_AZ0140900_NIBRS,
6249900,917,7,2013,U,,,N,F,,C,2013_07_AZ0140900_NIBRS,
6272232,917,8,2013,U,,,N,F,,C,2013_08_AZ0140900_NIBRS,
6294564,917,9,2013,U,,,N,F,,C,2013_09_AZ0140900_NIBRS,
6316896,917,10,2013,U,,,N,F,,C,2013_10_AZ0140900_NIBRS,
6339228,917,11,2013,U,,,N,F,,C,2013_11_AZ0140900_NIBRS,
6361560,917,12,2013,U,,,N,F,,C,2013_12_AZ0140900_NIBRS,
6115909,918,1,2013,U,,,N,F,,C,2013_01_AZ0141000_NIBRS,
6138241,918,2,2013,U,,,N,F,,C,2013_02_AZ0141000_NIBRS,
6160573,918,3,2013,U,,,N,F,,C,2013_03_AZ0141000_NIBRS,
6182905,918,4,2013,U,,,N,F,,C,2013_04_AZ0141000_NIBRS,
6205237,918,5,2013,U,,,N,F,,C,2013_05_AZ0141000_NIBRS,
6227569,918,6,2013,U,,,N,F,,C,2013_06_AZ0141000_NIBRS,
6249901,918,7,2013,U,,,N,F,,C,2013_07_AZ0141000_NIBRS,
6272233,918,8,2013,U,,,N,F,,C,2013_08_AZ0141000_NIBRS,
6294565,918,9,2013,U,,,N,F,,C,2013_09_AZ0141000_NIBRS,
6316897,918,10,2013,U,,,N,F,,C,2013_10_AZ0141000_NIBRS,
6339229,918,11,2013,U,,,N,F,,C,2013_11_AZ0141000_NIBRS,
6361561,918,12,2013,U,,,N,F,,C,2013_12_AZ0141000_NIBRS,
6115910,919,1,2013,U,,,N,F,,C,2013_01_AZ0149700_NIBRS,
6138242,919,2,2013,U,,,N,F,,C,2013_02_AZ0149700_NIBRS,
6160574,919,3,2013,U,,,N,F,,C,2013_03_AZ0149700_NIBRS,
6182906,919,4,2013,U,,,N,F,,C,2013_04_AZ0149700_NIBRS,
6205238,919,5,2013,U,,,N,F,,C,2013_05_AZ0149700_NIBRS,
6227570,919,6,2013,U,,,N,F,,C,2013_06_AZ0149700_NIBRS,
6249902,919,7,2013,U,,,N,F,,C,2013_07_AZ0149700_NIBRS,
6272234,919,8,2013,U,,,N,F,,C,2013_08_AZ0149700_NIBRS,
6294566,919,9,2013,U,,,N,F,,C,2013_09_AZ0149700_NIBRS,
6316898,919,10,2013,U,,,N,F,,C,2013_10_AZ0149700_NIBRS,
6339230,919,11,2013,U,,,N,F,,C,2013_11_AZ0149700_NIBRS,
6361562,919,12,2013,U,,,N,F,,C,2013_12_AZ0149700_NIBRS,
6115911,920,1,2013,U,,,N,F,,C,2013_01_AZ0150000_NIBRS,
6138243,920,2,2013,U,,,N,F,,C,2013_02_AZ0150000_NIBRS,
6160575,920,3,2013,U,,,N,F,,C,2013_03_AZ0150000_NIBRS,
6182907,920,4,2013,U,,,N,F,,C,2013_04_AZ0150000_NIBRS,
6205239,920,5,2013,U,,,N,F,,C,2013_05_AZ0150000_NIBRS,
6227571,920,6,2013,U,,,N,F,,C,2013_06_AZ0150000_NIBRS,
6249903,920,7,2013,U,,,N,F,,C,2013_07_AZ0150000_NIBRS,
6272235,920,8,2013,U,,,N,F,,C,2013_08_AZ0150000_NIBRS,
6294567,920,9,2013,U,,,N,F,,C,2013_09_AZ0150000_NIBRS,
6316899,920,10,2013,U,,,N,F,,C,2013_10_AZ0150000_NIBRS,
6339231,920,11,2013,U,,,N,F,,C,2013_11_AZ0150000_NIBRS,
6361563,920,12,2013,U,,,N,F,,C,2013_12_AZ0150000_NIBRS,
6115912,921,1,2013,U,,,N,F,,C,2013_01_AZ0150100_NIBRS,
6138244,921,2,2013,U,,,N,F,,C,2013_02_AZ0150100_NIBRS,
6160576,921,3,2013,U,,,N,F,,C,2013_03_AZ0150100_NIBRS,
6182908,921,4,2013,U,,,N,F,,C,2013_04_AZ0150100_NIBRS,
6205240,921,5,2013,U,,,N,F,,C,2013_05_AZ0150100_NIBRS,
6227572,921,6,2013,U,,,N,F,,C,2013_06_AZ0150100_NIBRS,
6249904,921,7,2013,U,,,N,F,,C,2013_07_AZ0150100_NIBRS,
6272236,921,8,2013,U,,,N,F,,C,2013_08_AZ0150100_NIBRS,
6294568,921,9,2013,U,,,N,F,,C,2013_09_AZ0150100_NIBRS,
6316900,921,10,2013,U,,,N,F,,C,2013_10_AZ0150100_NIBRS,
6339232,921,11,2013,U,,,N,F,,C,2013_11_AZ0150100_NIBRS,
6361564,921,12,2013,U,,,N,F,,C,2013_12_AZ0150100_NIBRS,
6115913,922,1,2013,U,,,N,F,,C,2013_01_AZ0150200_NIBRS,
6138245,922,2,2013,U,,,N,F,,C,2013_02_AZ0150200_NIBRS,
6160577,922,3,2013,U,,,N,F,,C,2013_03_AZ0150200_NIBRS,
6182909,922,4,2013,U,,,N,F,,C,2013_04_AZ0150200_NIBRS,
6205241,922,5,2013,U,,,N,F,,C,2013_05_AZ0150200_NIBRS,
6227573,922,6,2013,U,,,N,F,,C,2013_06_AZ0150200_NIBRS,
6249905,922,7,2013,U,,,N,F,,C,2013_07_AZ0150200_NIBRS,
6272237,922,8,2013,U,,,N,F,,C,2013_08_AZ0150200_NIBRS,
6294569,922,9,2013,U,,,N,F,,C,2013_09_AZ0150200_NIBRS,
6316901,922,10,2013,U,,,N,F,,C,2013_10_AZ0150200_NIBRS,
6339233,922,11,2013,U,,,N,F,,C,2013_11_AZ0150200_NIBRS,
6361565,922,12,2013,U,,,N,F,,C,2013_12_AZ0150200_NIBRS,
6115914,923,1,2013,U,,,N,F,,C,2013_01_AZ0150300_NIBRS,
6138246,923,2,2013,U,,,N,F,,C,2013_02_AZ0150300_NIBRS,
6160578,923,3,2013,U,,,N,F,,C,2013_03_AZ0150300_NIBRS,
6182910,923,4,2013,U,,,N,F,,C,2013_04_AZ0150300_NIBRS,
6205242,923,5,2013,U,,,N,F,,C,2013_05_AZ0150300_NIBRS,
6227574,923,6,2013,U,,,N,F,,C,2013_06_AZ0150300_NIBRS,
6249906,923,7,2013,U,,,N,F,,C,2013_07_AZ0150300_NIBRS,
6272238,923,8,2013,U,,,N,F,,C,2013_08_AZ0150300_NIBRS,
6294570,923,9,2013,U,,,N,F,,C,2013_09_AZ0150300_NIBRS,
6316902,923,10,2013,U,,,N,F,,C,2013_10_AZ0150300_NIBRS,
6339234,923,11,2013,U,,,N,F,,C,2013_11_AZ0150300_NIBRS,
6361566,923,12,2013,U,,,N,F,,C,2013_12_AZ0150300_NIBRS,
6115915,924,1,2013,U,,,N,F,,C,2013_01_AZCCHPX00_NIBRS,
6138247,924,2,2013,U,,,N,F,,C,2013_02_AZCCHPX00_NIBRS,
6160579,924,3,2013,U,,,N,F,,C,2013_03_AZCCHPX00_NIBRS,
6182911,924,4,2013,U,,,N,F,,C,2013_04_AZCCHPX00_NIBRS,
6205243,924,5,2013,U,,,N,F,,C,2013_05_AZCCHPX00_NIBRS,
6227575,924,6,2013,U,,,N,F,,C,2013_06_AZCCHPX00_NIBRS,
6249907,924,7,2013,U,,,N,F,,C,2013_07_AZCCHPX00_NIBRS,
6272239,924,8,2013,U,,,N,F,,C,2013_08_AZCCHPX00_NIBRS,
6294571,924,9,2013,U,,,N,F,,C,2013_09_AZCCHPX00_NIBRS,
6316903,924,10,2013,U,,,N,F,,C,2013_10_AZCCHPX00_NIBRS,
6339235,924,11,2013,U,,,N,F,,C,2013_11_AZCCHPX00_NIBRS,
6361567,924,12,2013,U,,,N,F,,C,2013_12_AZCCHPX00_NIBRS,
6115916,925,1,2013,U,,,N,F,,C,2013_01_AZDI02300_NIBRS,
6138248,925,2,2013,U,,,N,F,,C,2013_02_AZDI02300_NIBRS,
6160580,925,3,2013,U,,,N,F,,C,2013_03_AZDI02300_NIBRS,
6182912,925,4,2013,U,,,N,F,,C,2013_04_AZDI02300_NIBRS,
6205244,925,5,2013,U,,,N,F,,C,2013_05_AZDI02300_NIBRS,
6227576,925,6,2013,U,,,N,F,,C,2013_06_AZDI02300_NIBRS,
6249908,925,7,2013,U,,,N,F,,C,2013_07_AZDI02300_NIBRS,
6272240,925,8,2013,U,,,N,F,,C,2013_08_AZDI02300_NIBRS,
6294572,925,9,2013,U,,,N,F,,C,2013_09_AZDI02300_NIBRS,
6316904,925,10,2013,U,,,N,F,,C,2013_10_AZDI02300_NIBRS,
6339236,925,11,2013,U,,,N,F,,C,2013_11_AZDI02300_NIBRS,
6361568,925,12,2013,U,,,N,F,,C,2013_12_AZDI02300_NIBRS,
6115917,926,1,2013,U,,,N,F,,C,2013_01_AZDI05200_NIBRS,
6138249,926,2,2013,U,,,N,F,,C,2013_02_AZDI05200_NIBRS,
6160581,926,3,2013,U,,,N,F,,C,2013_03_AZDI05200_NIBRS,
6182913,926,4,2013,U,,,N,F,,C,2013_04_AZDI05200_NIBRS,
6205245,926,5,2013,U,,,N,F,,C,2013_05_AZDI05200_NIBRS,
6227577,926,6,2013,U,,,N,F,,C,2013_06_AZDI05200_NIBRS,
6249909,926,7,2013,U,,,N,F,,C,2013_07_AZDI05200_NIBRS,
6272241,926,8,2013,U,,,N,F,,C,2013_08_AZDI05200_NIBRS,
6294573,926,9,2013,U,,,N,F,,C,2013_09_AZDI05200_NIBRS,
6316905,926,10,2013,U,,,N,F,,C,2013_10_AZDI05200_NIBRS,
6339237,926,11,2013,U,,,N,F,,C,2013_11_AZDI05200_NIBRS,
6361569,926,12,2013,U,,,N,F,,C,2013_12_AZDI05200_NIBRS,
6115918,927,1,2013,U,,,N,F,,C,2013_01_AZDI05300_NIBRS,
6138250,927,2,2013,U,,,N,F,,C,2013_02_AZDI05300_NIBRS,
6160582,927,3,2013,U,,,N,F,,C,2013_03_AZDI05300_NIBRS,
6182914,927,4,2013,U,,,N,F,,C,2013_04_AZDI05300_NIBRS,
6205246,927,5,2013,U,,,N,F,,C,2013_05_AZDI05300_NIBRS,
6227578,927,6,2013,U,,,N,F,,C,2013_06_AZDI05300_NIBRS,
6249910,927,7,2013,U,,,N,F,,C,2013_07_AZDI05300_NIBRS,
6272242,927,8,2013,U,,,N,F,,C,2013_08_AZDI05300_NIBRS,
6294574,927,9,2013,U,,,N,F,,C,2013_09_AZDI05300_NIBRS,
6316906,927,10,2013,U,,,N,F,,C,2013_10_AZDI05300_NIBRS,
6339238,927,11,2013,U,,,N,F,,C,2013_11_AZDI05300_NIBRS,
6361570,927,12,2013,U,,,N,F,,C,2013_12_AZDI05300_NIBRS,
6115919,928,1,2013,U,,,N,F,,C,2013_01_AZDI05900_NIBRS,
6138251,928,2,2013,U,,,N,F,,C,2013_02_AZDI05900_NIBRS,
6160583,928,3,2013,U,,,N,F,,C,2013_03_AZDI05900_NIBRS,
6182915,928,4,2013,U,,,N,F,,C,2013_04_AZDI05900_NIBRS,
6205247,928,5,2013,U,,,N,F,,C,2013_05_AZDI05900_NIBRS,
6227579,928,6,2013,U,,,N,F,,C,2013_06_AZDI05900_NIBRS,
6249911,928,7,2013,U,,,N,F,,C,2013_07_AZDI05900_NIBRS,
6272243,928,8,2013,U,,,N,F,,C,2013_08_AZDI05900_NIBRS,
6294575,928,9,2013,U,,,N,F,,C,2013_09_AZDI05900_NIBRS,
6316907,928,10,2013,U,,,N,F,,C,2013_10_AZDI05900_NIBRS,
6339239,928,11,2013,U,,,N,F,,C,2013_11_AZDI05900_NIBRS,
6361571,928,12,2013,U,,,N,F,,C,2013_12_AZDI05900_NIBRS,
6115920,929,1,2013,U,,,N,F,,C,2013_01_AZDI06000_NIBRS,
6138252,929,2,2013,U,,,N,F,,C,2013_02_AZDI06000_NIBRS,
6160584,929,3,2013,U,,,N,F,,C,2013_03_AZDI06000_NIBRS,
6182916,929,4,2013,U,,,N,F,,C,2013_04_AZDI06000_NIBRS,
6205248,929,5,2013,U,,,N,F,,C,2013_05_AZDI06000_NIBRS,
6227580,929,6,2013,U,,,N,F,,C,2013_06_AZDI06000_NIBRS,
6249912,929,7,2013,U,,,N,F,,C,2013_07_AZDI06000_NIBRS,
6272244,929,8,2013,U,,,N,F,,C,2013_08_AZDI06000_NIBRS,
6294576,929,9,2013,U,,,N,F,,C,2013_09_AZDI06000_NIBRS,
6316908,929,10,2013,U,,,N,F,,C,2013_10_AZDI06000_NIBRS,
6339240,929,11,2013,U,,,N,F,,C,2013_11_AZDI06000_NIBRS,
6361572,929,12,2013,U,,,N,F,,C,2013_12_AZDI06000_NIBRS,
6115921,930,1,2013,U,,,N,F,,C,2013_01_AZDI06100_NIBRS,
6138253,930,2,2013,U,,,N,F,,C,2013_02_AZDI06100_NIBRS,
6160585,930,3,2013,U,,,N,F,,C,2013_03_AZDI06100_NIBRS,
6182917,930,4,2013,U,,,N,F,,C,2013_04_AZDI06100_NIBRS,
6205249,930,5,2013,U,,,N,F,,C,2013_05_AZDI06100_NIBRS,
6227581,930,6,2013,U,,,N,F,,C,2013_06_AZDI06100_NIBRS,
6249913,930,7,2013,U,,,N,F,,C,2013_07_AZDI06100_NIBRS,
6272245,930,8,2013,U,,,N,F,,C,2013_08_AZDI06100_NIBRS,
6294577,930,9,2013,U,,,N,F,,C,2013_09_AZDI06100_NIBRS,
6316909,930,10,2013,U,,,N,F,,C,2013_10_AZDI06100_NIBRS,
6339241,930,11,2013,U,,,N,F,,C,2013_11_AZDI06100_NIBRS,
6361573,930,12,2013,U,,,N,F,,C,2013_12_AZDI06100_NIBRS,
6115922,931,1,2013,U,,,N,F,,C,2013_01_AZDI06200_NIBRS,
6138254,931,2,2013,U,,,N,F,,C,2013_02_AZDI06200_NIBRS,
6160586,931,3,2013,U,,,N,F,,C,2013_03_AZDI06200_NIBRS,
6182918,931,4,2013,U,,,N,F,,C,2013_04_AZDI06200_NIBRS,
6205250,931,5,2013,U,,,N,F,,C,2013_05_AZDI06200_NIBRS,
6227582,931,6,2013,U,,,N,F,,C,2013_06_AZDI06200_NIBRS,
6249914,931,7,2013,U,,,N,F,,C,2013_07_AZDI06200_NIBRS,
6272246,931,8,2013,U,,,N,F,,C,2013_08_AZDI06200_NIBRS,
6294578,931,9,2013,U,,,N,F,,C,2013_09_AZDI06200_NIBRS,
6316910,931,10,2013,U,,,N,F,,C,2013_10_AZDI06200_NIBRS,
6339242,931,11,2013,U,,,N,F,,C,2013_11_AZDI06200_NIBRS,
6361574,931,12,2013,U,,,N,F,,C,2013_12_AZDI06200_NIBRS,
6115923,932,1,2013,U,,,N,F,,C,2013_01_AZDI06500_NIBRS,
6138255,932,2,2013,U,,,N,F,,C,2013_02_AZDI06500_NIBRS,
6160587,932,3,2013,U,,,N,F,,C,2013_03_AZDI06500_NIBRS,
6182919,932,4,2013,U,,,N,F,,C,2013_04_AZDI06500_NIBRS,
6205251,932,5,2013,U,,,N,F,,C,2013_05_AZDI06500_NIBRS,
6227583,932,6,2013,U,,,N,F,,C,2013_06_AZDI06500_NIBRS,
6249915,932,7,2013,U,,,N,F,,C,2013_07_AZDI06500_NIBRS,
6272247,932,8,2013,U,,,N,F,,C,2013_08_AZDI06500_NIBRS,
6294579,932,9,2013,U,,,N,F,,C,2013_09_AZDI06500_NIBRS,
6316911,932,10,2013,U,,,N,F,,C,2013_10_AZDI06500_NIBRS,
6339243,932,11,2013,U,,,N,F,,C,2013_11_AZDI06500_NIBRS,
6361575,932,12,2013,U,,,N,F,,C,2013_12_AZDI06500_NIBRS,
6115924,933,1,2013,U,,,N,F,,C,2013_01_AZDI06600_NIBRS,
6138256,933,2,2013,U,,,N,F,,C,2013_02_AZDI06600_NIBRS,
6160588,933,3,2013,U,,,N,F,,C,2013_03_AZDI06600_NIBRS,
6182920,933,4,2013,U,,,N,F,,C,2013_04_AZDI06600_NIBRS,
6205252,933,5,2013,U,,,N,F,,C,2013_05_AZDI06600_NIBRS,
6227584,933,6,2013,U,,,N,F,,C,2013_06_AZDI06600_NIBRS,
6249916,933,7,2013,U,,,N,F,,C,2013_07_AZDI06600_NIBRS,
6272248,933,8,2013,U,,,N,F,,C,2013_08_AZDI06600_NIBRS,
6294580,933,9,2013,U,,,N,F,,C,2013_09_AZDI06600_NIBRS,
6316912,933,10,2013,U,,,N,F,,C,2013_10_AZDI06600_NIBRS,
6339244,933,11,2013,U,,,N,F,,C,2013_11_AZDI06600_NIBRS,
6361576,933,12,2013,U,,,N,F,,C,2013_12_AZDI06600_NIBRS,
6115925,934,1,2013,U,,,N,F,,C,2013_01_AZDI06700_NIBRS,
6138257,934,2,2013,U,,,N,F,,C,2013_02_AZDI06700_NIBRS,
6160589,934,3,2013,U,,,N,F,,C,2013_03_AZDI06700_NIBRS,
6182921,934,4,2013,U,,,N,F,,C,2013_04_AZDI06700_NIBRS,
6205253,934,5,2013,U,,,N,F,,C,2013_05_AZDI06700_NIBRS,
6227585,934,6,2013,U,,,N,F,,C,2013_06_AZDI06700_NIBRS,
6249917,934,7,2013,U,,,N,F,,C,2013_07_AZDI06700_NIBRS,
6272249,934,8,2013,U,,,N,F,,C,2013_08_AZDI06700_NIBRS,
6294581,934,9,2013,U,,,N,F,,C,2013_09_AZDI06700_NIBRS,
6316913,934,10,2013,U,,,N,F,,C,2013_10_AZDI06700_NIBRS,
6339245,934,11,2013,U,,,N,F,,C,2013_11_AZDI06700_NIBRS,
6361577,934,12,2013,U,,,N,F,,C,2013_12_AZDI06700_NIBRS,
6115926,935,1,2013,U,,,N,F,,C,2013_01_AZDI06900_NIBRS,
6138258,935,2,2013,U,,,N,F,,C,2013_02_AZDI06900_NIBRS,
6160590,935,3,2013,U,,,N,F,,C,2013_03_AZDI06900_NIBRS,
6182922,935,4,2013,U,,,N,F,,C,2013_04_AZDI06900_NIBRS,
6205254,935,5,2013,U,,,N,F,,C,2013_05_AZDI06900_NIBRS,
6227586,935,6,2013,U,,,N,F,,C,2013_06_AZDI06900_NIBRS,
6249918,935,7,2013,U,,,N,F,,C,2013_07_AZDI06900_NIBRS,
6272250,935,8,2013,U,,,N,F,,C,2013_08_AZDI06900_NIBRS,
6294582,935,9,2013,U,,,N,F,,C,2013_09_AZDI06900_NIBRS,
6316914,935,10,2013,U,,,N,F,,C,2013_10_AZDI06900_NIBRS,
6339246,935,11,2013,U,,,N,F,,C,2013_11_AZDI06900_NIBRS,
6361578,935,12,2013,U,,,N,F,,C,2013_12_AZDI06900_NIBRS,
6115927,936,1,2013,U,,,N,F,,C,2013_01_AZDI08100_NIBRS,
6138259,936,2,2013,U,,,N,F,,C,2013_02_AZDI08100_NIBRS,
6160591,936,3,2013,U,,,N,F,,C,2013_03_AZDI08100_NIBRS,
6182923,936,4,2013,U,,,N,F,,C,2013_04_AZDI08100_NIBRS,
6205255,936,5,2013,U,,,N,F,,C,2013_05_AZDI08100_NIBRS,
6227587,936,6,2013,U,,,N,F,,C,2013_06_AZDI08100_NIBRS,
6249919,936,7,2013,U,,,N,F,,C,2013_07_AZDI08100_NIBRS,
6272251,936,8,2013,U,,,N,F,,C,2013_08_AZDI08100_NIBRS,
6294583,936,9,2013,U,,,N,F,,C,2013_09_AZDI08100_NIBRS,
6316915,936,10,2013,U,,,N,F,,C,2013_10_AZDI08100_NIBRS,
6339247,936,11,2013,U,,,N,F,,C,2013_11_AZDI08100_NIBRS,
6361579,936,12,2013,U,,,N,F,,C,2013_12_AZDI08100_NIBRS,
6115811,820,1,2013,U,,,N,F,,C,2013_01_AZ0039700_NIBRS,
6138143,820,2,2013,U,,,N,F,,C,2013_02_AZ0039700_NIBRS,
6160475,820,3,2013,U,,,N,F,,C,2013_03_AZ0039700_NIBRS,
6182807,820,4,2013,U,,,N,F,,C,2013_04_AZ0039700_NIBRS,
6205139,820,5,2013,U,,,N,F,,C,2013_05_AZ0039700_NIBRS,
6227471,820,6,2013,U,,,N,F,,C,2013_06_AZ0039700_NIBRS,
6249803,820,7,2013,U,,,N,F,,C,2013_07_AZ0039700_NIBRS,
6272135,820,8,2013,U,,,N,F,,C,2013_08_AZ0039700_NIBRS,
6294467,820,9,2013,U,,,N,F,,C,2013_09_AZ0039700_NIBRS,
6316799,820,10,2013,U,,,N,F,,C,2013_10_AZ0039700_NIBRS,
6339131,820,11,2013,U,,,N,F,,C,2013_11_AZ0039700_NIBRS,
6361463,820,12,2013,U,,,N,F,,C,2013_12_AZ0039700_NIBRS,
6115812,821,1,2013,U,,,N,F,,C,2013_01_AZ0040000_NIBRS,
6138144,821,2,2013,U,,,N,F,,C,2013_02_AZ0040000_NIBRS,
6160476,821,3,2013,U,,,N,F,,C,2013_03_AZ0040000_NIBRS,
6182808,821,4,2013,U,,,N,F,,C,2013_04_AZ0040000_NIBRS,
6205140,821,5,2013,U,,,N,F,,C,2013_05_AZ0040000_NIBRS,
6227472,821,6,2013,U,,,N,F,,C,2013_06_AZ0040000_NIBRS,
6249804,821,7,2013,U,,,N,F,,C,2013_07_AZ0040000_NIBRS,
6272136,821,8,2013,U,,,N,F,,C,2013_08_AZ0040000_NIBRS,
6294468,821,9,2013,U,,,N,F,,C,2013_09_AZ0040000_NIBRS,
6316800,821,10,2013,U,,,N,F,,C,2013_10_AZ0040000_NIBRS,
6339132,821,11,2013,U,,,N,F,,C,2013_11_AZ0040000_NIBRS,
6361464,821,12,2013,U,,,N,F,,C,2013_12_AZ0040000_NIBRS,
6115813,822,1,2013,U,,,N,F,,C,2013_01_AZ0040100_NIBRS,
6138145,822,2,2013,U,,,N,F,,C,2013_02_AZ0040100_NIBRS,
6160477,822,3,2013,U,,,N,F,,C,2013_03_AZ0040100_NIBRS,
6182809,822,4,2013,U,,,N,F,,C,2013_04_AZ0040100_NIBRS,
6205141,822,5,2013,U,,,N,F,,C,2013_05_AZ0040100_NIBRS,
6227473,822,6,2013,U,,,N,F,,C,2013_06_AZ0040100_NIBRS,
6249805,822,7,2013,U,,,N,F,,C,2013_07_AZ0040100_NIBRS,
6272137,822,8,2013,U,,,N,F,,C,2013_08_AZ0040100_NIBRS,
6294469,822,9,2013,U,,,N,F,,C,2013_09_AZ0040100_NIBRS,
6316801,822,10,2013,U,,,N,F,,C,2013_10_AZ0040100_NIBRS,
6339133,822,11,2013,U,,,N,F,,C,2013_11_AZ0040100_NIBRS,
6361465,822,12,2013,U,,,N,F,,C,2013_12_AZ0040100_NIBRS,
6115814,823,1,2013,U,,,N,F,,C,2013_01_AZ0040300_NIBRS,
6138146,823,2,2013,U,,,N,F,,C,2013_02_AZ0040300_NIBRS,
6160478,823,3,2013,U,,,N,F,,C,2013_03_AZ0040300_NIBRS,
6182810,823,4,2013,U,,,N,F,,C,2013_04_AZ0040300_NIBRS,
6205142,823,5,2013,U,,,N,F,,C,2013_05_AZ0040300_NIBRS,
6227474,823,6,2013,U,,,N,F,,C,2013_06_AZ0040300_NIBRS,
6249806,823,7,2013,U,,,N,F,,C,2013_07_AZ0040300_NIBRS,
6272138,823,8,2013,U,,,N,F,,C,2013_08_AZ0040300_NIBRS,
6294470,823,9,2013,U,,,N,F,,C,2013_09_AZ0040300_NIBRS,
6316802,823,10,2013,U,,,N,F,,C,2013_10_AZ0040300_NIBRS,
6339134,823,11,2013,U,,,N,F,,C,2013_11_AZ0040300_NIBRS,
6361466,823,12,2013,U,,,N,F,,C,2013_12_AZ0040300_NIBRS,
6115815,824,1,2013,U,,,N,F,,C,2013_01_AZ0040500_NIBRS,
6138147,824,2,2013,U,,,N,F,,C,2013_02_AZ0040500_NIBRS,
6160479,824,3,2013,U,,,N,F,,C,2013_03_AZ0040500_NIBRS,
6182811,824,4,2013,U,,,N,F,,C,2013_04_AZ0040500_NIBRS,
6205143,824,5,2013,U,,,N,F,,C,2013_05_AZ0040500_NIBRS,
6227475,824,6,2013,U,,,N,F,,C,2013_06_AZ0040500_NIBRS,
6249807,824,7,2013,U,,,N,F,,C,2013_07_AZ0040500_NIBRS,
6272139,824,8,2013,U,,,N,F,,C,2013_08_AZ0040500_NIBRS,
6294471,824,9,2013,U,,,N,F,,C,2013_09_AZ0040500_NIBRS,
6316803,824,10,2013,U,,,N,F,,C,2013_10_AZ0040500_NIBRS,
6339135,824,11,2013,U,,,N,F,,C,2013_11_AZ0040500_NIBRS,
6361467,824,12,2013,U,,,N,F,,C,2013_12_AZ0040500_NIBRS,
6115816,825,1,2013,U,,,N,F,,C,2013_01_AZ0040600_NIBRS,
6138148,825,2,2013,U,,,N,F,,C,2013_02_AZ0040600_NIBRS,
6160480,825,3,2013,U,,,N,F,,C,2013_03_AZ0040600_NIBRS,
6182812,825,4,2013,U,,,N,F,,C,2013_04_AZ0040600_NIBRS,
6205144,825,5,2013,U,,,N,F,,C,2013_05_AZ0040600_NIBRS,
6227476,825,6,2013,U,,,N,F,,C,2013_06_AZ0040600_NIBRS,
6249808,825,7,2013,U,,,N,F,,C,2013_07_AZ0040600_NIBRS,
6272140,825,8,2013,U,,,N,F,,C,2013_08_AZ0040600_NIBRS,
6294472,825,9,2013,U,,,N,F,,C,2013_09_AZ0040600_NIBRS,
6316804,825,10,2013,U,,,N,F,,C,2013_10_AZ0040600_NIBRS,
6339136,825,11,2013,U,,,N,F,,C,2013_11_AZ0040600_NIBRS,
6361468,825,12,2013,U,,,N,F,,C,2013_12_AZ0040600_NIBRS,
6115817,826,1,2013,U,,,N,F,,C,2013_01_AZ0040700_NIBRS,
6138149,826,2,2013,U,,,N,F,,C,2013_02_AZ0040700_NIBRS,
6160481,826,3,2013,U,,,N,F,,C,2013_03_AZ0040700_NIBRS,
6182813,826,4,2013,U,,,N,F,,C,2013_04_AZ0040700_NIBRS,
6205145,826,5,2013,U,,,N,F,,C,2013_05_AZ0040700_NIBRS,
6227477,826,6,2013,U,,,N,F,,C,2013_06_AZ0040700_NIBRS,
6249809,826,7,2013,U,,,N,F,,C,2013_07_AZ0040700_NIBRS,
6272141,826,8,2013,U,,,N,F,,C,2013_08_AZ0040700_NIBRS,
6294473,826,9,2013,U,,,N,F,,C,2013_09_AZ0040700_NIBRS,
6316805,826,10,2013,U,,,N,F,,C,2013_10_AZ0040700_NIBRS,
6339137,826,11,2013,U,,,N,F,,C,2013_11_AZ0040700_NIBRS,
6361469,826,12,2013,U,,,N,F,,C,2013_12_AZ0040700_NIBRS,
6115818,827,1,2013,U,,,N,F,,C,2013_01_AZ0048900_NIBRS,
6138150,827,2,2013,U,,,N,F,,C,2013_02_AZ0048900_NIBRS,
6160482,827,3,2013,U,,,N,F,,C,2013_03_AZ0048900_NIBRS,
6182814,827,4,2013,U,,,N,F,,C,2013_04_AZ0048900_NIBRS,
6205146,827,5,2013,U,,,N,F,,C,2013_05_AZ0048900_NIBRS,
6227478,827,6,2013,U,,,N,F,,C,2013_06_AZ0048900_NIBRS,
6249810,827,7,2013,U,,,N,F,,C,2013_07_AZ0048900_NIBRS,
6272142,827,8,2013,U,,,N,F,,C,2013_08_AZ0048900_NIBRS,
6294474,827,9,2013,U,,,N,F,,C,2013_09_AZ0048900_NIBRS,
6316806,827,10,2013,U,,,N,F,,C,2013_10_AZ0048900_NIBRS,
6339138,827,11,2013,U,,,N,F,,C,2013_11_AZ0048900_NIBRS,
6361470,827,12,2013,U,,,N,F,,C,2013_12_AZ0048900_NIBRS,
6115819,828,1,2013,U,,,N,F,,C,2013_01_AZ0050000_NIBRS,
6138151,828,2,2013,U,,,N,F,,C,2013_02_AZ0050000_NIBRS,
6160483,828,3,2013,U,,,N,F,,C,2013_03_AZ0050000_NIBRS,
6182815,828,4,2013,U,,,N,F,,C,2013_04_AZ0050000_NIBRS,
6205147,828,5,2013,U,,,N,F,,C,2013_05_AZ0050000_NIBRS,
6227479,828,6,2013,U,,,N,F,,C,2013_06_AZ0050000_NIBRS,
6249811,828,7,2013,U,,,N,F,,C,2013_07_AZ0050000_NIBRS,
6272143,828,8,2013,U,,,N,F,,C,2013_08_AZ0050000_NIBRS,
6294475,828,9,2013,U,,,N,F,,C,2013_09_AZ0050000_NIBRS,
6316807,828,10,2013,U,,,N,F,,C,2013_10_AZ0050000_NIBRS,
6339139,828,11,2013,U,,,N,F,,C,2013_11_AZ0050000_NIBRS,
6361471,828,12,2013,U,,,N,F,,C,2013_12_AZ0050000_NIBRS,
6115820,829,1,2013,U,,,N,F,,C,2013_01_AZ0050100_NIBRS,
6138152,829,2,2013,U,,,N,F,,C,2013_02_AZ0050100_NIBRS,
6160484,829,3,2013,U,,,N,F,,C,2013_03_AZ0050100_NIBRS,
6182816,829,4,2013,U,,,N,F,,C,2013_04_AZ0050100_NIBRS,
6205148,829,5,2013,U,,,N,F,,C,2013_05_AZ0050100_NIBRS,
6227480,829,6,2013,U,,,N,F,,C,2013_06_AZ0050100_NIBRS,
6249812,829,7,2013,U,,,N,F,,C,2013_07_AZ0050100_NIBRS,
6272144,829,8,2013,U,,,N,F,,C,2013_08_AZ0050100_NIBRS,
6294476,829,9,2013,U,,,N,F,,C,2013_09_AZ0050100_NIBRS,
6316808,829,10,2013,U,,,N,F,,C,2013_10_AZ0050100_NIBRS,
6339140,829,11,2013,U,,,N,F,,C,2013_11_AZ0050100_NIBRS,
6361472,829,12,2013,U,,,N,F,,C,2013_12_AZ0050100_NIBRS,
6115821,830,1,2013,U,,,N,F,,C,2013_01_AZ0050300_NIBRS,
6138153,830,2,2013,U,,,N,F,,C,2013_02_AZ0050300_NIBRS,
6160485,830,3,2013,U,,,N,F,,C,2013_03_AZ0050300_NIBRS,
6182817,830,4,2013,U,,,N,F,,C,2013_04_AZ0050300_NIBRS,
6205149,830,5,2013,U,,,N,F,,C,2013_05_AZ0050300_NIBRS,
6227481,830,6,2013,U,,,N,F,,C,2013_06_AZ0050300_NIBRS,
6249813,830,7,2013,U,,,N,F,,C,2013_07_AZ0050300_NIBRS,
6272145,830,8,2013,U,,,N,F,,C,2013_08_AZ0050300_NIBRS,
6294477,830,9,2013,U,,,N,F,,C,2013_09_AZ0050300_NIBRS,
6316809,830,10,2013,U,,,N,F,,C,2013_10_AZ0050300_NIBRS,
6339141,830,11,2013,U,,,N,F,,C,2013_11_AZ0050300_NIBRS,
6361473,830,12,2013,U,,,N,F,,C,2013_12_AZ0050300_NIBRS,
6115822,831,1,2013,U,,,N,F,,C,2013_01_AZ0050500_NIBRS,
6138154,831,2,2013,U,,,N,F,,C,2013_02_AZ0050500_NIBRS,
6160486,831,3,2013,U,,,N,F,,C,2013_03_AZ0050500_NIBRS,
6182818,831,4,2013,U,,,N,F,,C,2013_04_AZ0050500_NIBRS,
6205150,831,5,2013,U,,,N,F,,C,2013_05_AZ0050500_NIBRS,
6227482,831,6,2013,U,,,N,F,,C,2013_06_AZ0050500_NIBRS,
6249814,831,7,2013,U,,,N,F,,C,2013_07_AZ0050500_NIBRS,
6272146,831,8,2013,U,,,N,F,,C,2013_08_AZ0050500_NIBRS,
6294478,831,9,2013,U,,,N,F,,C,2013_09_AZ0050500_NIBRS,
6316810,831,10,2013,U,,,N,F,,C,2013_10_AZ0050500_NIBRS,
6339142,831,11,2013,U,,,N,F,,C,2013_11_AZ0050500_NIBRS,
6361474,831,12,2013,U,,,N,F,,C,2013_12_AZ0050500_NIBRS,
6115823,832,1,2013,U,,,N,F,,C,2013_01_AZ0059700_NIBRS,
6138155,832,2,2013,U,,,N,F,,C,2013_02_AZ0059700_NIBRS,
6160487,832,3,2013,U,,,N,F,,C,2013_03_AZ0059700_NIBRS,
6182819,832,4,2013,U,,,N,F,,C,2013_04_AZ0059700_NIBRS,
6205151,832,5,2013,U,,,N,F,,C,2013_05_AZ0059700_NIBRS,
6227483,832,6,2013,U,,,N,F,,C,2013_06_AZ0059700_NIBRS,
6249815,832,7,2013,U,,,N,F,,C,2013_07_AZ0059700_NIBRS,
6272147,832,8,2013,U,,,N,F,,C,2013_08_AZ0059700_NIBRS,
6294479,832,9,2013,U,,,N,F,,C,2013_09_AZ0059700_NIBRS,
6316811,832,10,2013,U,,,N,F,,C,2013_10_AZ0059700_NIBRS,
6339143,832,11,2013,U,,,N,F,,C,2013_11_AZ0059700_NIBRS,
6361475,832,12,2013,U,,,N,F,,C,2013_12_AZ0059700_NIBRS,
6115824,833,1,2013,U,,,N,F,,C,2013_01_AZ0060000_NIBRS,
6138156,833,2,2013,U,,,N,F,,C,2013_02_AZ0060000_NIBRS,
6160488,833,3,2013,U,,,N,F,,C,2013_03_AZ0060000_NIBRS,
6182820,833,4,2013,U,,,N,F,,C,2013_04_AZ0060000_NIBRS,
6205152,833,5,2013,U,,,N,F,,C,2013_05_AZ0060000_NIBRS,
6227484,833,6,2013,U,,,N,F,,C,2013_06_AZ0060000_NIBRS,
6249816,833,7,2013,U,,,N,F,,C,2013_07_AZ0060000_NIBRS,
6272148,833,8,2013,U,,,N,F,,C,2013_08_AZ0060000_NIBRS,
6294480,833,9,2013,U,,,N,F,,C,2013_09_AZ0060000_NIBRS,
6316812,833,10,2013,U,,,N,F,,C,2013_10_AZ0060000_NIBRS,
6339144,833,11,2013,U,,,N,F,,C,2013_11_AZ0060000_NIBRS,
6361476,833,12,2013,U,,,N,F,,C,2013_12_AZ0060000_NIBRS,
6115825,834,1,2013,U,,,N,F,,C,2013_01_AZ0060100_NIBRS,
6138157,834,2,2013,U,,,N,F,,C,2013_02_AZ0060100_NIBRS,
6160489,834,3,2013,U,,,N,F,,C,2013_03_AZ0060100_NIBRS,
6182821,834,4,2013,U,,,N,F,,C,2013_04_AZ0060100_NIBRS,
6205153,834,5,2013,U,,,N,F,,C,2013_05_AZ0060100_NIBRS,
6227485,834,6,2013,U,,,N,F,,C,2013_06_AZ0060100_NIBRS,
6249817,834,7,2013,U,,,N,F,,C,2013_07_AZ0060100_NIBRS,
6272149,834,8,2013,U,,,N,F,,C,2013_08_AZ0060100_NIBRS,
6294481,834,9,2013,U,,,N,F,,C,2013_09_AZ0060100_NIBRS,
6316813,834,10,2013,U,,,N,F,,C,2013_10_AZ0060100_NIBRS,
6339145,834,11,2013,U,,,N,F,,C,2013_11_AZ0060100_NIBRS,
6361477,834,12,2013,U,,,N,F,,C,2013_12_AZ0060100_NIBRS,
6115826,835,1,2013,U,,,N,F,,C,2013_01_AZ0060300_NIBRS,
6138158,835,2,2013,U,,,N,F,,C,2013_02_AZ0060300_NIBRS,
6160490,835,3,2013,U,,,N,F,,C,2013_03_AZ0060300_NIBRS,
6182822,835,4,2013,U,,,N,F,,C,2013_04_AZ0060300_NIBRS,
6205154,835,5,2013,U,,,N,F,,C,2013_05_AZ0060300_NIBRS,
6227486,835,6,2013,U,,,N,F,,C,2013_06_AZ0060300_NIBRS,
6249818,835,7,2013,U,,,N,F,,C,2013_07_AZ0060300_NIBRS,
6272150,835,8,2013,U,,,N,F,,C,2013_08_AZ0060300_NIBRS,
6294482,835,9,2013,U,,,N,F,,C,2013_09_AZ0060300_NIBRS,
6316814,835,10,2013,U,,,N,F,,C,2013_10_AZ0060300_NIBRS,
6339146,835,11,2013,U,,,N,F,,C,2013_11_AZ0060300_NIBRS,
6361478,835,12,2013,U,,,N,F,,C,2013_12_AZ0060300_NIBRS,
6115827,836,1,2013,U,,,N,F,,C,2013_01_AZ0070000_NIBRS,
6138159,836,2,2013,U,,,N,F,,C,2013_02_AZ0070000_NIBRS,
6160491,836,3,2013,U,,,N,F,,C,2013_03_AZ0070000_NIBRS,
6182823,836,4,2013,U,,,N,F,,C,2013_04_AZ0070000_NIBRS,
6205155,836,5,2013,U,,,N,F,,C,2013_05_AZ0070000_NIBRS,
6227487,836,6,2013,U,,,N,F,,C,2013_06_AZ0070000_NIBRS,
6249819,836,7,2013,U,,,N,F,,C,2013_07_AZ0070000_NIBRS,
6272151,836,8,2013,U,,,N,F,,C,2013_08_AZ0070000_NIBRS,
6294483,836,9,2013,U,,,N,F,,C,2013_09_AZ0070000_NIBRS,
6316815,836,10,2013,U,,,N,F,,C,2013_10_AZ0070000_NIBRS,
6339147,836,11,2013,U,,,N,F,,C,2013_11_AZ0070000_NIBRS,
6361479,836,12,2013,U,,,N,F,,C,2013_12_AZ0070000_NIBRS,
6115828,837,1,2013,U,,,N,F,,C,2013_01_AZ0070100_NIBRS,
6138160,837,2,2013,U,,,N,F,,C,2013_02_AZ0070100_NIBRS,
6160492,837,3,2013,U,,,N,F,,C,2013_03_AZ0070100_NIBRS,
6182824,837,4,2013,U,,,N,F,,C,2013_04_AZ0070100_NIBRS,
6205156,837,5,2013,U,,,N,F,,C,2013_05_AZ0070100_NIBRS,
6227488,837,6,2013,U,,,N,F,,C,2013_06_AZ0070100_NIBRS,
6249820,837,7,2013,U,,,N,F,,C,2013_07_AZ0070100_NIBRS,
6272152,837,8,2013,U,,,N,F,,C,2013_08_AZ0070100_NIBRS,
6294484,837,9,2013,U,,,N,F,,C,2013_09_AZ0070100_NIBRS,
6316816,837,10,2013,U,,,N,F,,C,2013_10_AZ0070100_NIBRS,
6339148,837,11,2013,U,,,N,F,,C,2013_11_AZ0070100_NIBRS,
6361480,837,12,2013,U,,,N,F,,C,2013_12_AZ0070100_NIBRS,
6115829,838,1,2013,U,,,N,F,,C,2013_01_AZ0070300_NIBRS,
6138161,838,2,2013,U,,,N,F,,C,2013_02_AZ0070300_NIBRS,
6160493,838,3,2013,U,,,N,F,,C,2013_03_AZ0070300_NIBRS,
6182825,838,4,2013,U,,,N,F,,C,2013_04_AZ0070300_NIBRS,
6205157,838,5,2013,U,,,N,F,,C,2013_05_AZ0070300_NIBRS,
6227489,838,6,2013,U,,,N,F,,C,2013_06_AZ0070300_NIBRS,
6249821,838,7,2013,U,,,N,F,,C,2013_07_AZ0070300_NIBRS,
6272153,838,8,2013,U,,,N,F,,C,2013_08_AZ0070300_NIBRS,
6294485,838,9,2013,U,,,N,F,,C,2013_09_AZ0070300_NIBRS,
6316817,838,10,2013,U,,,N,F,,C,2013_10_AZ0070300_NIBRS,
6339149,838,11,2013,U,,,N,F,,C,2013_11_AZ0070300_NIBRS,
6361481,838,12,2013,U,,,N,F,,C,2013_12_AZ0070300_NIBRS,
6115830,839,1,2013,U,,,N,F,,C,2013_01_AZ0070500_NIBRS,
6138162,839,2,2013,U,,,N,F,,C,2013_02_AZ0070500_NIBRS,
6160494,839,3,2013,U,,,N,F,,C,2013_03_AZ0070500_NIBRS,
6182826,839,4,2013,U,,,N,F,,C,2013_04_AZ0070500_NIBRS,
6205158,839,5,2013,U,,,N,F,,C,2013_05_AZ0070500_NIBRS,
6227490,839,6,2013,U,,,N,F,,C,2013_06_AZ0070500_NIBRS,
6249822,839,7,2013,U,,,N,F,,C,2013_07_AZ0070500_NIBRS,
6272154,839,8,2013,U,,,N,F,,C,2013_08_AZ0070500_NIBRS,
6294486,839,9,2013,U,,,N,F,,C,2013_09_AZ0070500_NIBRS,
6316818,839,10,2013,U,,,N,F,,C,2013_10_AZ0070500_NIBRS,
6339150,839,11,2013,U,,,N,F,,C,2013_11_AZ0070500_NIBRS,
6361482,839,12,2013,U,,,N,F,,C,2013_12_AZ0070500_NIBRS,
6115831,840,1,2013,U,,,N,F,,C,2013_01_AZ0070700_NIBRS,
6138163,840,2,2013,U,,,N,F,,C,2013_02_AZ0070700_NIBRS,
6160495,840,3,2013,U,,,N,F,,C,2013_03_AZ0070700_NIBRS,
6182827,840,4,2013,U,,,N,F,,C,2013_04_AZ0070700_NIBRS,
6205159,840,5,2013,U,,,N,F,,C,2013_05_AZ0070700_NIBRS,
6227491,840,6,2013,U,,,N,F,,C,2013_06_AZ0070700_NIBRS,
6249823,840,7,2013,U,,,N,F,,C,2013_07_AZ0070700_NIBRS,
6272155,840,8,2013,U,,,N,F,,C,2013_08_AZ0070700_NIBRS,
6294487,840,9,2013,U,,,N,F,,C,2013_09_AZ0070700_NIBRS,
6316819,840,10,2013,U,,,N,F,,C,2013_10_AZ0070700_NIBRS,
6339151,840,11,2013,U,,,N,F,,C,2013_11_AZ0070700_NIBRS,
6361483,840,12,2013,U,,,N,F,,C,2013_12_AZ0070700_NIBRS,
6115832,841,1,2013,U,,,N,F,,C,2013_01_AZ0070900_NIBRS,
6138164,841,2,2013,U,,,N,F,,C,2013_02_AZ0070900_NIBRS,
6160496,841,3,2013,U,,,N,F,,C,2013_03_AZ0070900_NIBRS,
6182828,841,4,2013,U,,,N,F,,C,2013_04_AZ0070900_NIBRS,
6205160,841,5,2013,U,,,N,F,,C,2013_05_AZ0070900_NIBRS,
6227492,841,6,2013,U,,,N,F,,C,2013_06_AZ0070900_NIBRS,
6249824,841,7,2013,U,,,N,F,,C,2013_07_AZ0070900_NIBRS,
6272156,841,8,2013,U,,,N,F,,C,2013_08_AZ0070900_NIBRS,
6294488,841,9,2013,U,,,N,F,,C,2013_09_AZ0070900_NIBRS,
6316820,841,10,2013,U,,,N,F,,C,2013_10_AZ0070900_NIBRS,
6339152,841,11,2013,U,,,N,F,,C,2013_11_AZ0070900_NIBRS,
6361484,841,12,2013,U,,,N,F,,C,2013_12_AZ0070900_NIBRS,
6115833,842,1,2013,I,,,N,F,,C,2013_01_AZ0071100_NIBRS,
6138165,842,2,2013,I,,,N,F,,C,2013_02_AZ0071100_NIBRS,
6160497,842,3,2013,I,,,N,F,,C,2013_03_AZ0071100_NIBRS,
6182829,842,4,2013,I,,,N,F,,C,2013_04_AZ0071100_NIBRS,
6205161,842,5,2013,I,,,N,F,,C,2013_05_AZ0071100_NIBRS,
6227493,842,6,2013,I,,,N,F,,C,2013_06_AZ0071100_NIBRS,
6249825,842,7,2013,I,,,N,F,,C,2013_07_AZ0071100_NIBRS,
6272157,842,8,2013,I,,,N,F,,C,2013_08_AZ0071100_NIBRS,
6294489,842,9,2013,I,,,N,F,,C,2013_09_AZ0071100_NIBRS,
6316821,842,10,2013,I,,,N,F,,C,2013_10_AZ0071100_NIBRS,
6339153,842,11,2013,I,,,N,F,,C,2013_11_AZ0071100_NIBRS,
6361485,842,12,2013,I,,,N,F,,C,2013_12_AZ0071100_NIBRS,
6115834,843,1,2013,U,,,N,F,,C,2013_01_AZ0071300_NIBRS,
6138166,843,2,2013,U,,,N,F,,C,2013_02_AZ0071300_NIBRS,
6160498,843,3,2013,U,,,N,F,,C,2013_03_AZ0071300_NIBRS,
6182830,843,4,2013,U,,,N,F,,C,2013_04_AZ0071300_NIBRS,
6205162,843,5,2013,U,,,N,F,,C,2013_05_AZ0071300_NIBRS,
6227494,843,6,2013,U,,,N,F,,C,2013_06_AZ0071300_NIBRS,
6249826,843,7,2013,U,,,N,F,,C,2013_07_AZ0071300_NIBRS,
6272158,843,8,2013,U,,,N,F,,C,2013_08_AZ0071300_NIBRS,
6294490,843,9,2013,U,,,N,F,,C,2013_09_AZ0071300_NIBRS,
6316822,843,10,2013,U,,,N,F,,C,2013_10_AZ0071300_NIBRS,
6339154,843,11,2013,U,,,N,F,,C,2013_11_AZ0071300_NIBRS,
6361486,843,12,2013,U,,,N,F,,C,2013_12_AZ0071300_NIBRS,
6115835,844,1,2013,U,,,N,F,,C,2013_01_AZ0071500_NIBRS,
6138167,844,2,2013,U,,,N,F,,C,2013_02_AZ0071500_NIBRS,
6160499,844,3,2013,U,,,N,F,,C,2013_03_AZ0071500_NIBRS,
6182831,844,4,2013,U,,,N,F,,C,2013_04_AZ0071500_NIBRS,
6205163,844,5,2013,U,,,N,F,,C,2013_05_AZ0071500_NIBRS,
6227495,844,6,2013,U,,,N,F,,C,2013_06_AZ0071500_NIBRS,
6249827,844,7,2013,U,,,N,F,,C,2013_07_AZ0071500_NIBRS,
6272159,844,8,2013,U,,,N,F,,C,2013_08_AZ0071500_NIBRS,
6294491,844,9,2013,U,,,N,F,,C,2013_09_AZ0071500_NIBRS,
6316823,844,10,2013,U,,,N,F,,C,2013_10_AZ0071500_NIBRS,
6339155,844,11,2013,U,,,N,F,,C,2013_11_AZ0071500_NIBRS,
6361487,844,12,2013,U,,,N,F,,C,2013_12_AZ0071500_NIBRS,
6115836,845,1,2013,U,,,N,F,,C,2013_01_AZ0071700_NIBRS,
6138168,845,2,2013,U,,,N,F,,C,2013_02_AZ0071700_NIBRS,
6160500,845,3,2013,U,,,N,F,,C,2013_03_AZ0071700_NIBRS,
6182832,845,4,2013,U,,,N,F,,C,2013_04_AZ0071700_NIBRS,
6205164,845,5,2013,U,,,N,F,,C,2013_05_AZ0071700_NIBRS,
6227496,845,6,2013,U,,,N,F,,C,2013_06_AZ0071700_NIBRS,
6249828,845,7,2013,U,,,N,F,,C,2013_07_AZ0071700_NIBRS,
6272160,845,8,2013,U,,,N,F,,C,2013_08_AZ0071700_NIBRS,
6294492,845,9,2013,U,,,N,F,,C,2013_09_AZ0071700_NIBRS,
6316824,845,10,2013,U,,,N,F,,C,2013_10_AZ0071700_NIBRS,
6339156,845,11,2013,U,,,N,F,,C,2013_11_AZ0071700_NIBRS,
6361488,845,12,2013,U,,,N,F,,C,2013_12_AZ0071700_NIBRS,
6115837,846,1,2013,U,,,N,F,,C,2013_01_AZ0071900_NIBRS,
6138169,846,2,2013,U,,,N,F,,C,2013_02_AZ0071900_NIBRS,
6160501,846,3,2013,U,,,N,F,,C,2013_03_AZ0071900_NIBRS,
6182833,846,4,2013,U,,,N,F,,C,2013_04_AZ0071900_NIBRS,
6205165,846,5,2013,U,,,N,F,,C,2013_05_AZ0071900_NIBRS,
6227497,846,6,2013,U,,,N,F,,C,2013_06_AZ0071900_NIBRS,
6249829,846,7,2013,U,,,N,F,,C,2013_07_AZ0071900_NIBRS,
6272161,846,8,2013,U,,,N,F,,C,2013_08_AZ0071900_NIBRS,
6294493,846,9,2013,U,,,N,F,,C,2013_09_AZ0071900_NIBRS,
6316825,846,10,2013,U,,,N,F,,C,2013_10_AZ0071900_NIBRS,
6339157,846,11,2013,U,,,N,F,,C,2013_11_AZ0071900_NIBRS,
6361489,846,12,2013,U,,,N,F,,C,2013_12_AZ0071900_NIBRS,
6115838,847,1,2013,U,,,N,F,,C,2013_01_AZ0072100_NIBRS,
6138170,847,2,2013,U,,,N,F,,C,2013_02_AZ0072100_NIBRS,
6160502,847,3,2013,U,,,N,F,,C,2013_03_AZ0072100_NIBRS,
6182834,847,4,2013,U,,,N,F,,C,2013_04_AZ0072100_NIBRS,
6205166,847,5,2013,U,,,N,F,,C,2013_05_AZ0072100_NIBRS,
6227498,847,6,2013,U,,,N,F,,C,2013_06_AZ0072100_NIBRS,
6249830,847,7,2013,U,,,N,F,,C,2013_07_AZ0072100_NIBRS,
6272162,847,8,2013,U,,,N,F,,C,2013_08_AZ0072100_NIBRS,
6294494,847,9,2013,U,,,N,F,,C,2013_09_AZ0072100_NIBRS,
6316826,847,10,2013,U,,,N,F,,C,2013_10_AZ0072100_NIBRS,
6339158,847,11,2013,U,,,N,F,,C,2013_11_AZ0072100_NIBRS,
6361490,847,12,2013,U,,,N,F,,C,2013_12_AZ0072100_NIBRS,
6115839,848,1,2013,U,,,N,F,,C,2013_01_AZ0072300_NIBRS,
6138171,848,2,2013,U,,,N,F,,C,2013_02_AZ0072300_NIBRS,
6160503,848,3,2013,U,,,N,F,,C,2013_03_AZ0072300_NIBRS,
6182835,848,4,2013,U,,,N,F,,C,2013_04_AZ0072300_NIBRS,
6205167,848,5,2013,U,,,N,F,,C,2013_05_AZ0072300_NIBRS,
6227499,848,6,2013,U,,,N,F,,C,2013_06_AZ0072300_NIBRS,
6249831,848,7,2013,U,,,N,F,,C,2013_07_AZ0072300_NIBRS,
6272163,848,8,2013,U,,,N,F,,C,2013_08_AZ0072300_NIBRS,
6294495,848,9,2013,U,,,N,F,,C,2013_09_AZ0072300_NIBRS,
6316827,848,10,2013,U,,,N,F,,C,2013_10_AZ0072300_NIBRS,
6339159,848,11,2013,U,,,N,F,,C,2013_11_AZ0072300_NIBRS,
6361491,848,12,2013,U,,,N,F,,C,2013_12_AZ0072300_NIBRS,
6115840,849,1,2013,U,,,N,F,,C,2013_01_AZ0072500_NIBRS,
6138172,849,2,2013,U,,,N,F,,C,2013_02_AZ0072500_NIBRS,
6160504,849,3,2013,U,,,N,F,,C,2013_03_AZ0072500_NIBRS,
6182836,849,4,2013,U,,,N,F,,C,2013_04_AZ0072500_NIBRS,
6205168,849,5,2013,U,,,N,F,,C,2013_05_AZ0072500_NIBRS,
6227500,849,6,2013,U,,,N,F,,C,2013_06_AZ0072500_NIBRS,
6249832,849,7,2013,U,,,N,F,,C,2013_07_AZ0072500_NIBRS,
6272164,849,8,2013,U,,,N,F,,C,2013_08_AZ0072500_NIBRS,
6294496,849,9,2013,U,,,N,F,,C,2013_09_AZ0072500_NIBRS,
6316828,849,10,2013,U,,,N,F,,C,2013_10_AZ0072500_NIBRS,
6339160,849,11,2013,U,,,N,F,,C,2013_11_AZ0072500_NIBRS,
6361492,849,12,2013,U,,,N,F,,C,2013_12_AZ0072500_NIBRS,
6115841,850,1,2013,U,,,N,F,,C,2013_01_AZ0072700_NIBRS,
6138173,850,2,2013,U,,,N,F,,C,2013_02_AZ0072700_NIBRS,
6160505,850,3,2013,U,,,N,F,,C,2013_03_AZ0072700_NIBRS,
6182837,850,4,2013,U,,,N,F,,C,2013_04_AZ0072700_NIBRS,
6205169,850,5,2013,U,,,N,F,,C,2013_05_AZ0072700_NIBRS,
6227501,850,6,2013,U,,,N,F,,C,2013_06_AZ0072700_NIBRS,
6249833,850,7,2013,U,,,N,F,,C,2013_07_AZ0072700_NIBRS,
6272165,850,8,2013,U,,,N,F,,C,2013_08_AZ0072700_NIBRS,
6294497,850,9,2013,U,,,N,F,,C,2013_09_AZ0072700_NIBRS,
6316829,850,10,2013,U,,,N,F,,C,2013_10_AZ0072700_NIBRS,
6339161,850,11,2013,U,,,N,F,,C,2013_11_AZ0072700_NIBRS,
6361493,850,12,2013,U,,,N,F,,C,2013_12_AZ0072700_NIBRS,
6115842,851,1,2013,U,,,N,F,,C,2013_01_AZ0072900_NIBRS,
6138174,851,2,2013,U,,,N,F,,C,2013_02_AZ0072900_NIBRS,
6160506,851,3,2013,U,,,N,F,,C,2013_03_AZ0072900_NIBRS,
6182838,851,4,2013,U,,,N,F,,C,2013_04_AZ0072900_NIBRS,
6205170,851,5,2013,U,,,N,F,,C,2013_05_AZ0072900_NIBRS,
6227502,851,6,2013,U,,,N,F,,C,2013_06_AZ0072900_NIBRS,
6249834,851,7,2013,U,,,N,F,,C,2013_07_AZ0072900_NIBRS,
6272166,851,8,2013,U,,,N,F,,C,2013_08_AZ0072900_NIBRS,
6294498,851,9,2013,U,,,N,F,,C,2013_09_AZ0072900_NIBRS,
6316830,851,10,2013,U,,,N,F,,C,2013_10_AZ0072900_NIBRS,
6339162,851,11,2013,U,,,N,F,,C,2013_11_AZ0072900_NIBRS,
6361494,851,12,2013,U,,,N,F,,C,2013_12_AZ0072900_NIBRS,
6115843,852,1,2013,U,,,N,F,,C,2013_01_AZ0073100_NIBRS,
6138175,852,2,2013,U,,,N,F,,C,2013_02_AZ0073100_NIBRS,
6160507,852,3,2013,U,,,N,F,,C,2013_03_AZ0073100_NIBRS,
6182839,852,4,2013,U,,,N,F,,C,2013_04_AZ0073100_NIBRS,
6205171,852,5,2013,U,,,N,F,,C,2013_05_AZ0073100_NIBRS,
6227503,852,6,2013,U,,,N,F,,C,2013_06_AZ0073100_NIBRS,
6249835,852,7,2013,U,,,N,F,,C,2013_07_AZ0073100_NIBRS,
6272167,852,8,2013,U,,,N,F,,C,2013_08_AZ0073100_NIBRS,
6294499,852,9,2013,U,,,N,F,,C,2013_09_AZ0073100_NIBRS,
6316831,852,10,2013,U,,,N,F,,C,2013_10_AZ0073100_NIBRS,
6339163,852,11,2013,U,,,N,F,,C,2013_11_AZ0073100_NIBRS,
6361495,852,12,2013,U,,,N,F,,C,2013_12_AZ0073100_NIBRS,
6115844,853,1,2013,U,,,N,F,,C,2013_01_AZ0073300_NIBRS,
6138176,853,2,2013,U,,,N,F,,C,2013_02_AZ0073300_NIBRS,
6160508,853,3,2013,U,,,N,F,,C,2013_03_AZ0073300_NIBRS,
6182840,853,4,2013,U,,,N,F,,C,2013_04_AZ0073300_NIBRS,
6205172,853,5,2013,U,,,N,F,,C,2013_05_AZ0073300_NIBRS,
6227504,853,6,2013,U,,,N,F,,C,2013_06_AZ0073300_NIBRS,
6249836,853,7,2013,U,,,N,F,,C,2013_07_AZ0073300_NIBRS,
6272168,853,8,2013,U,,,N,F,,C,2013_08_AZ0073300_NIBRS,
6294500,853,9,2013,U,,,N,F,,C,2013_09_AZ0073300_NIBRS,
6316832,853,10,2013,U,,,N,F,,C,2013_10_AZ0073300_NIBRS,
6339164,853,11,2013,U,,,N,F,,C,2013_11_AZ0073300_NIBRS,
6361496,853,12,2013,U,,,N,F,,C,2013_12_AZ0073300_NIBRS,
6115845,854,1,2013,U,,,N,F,,C,2013_01_AZ0073500_NIBRS,
6138177,854,2,2013,U,,,N,F,,C,2013_02_AZ0073500_NIBRS,
6160509,854,3,2013,U,,,N,F,,C,2013_03_AZ0073500_NIBRS,
6182841,854,4,2013,U,,,N,F,,C,2013_04_AZ0073500_NIBRS,
6205173,854,5,2013,U,,,N,F,,C,2013_05_AZ0073500_NIBRS,
6227505,854,6,2013,U,,,N,F,,C,2013_06_AZ0073500_NIBRS,
6249837,854,7,2013,U,,,N,F,,C,2013_07_AZ0073500_NIBRS,
6272169,854,8,2013,U,,,N,F,,C,2013_08_AZ0073500_NIBRS,
6294501,854,9,2013,U,,,N,F,,C,2013_09_AZ0073500_NIBRS,
6316833,854,10,2013,U,,,N,F,,C,2013_10_AZ0073500_NIBRS,
6339165,854,11,2013,U,,,N,F,,C,2013_11_AZ0073500_NIBRS,
6361497,854,12,2013,U,,,N,F,,C,2013_12_AZ0073500_NIBRS,
6115846,855,1,2013,U,,,N,F,,C,2013_01_AZ0073900_NIBRS,
6138178,855,2,2013,U,,,N,F,,C,2013_02_AZ0073900_NIBRS,
6160510,855,3,2013,U,,,N,F,,C,2013_03_AZ0073900_NIBRS,
6182842,855,4,2013,U,,,N,F,,C,2013_04_AZ0073900_NIBRS,
6205174,855,5,2013,U,,,N,F,,C,2013_05_AZ0073900_NIBRS,
6227506,855,6,2013,U,,,N,F,,C,2013_06_AZ0073900_NIBRS,
6249838,855,7,2013,U,,,N,F,,C,2013_07_AZ0073900_NIBRS,
6272170,855,8,2013,U,,,N,F,,C,2013_08_AZ0073900_NIBRS,
6294502,855,9,2013,U,,,N,F,,C,2013_09_AZ0073900_NIBRS,
6316834,855,10,2013,U,,,N,F,,C,2013_10_AZ0073900_NIBRS,
6339166,855,11,2013,U,,,N,F,,C,2013_11_AZ0073900_NIBRS,
6361498,855,12,2013,U,,,N,F,,C,2013_12_AZ0073900_NIBRS,
6115847,856,1,2013,U,,,N,F,,C,2013_01_AZ0074400_NIBRS,
6138179,856,2,2013,U,,,N,F,,C,2013_02_AZ0074400_NIBRS,
6160511,856,3,2013,U,,,N,F,,C,2013_03_AZ0074400_NIBRS,
6182843,856,4,2013,U,,,N,F,,C,2013_04_AZ0074400_NIBRS,
6205175,856,5,2013,U,,,N,F,,C,2013_05_AZ0074400_NIBRS,
6227507,856,6,2013,U,,,N,F,,C,2013_06_AZ0074400_NIBRS,
6249839,856,7,2013,U,,,N,F,,C,2013_07_AZ0074400_NIBRS,
6272171,856,8,2013,U,,,N,F,,C,2013_08_AZ0074400_NIBRS,
6294503,856,9,2013,U,,,N,F,,C,2013_09_AZ0074400_NIBRS,
6316835,856,10,2013,U,,,N,F,,C,2013_10_AZ0074400_NIBRS,
6339167,856,11,2013,U,,,N,F,,C,2013_11_AZ0074400_NIBRS,
6361499,856,12,2013,U,,,N,F,,C,2013_12_AZ0074400_NIBRS,
6115848,857,1,2013,U,,,N,F,,C,2013_01_AZ0075700_NIBRS,
6138180,857,2,2013,U,,,N,F,,C,2013_02_AZ0075700_NIBRS,
6160512,857,3,2013,U,,,N,F,,C,2013_03_AZ0075700_NIBRS,
6182844,857,4,2013,U,,,N,F,,C,2013_04_AZ0075700_NIBRS,
6205176,857,5,2013,U,,,N,F,,C,2013_05_AZ0075700_NIBRS,
6227508,857,6,2013,U,,,N,F,,C,2013_06_AZ0075700_NIBRS,
6249840,857,7,2013,U,,,N,F,,C,2013_07_AZ0075700_NIBRS,
6272172,857,8,2013,U,,,N,F,,C,2013_08_AZ0075700_NIBRS,
6294504,857,9,2013,U,,,N,F,,C,2013_09_AZ0075700_NIBRS,
6316836,857,10,2013,U,,,N,F,,C,2013_10_AZ0075700_NIBRS,
6339168,857,11,2013,U,,,N,F,,C,2013_11_AZ0075700_NIBRS,
6361500,857,12,2013,U,,,N,F,,C,2013_12_AZ0075700_NIBRS,
6115849,858,1,2013,U,,,N,F,,C,2013_01_AZ0078800_NIBRS,
6138181,858,2,2013,U,,,N,F,,C,2013_02_AZ0078800_NIBRS,
6160513,858,3,2013,U,,,N,F,,C,2013_03_AZ0078800_NIBRS,
6182845,858,4,2013,U,,,N,F,,C,2013_04_AZ0078800_NIBRS,
6205177,858,5,2013,U,,,N,F,,C,2013_05_AZ0078800_NIBRS,
6227509,858,6,2013,U,,,N,F,,C,2013_06_AZ0078800_NIBRS,
6249841,858,7,2013,U,,,N,F,,C,2013_07_AZ0078800_NIBRS,
6272173,858,8,2013,U,,,N,F,,C,2013_08_AZ0078800_NIBRS,
6294505,858,9,2013,U,,,N,F,,C,2013_09_AZ0078800_NIBRS,
6316837,858,10,2013,U,,,N,F,,C,2013_10_AZ0078800_NIBRS,
6339169,858,11,2013,U,,,N,F,,C,2013_11_AZ0078800_NIBRS,
6361501,858,12,2013,U,,,N,F,,C,2013_12_AZ0078800_NIBRS,
6115850,859,1,2013,U,,,N,F,,C,2013_01_AZ0078900_NIBRS,
6138182,859,2,2013,U,,,N,F,,C,2013_02_AZ0078900_NIBRS,
6160514,859,3,2013,U,,,N,F,,C,2013_03_AZ0078900_NIBRS,
6182846,859,4,2013,U,,,N,F,,C,2013_04_AZ0078900_NIBRS,
6205178,859,5,2013,U,,,N,F,,C,2013_05_AZ0078900_NIBRS,
6227510,859,6,2013,U,,,N,F,,C,2013_06_AZ0078900_NIBRS,
6249842,859,7,2013,U,,,N,F,,C,2013_07_AZ0078900_NIBRS,
6272174,859,8,2013,U,,,N,F,,C,2013_08_AZ0078900_NIBRS,
6294506,859,9,2013,U,,,N,F,,C,2013_09_AZ0078900_NIBRS,
6316838,859,10,2013,U,,,N,F,,C,2013_10_AZ0078900_NIBRS,
6339170,859,11,2013,U,,,N,F,,C,2013_11_AZ0078900_NIBRS,
6361502,859,12,2013,U,,,N,F,,C,2013_12_AZ0078900_NIBRS,
6115851,860,1,2013,U,,,N,F,,C,2013_01_AZ0079700_NIBRS,
6138183,860,2,2013,U,,,N,F,,C,2013_02_AZ0079700_NIBRS,
6160515,860,3,2013,U,,,N,F,,C,2013_03_AZ0079700_NIBRS,
6182847,860,4,2013,U,,,N,F,,C,2013_04_AZ0079700_NIBRS,
6205179,860,5,2013,U,,,N,F,,C,2013_05_AZ0079700_NIBRS,
6227511,860,6,2013,U,,,N,F,,C,2013_06_AZ0079700_NIBRS,
6249843,860,7,2013,U,,,N,F,,C,2013_07_AZ0079700_NIBRS,
6272175,860,8,2013,U,,,N,F,,C,2013_08_AZ0079700_NIBRS,
6294507,860,9,2013,U,,,N,F,,C,2013_09_AZ0079700_NIBRS,
6316839,860,10,2013,U,,,N,F,,C,2013_10_AZ0079700_NIBRS,
6339171,860,11,2013,U,,,N,F,,C,2013_11_AZ0079700_NIBRS,
6361503,860,12,2013,U,,,N,F,,C,2013_12_AZ0079700_NIBRS,
6115852,861,1,2013,U,,,N,F,,C,2013_01_AZ0080000_NIBRS,
6138184,861,2,2013,U,,,N,F,,C,2013_02_AZ0080000_NIBRS,
6160516,861,3,2013,U,,,N,F,,C,2013_03_AZ0080000_NIBRS,
6182848,861,4,2013,U,,,N,F,,C,2013_04_AZ0080000_NIBRS,
6205180,861,5,2013,U,,,N,F,,C,2013_05_AZ0080000_NIBRS,
6227512,861,6,2013,U,,,N,F,,C,2013_06_AZ0080000_NIBRS,
6249844,861,7,2013,U,,,N,F,,C,2013_07_AZ0080000_NIBRS,
6272176,861,8,2013,U,,,N,F,,C,2013_08_AZ0080000_NIBRS,
6294508,861,9,2013,U,,,N,F,,C,2013_09_AZ0080000_NIBRS,
6316840,861,10,2013,U,,,N,F,,C,2013_10_AZ0080000_NIBRS,
6339172,861,11,2013,U,,,N,F,,C,2013_11_AZ0080000_NIBRS,
6361504,861,12,2013,U,,,N,F,,C,2013_12_AZ0080000_NIBRS,
6115853,862,1,2013,U,,,N,F,,C,2013_01_AZ0080100_NIBRS,
6138185,862,2,2013,U,,,N,F,,C,2013_02_AZ0080100_NIBRS,
6160517,862,3,2013,U,,,N,F,,C,2013_03_AZ0080100_NIBRS,
6182849,862,4,2013,U,,,N,F,,C,2013_04_AZ0080100_NIBRS,
6205181,862,5,2013,U,,,N,F,,C,2013_05_AZ0080100_NIBRS,
6227513,862,6,2013,U,,,N,F,,C,2013_06_AZ0080100_NIBRS,
6249845,862,7,2013,U,,,N,F,,C,2013_07_AZ0080100_NIBRS,
6272177,862,8,2013,U,,,N,F,,C,2013_08_AZ0080100_NIBRS,
6294509,862,9,2013,U,,,N,F,,C,2013_09_AZ0080100_NIBRS,
6316841,862,10,2013,U,,,N,F,,C,2013_10_AZ0080100_NIBRS,
6339173,862,11,2013,U,,,N,F,,C,2013_11_AZ0080100_NIBRS,
6361505,862,12,2013,U,,,N,F,,C,2013_12_AZ0080100_NIBRS,
6115854,863,1,2013,U,,,N,F,,C,2013_01_AZ0080300_NIBRS,
6138186,863,2,2013,U,,,N,F,,C,2013_02_AZ0080300_NIBRS,
6160518,863,3,2013,U,,,N,F,,C,2013_03_AZ0080300_NIBRS,
6182850,863,4,2013,U,,,N,F,,C,2013_04_AZ0080300_NIBRS,
6205182,863,5,2013,U,,,N,F,,C,2013_05_AZ0080300_NIBRS,
6227514,863,6,2013,U,,,N,F,,C,2013_06_AZ0080300_NIBRS,
6249846,863,7,2013,U,,,N,F,,C,2013_07_AZ0080300_NIBRS,
6272178,863,8,2013,U,,,N,F,,C,2013_08_AZ0080300_NIBRS,
6294510,863,9,2013,U,,,N,F,,C,2013_09_AZ0080300_NIBRS,
6316842,863,10,2013,U,,,N,F,,C,2013_10_AZ0080300_NIBRS,
6339174,863,11,2013,U,,,N,F,,C,2013_11_AZ0080300_NIBRS,
6361506,863,12,2013,U,,,N,F,,C,2013_12_AZ0080300_NIBRS,
6115855,864,1,2013,U,,,N,F,,C,2013_01_AZ0080400_NIBRS,
6138187,864,2,2013,U,,,N,F,,C,2013_02_AZ0080400_NIBRS,
6160519,864,3,2013,U,,,N,F,,C,2013_03_AZ0080400_NIBRS,
6182851,864,4,2013,U,,,N,F,,C,2013_04_AZ0080400_NIBRS,
6205183,864,5,2013,U,,,N,F,,C,2013_05_AZ0080400_NIBRS,
6227515,864,6,2013,U,,,N,F,,C,2013_06_AZ0080400_NIBRS,
6249847,864,7,2013,U,,,N,F,,C,2013_07_AZ0080400_NIBRS,
6272179,864,8,2013,U,,,N,F,,C,2013_08_AZ0080400_NIBRS,
6294511,864,9,2013,U,,,N,F,,C,2013_09_AZ0080400_NIBRS,
6316843,864,10,2013,U,,,N,F,,C,2013_10_AZ0080400_NIBRS,
6339175,864,11,2013,U,,,N,F,,C,2013_11_AZ0080400_NIBRS,
6361507,864,12,2013,U,,,N,F,,C,2013_12_AZ0080400_NIBRS,
6115856,865,1,2013,U,,,N,F,,C,2013_01_AZ0080500_NIBRS,
6138188,865,2,2013,U,,,N,F,,C,2013_02_AZ0080500_NIBRS,
6160520,865,3,2013,U,,,N,F,,C,2013_03_AZ0080500_NIBRS,
6182852,865,4,2013,U,,,N,F,,C,2013_04_AZ0080500_NIBRS,
6205184,865,5,2013,U,,,N,F,,C,2013_05_AZ0080500_NIBRS,
6227516,865,6,2013,U,,,N,F,,C,2013_06_AZ0080500_NIBRS,
6249848,865,7,2013,U,,,N,F,,C,2013_07_AZ0080500_NIBRS,
6272180,865,8,2013,U,,,N,F,,C,2013_08_AZ0080500_NIBRS,
6294512,865,9,2013,U,,,N,F,,C,2013_09_AZ0080500_NIBRS,
6316844,865,10,2013,U,,,N,F,,C,2013_10_AZ0080500_NIBRS,
6339176,865,11,2013,U,,,N,F,,C,2013_11_AZ0080500_NIBRS,
6361508,865,12,2013,U,,,N,F,,C,2013_12_AZ0080500_NIBRS,
6115857,866,1,2013,U,,,N,F,,C,2013_01_AZ0080600_NIBRS,
6138189,866,2,2013,U,,,N,F,,C,2013_02_AZ0080600_NIBRS,
6160521,866,3,2013,U,,,N,F,,C,2013_03_AZ0080600_NIBRS,
6182853,866,4,2013,U,,,N,F,,C,2013_04_AZ0080600_NIBRS,
6205185,866,5,2013,U,,,N,F,,C,2013_05_AZ0080600_NIBRS,
6227517,866,6,2013,U,,,N,F,,C,2013_06_AZ0080600_NIBRS,
6249849,866,7,2013,U,,,N,F,,C,2013_07_AZ0080600_NIBRS,
6272181,866,8,2013,U,,,N,F,,C,2013_08_AZ0080600_NIBRS,
6294513,866,9,2013,U,,,N,F,,C,2013_09_AZ0080600_NIBRS,
6316845,866,10,2013,U,,,N,F,,C,2013_10_AZ0080600_NIBRS,
6339177,866,11,2013,U,,,N,F,,C,2013_11_AZ0080600_NIBRS,
6361509,866,12,2013,U,,,N,F,,C,2013_12_AZ0080600_NIBRS,
6115858,867,1,2013,U,,,N,F,,C,2013_01_AZ0080700_NIBRS,
6138190,867,2,2013,U,,,N,F,,C,2013_02_AZ0080700_NIBRS,
6160522,867,3,2013,U,,,N,F,,C,2013_03_AZ0080700_NIBRS,
6182854,867,4,2013,U,,,N,F,,C,2013_04_AZ0080700_NIBRS,
6205186,867,5,2013,U,,,N,F,,C,2013_05_AZ0080700_NIBRS,
6227518,867,6,2013,U,,,N,F,,C,2013_06_AZ0080700_NIBRS,
6249850,867,7,2013,U,,,N,F,,C,2013_07_AZ0080700_NIBRS,
6272182,867,8,2013,U,,,N,F,,C,2013_08_AZ0080700_NIBRS,
6294514,867,9,2013,U,,,N,F,,C,2013_09_AZ0080700_NIBRS,
6316846,867,10,2013,U,,,N,F,,C,2013_10_AZ0080700_NIBRS,
6339178,867,11,2013,U,,,N,F,,C,2013_11_AZ0080700_NIBRS,
6361510,867,12,2013,U,,,N,F,,C,2013_12_AZ0080700_NIBRS,
6115859,868,1,2013,U,,,N,F,,C,2013_01_AZ0090000_NIBRS,
6138191,868,2,2013,U,,,N,F,,C,2013_02_AZ0090000_NIBRS,
6160523,868,3,2013,U,,,N,F,,C,2013_03_AZ0090000_NIBRS,
6182855,868,4,2013,U,,,N,F,,C,2013_04_AZ0090000_NIBRS,
6205187,868,5,2013,U,,,N,F,,C,2013_05_AZ0090000_NIBRS,
6227519,868,6,2013,U,,,N,F,,C,2013_06_AZ0090000_NIBRS,
6249851,868,7,2013,U,,,N,F,,C,2013_07_AZ0090000_NIBRS,
6272183,868,8,2013,U,,,N,F,,C,2013_08_AZ0090000_NIBRS,
6294515,868,9,2013,U,,,N,F,,C,2013_09_AZ0090000_NIBRS,
6316847,868,10,2013,U,,,N,F,,C,2013_10_AZ0090000_NIBRS,
6339179,868,11,2013,U,,,N,F,,C,2013_11_AZ0090000_NIBRS,
6361511,868,12,2013,U,,,N,F,,C,2013_12_AZ0090000_NIBRS,
6115860,869,1,2013,U,,,N,F,,C,2013_01_AZ0090100_NIBRS,
6138192,869,2,2013,U,,,N,F,,C,2013_02_AZ0090100_NIBRS,
6160524,869,3,2013,U,,,N,F,,C,2013_03_AZ0090100_NIBRS,
6182856,869,4,2013,U,,,N,F,,C,2013_04_AZ0090100_NIBRS,
6205188,869,5,2013,U,,,N,F,,C,2013_05_AZ0090100_NIBRS,
6227520,869,6,2013,U,,,N,F,,C,2013_06_AZ0090100_NIBRS,
6249852,869,7,2013,U,,,N,F,,C,2013_07_AZ0090100_NIBRS,
6272184,869,8,2013,U,,,N,F,,C,2013_08_AZ0090100_NIBRS,
6294516,869,9,2013,U,,,N,F,,C,2013_09_AZ0090100_NIBRS,
6316848,869,10,2013,U,,,N,F,,C,2013_10_AZ0090100_NIBRS,
6339180,869,11,2013,U,,,N,F,,C,2013_11_AZ0090100_NIBRS,
6361512,869,12,2013,U,,,N,F,,C,2013_12_AZ0090100_NIBRS,
6115861,870,1,2013,U,,,N,F,,C,2013_01_AZ0090300_NIBRS,
6138193,870,2,2013,U,,,N,F,,C,2013_02_AZ0090300_NIBRS,
6160525,870,3,2013,U,,,N,F,,C,2013_03_AZ0090300_NIBRS,
6182857,870,4,2013,U,,,N,F,,C,2013_04_AZ0090300_NIBRS,
6205189,870,5,2013,U,,,N,F,,C,2013_05_AZ0090300_NIBRS,
6227521,870,6,2013,U,,,N,F,,C,2013_06_AZ0090300_NIBRS,
6249853,870,7,2013,U,,,N,F,,C,2013_07_AZ0090300_NIBRS,
6272185,870,8,2013,U,,,N,F,,C,2013_08_AZ0090300_NIBRS,
6294517,870,9,2013,U,,,N,F,,C,2013_09_AZ0090300_NIBRS,
6316849,870,10,2013,U,,,N,F,,C,2013_10_AZ0090300_NIBRS,
6339181,870,11,2013,U,,,N,F,,C,2013_11_AZ0090300_NIBRS,
6361513,870,12,2013,U,,,N,F,,C,2013_12_AZ0090300_NIBRS,
6115862,871,1,2013,U,,,N,F,,C,2013_01_AZ0090500_NIBRS,
6138194,871,2,2013,U,,,N,F,,C,2013_02_AZ0090500_NIBRS,
6160526,871,3,2013,U,,,N,F,,C,2013_03_AZ0090500_NIBRS,
6182858,871,4,2013,U,,,N,F,,C,2013_04_AZ0090500_NIBRS,
6205190,871,5,2013,U,,,N,F,,C,2013_05_AZ0090500_NIBRS,
6227522,871,6,2013,U,,,N,F,,C,2013_06_AZ0090500_NIBRS,
6249854,871,7,2013,U,,,N,F,,C,2013_07_AZ0090500_NIBRS,
6272186,871,8,2013,U,,,N,F,,C,2013_08_AZ0090500_NIBRS,
6294518,871,9,2013,U,,,N,F,,C,2013_09_AZ0090500_NIBRS,
6316850,871,10,2013,U,,,N,F,,C,2013_10_AZ0090500_NIBRS,
6339182,871,11,2013,U,,,N,F,,C,2013_11_AZ0090500_NIBRS,
6361514,871,12,2013,U,,,N,F,,C,2013_12_AZ0090500_NIBRS,
6115863,872,1,2013,U,,,N,F,,C,2013_01_AZ0090700_NIBRS,
6138195,872,2,2013,U,,,N,F,,C,2013_02_AZ0090700_NIBRS,
6160527,872,3,2013,U,,,N,F,,C,2013_03_AZ0090700_NIBRS,
6182859,872,4,2013,U,,,N,F,,C,2013_04_AZ0090700_NIBRS,
6205191,872,5,2013,U,,,N,F,,C,2013_05_AZ0090700_NIBRS,
6227523,872,6,2013,U,,,N,F,,C,2013_06_AZ0090700_NIBRS,
6249855,872,7,2013,U,,,N,F,,C,2013_07_AZ0090700_NIBRS,
6272187,872,8,2013,U,,,N,F,,C,2013_08_AZ0090700_NIBRS,
6294519,872,9,2013,U,,,N,F,,C,2013_09_AZ0090700_NIBRS,
6316851,872,10,2013,U,,,N,F,,C,2013_10_AZ0090700_NIBRS,
6339183,872,11,2013,U,,,N,F,,C,2013_11_AZ0090700_NIBRS,
6361515,872,12,2013,U,,,N,F,,C,2013_12_AZ0090700_NIBRS,
6115864,873,1,2013,U,,,N,F,,C,2013_01_AZ0090900_NIBRS,
6138196,873,2,2013,U,,,N,F,,C,2013_02_AZ0090900_NIBRS,
6160528,873,3,2013,U,,,N,F,,C,2013_03_AZ0090900_NIBRS,
6182860,873,4,2013,U,,,N,F,,C,2013_04_AZ0090900_NIBRS,
6205192,873,5,2013,U,,,N,F,,C,2013_05_AZ0090900_NIBRS,
6227524,873,6,2013,U,,,N,F,,C,2013_06_AZ0090900_NIBRS,
6249856,873,7,2013,U,,,N,F,,C,2013_07_AZ0090900_NIBRS,
6272188,873,8,2013,U,,,N,F,,C,2013_08_AZ0090900_NIBRS,
6294520,873,9,2013,U,,,N,F,,C,2013_09_AZ0090900_NIBRS,
6316852,873,10,2013,U,,,N,F,,C,2013_10_AZ0090900_NIBRS,
6339184,873,11,2013,U,,,N,F,,C,2013_11_AZ0090900_NIBRS,
6361516,873,12,2013,U,,,N,F,,C,2013_12_AZ0090900_NIBRS,
6115865,874,1,2013,U,,,N,F,,C,2013_01_AZ0091300_NIBRS,
6138197,874,2,2013,U,,,N,F,,C,2013_02_AZ0091300_NIBRS,
6160529,874,3,2013,U,,,N,F,,C,2013_03_AZ0091300_NIBRS,
6182861,874,4,2013,U,,,N,F,,C,2013_04_AZ0091300_NIBRS,
6205193,874,5,2013,U,,,N,F,,C,2013_05_AZ0091300_NIBRS,
6227525,874,6,2013,U,,,N,F,,C,2013_06_AZ0091300_NIBRS,
6249857,874,7,2013,U,,,N,F,,C,2013_07_AZ0091300_NIBRS,
6272189,874,8,2013,U,,,N,F,,C,2013_08_AZ0091300_NIBRS,
6294521,874,9,2013,U,,,N,F,,C,2013_09_AZ0091300_NIBRS,
6316853,874,10,2013,U,,,N,F,,C,2013_10_AZ0091300_NIBRS,
6339185,874,11,2013,U,,,N,F,,C,2013_11_AZ0091300_NIBRS,
6361517,874,12,2013,U,,,N,F,,C,2013_12_AZ0091300_NIBRS,
6115866,875,1,2013,U,,,N,F,,C,2013_01_AZ0098900_NIBRS,
6138198,875,2,2013,U,,,N,F,,C,2013_02_AZ0098900_NIBRS,
6160530,875,3,2013,U,,,N,F,,C,2013_03_AZ0098900_NIBRS,
6182862,875,4,2013,U,,,N,F,,C,2013_04_AZ0098900_NIBRS,
6205194,875,5,2013,U,,,N,F,,C,2013_05_AZ0098900_NIBRS,
6227526,875,6,2013,U,,,N,F,,C,2013_06_AZ0098900_NIBRS,
6249858,875,7,2013,U,,,N,F,,C,2013_07_AZ0098900_NIBRS,
6272190,875,8,2013,U,,,N,F,,C,2013_08_AZ0098900_NIBRS,
6294522,875,9,2013,U,,,N,F,,C,2013_09_AZ0098900_NIBRS,
6316854,875,10,2013,U,,,N,F,,C,2013_10_AZ0098900_NIBRS,
6339186,875,11,2013,U,,,N,F,,C,2013_11_AZ0098900_NIBRS,
6361518,875,12,2013,U,,,N,F,,C,2013_12_AZ0098900_NIBRS,
6115867,876,1,2013,U,,,N,F,,C,2013_01_AZ0100000_NIBRS,
6138199,876,2,2013,U,,,N,F,,C,2013_02_AZ0100000_NIBRS,
6160531,876,3,2013,U,,,N,F,,C,2013_03_AZ0100000_NIBRS,
6182863,876,4,2013,U,,,N,F,,C,2013_04_AZ0100000_NIBRS,
6205195,876,5,2013,U,,,N,F,,C,2013_05_AZ0100000_NIBRS,
6227527,876,6,2013,U,,,N,F,,C,2013_06_AZ0100000_NIBRS,
6249859,876,7,2013,U,,,N,F,,C,2013_07_AZ0100000_NIBRS,
6272191,876,8,2013,U,,,N,F,,C,2013_08_AZ0100000_NIBRS,
6294523,876,9,2013,U,,,N,F,,C,2013_09_AZ0100000_NIBRS,
6316855,876,10,2013,U,,,N,F,,C,2013_10_AZ0100000_NIBRS,
6339187,876,11,2013,U,,,N,F,,C,2013_11_AZ0100000_NIBRS,
6361519,876,12,2013,U,,,N,F,,C,2013_12_AZ0100000_NIBRS,
6115868,877,1,2013,U,,,N,F,,C,2013_01_AZ0100100_NIBRS,
6138200,877,2,2013,U,,,N,F,,C,2013_02_AZ0100100_NIBRS,
6160532,877,3,2013,U,,,N,F,,C,2013_03_AZ0100100_NIBRS,
6182864,877,4,2013,U,,,N,F,,C,2013_04_AZ0100100_NIBRS,
6205196,877,5,2013,U,,,N,F,,C,2013_05_AZ0100100_NIBRS,
6227528,877,6,2013,U,,,N,F,,C,2013_06_AZ0100100_NIBRS,
6249860,877,7,2013,U,,,N,F,,C,2013_07_AZ0100100_NIBRS,
6272192,877,8,2013,U,,,N,F,,C,2013_08_AZ0100100_NIBRS,
6294524,877,9,2013,U,,,N,F,,C,2013_09_AZ0100100_NIBRS,
6316856,877,10,2013,U,,,N,F,,C,2013_10_AZ0100100_NIBRS,
6339188,877,11,2013,U,,,N,F,,C,2013_11_AZ0100100_NIBRS,
6361520,877,12,2013,U,,,N,F,,C,2013_12_AZ0100100_NIBRS,
6115869,878,1,2013,U,,,N,F,,C,2013_01_AZ0100300_NIBRS,
6138201,878,2,2013,U,,,N,F,,C,2013_02_AZ0100300_NIBRS,
6160533,878,3,2013,U,,,N,F,,C,2013_03_AZ0100300_NIBRS,
6182865,878,4,2013,U,,,N,F,,C,2013_04_AZ0100300_NIBRS,
6205197,878,5,2013,U,,,N,F,,C,2013_05_AZ0100300_NIBRS,
6227529,878,6,2013,U,,,N,F,,C,2013_06_AZ0100300_NIBRS,
6249861,878,7,2013,U,,,N,F,,C,2013_07_AZ0100300_NIBRS,
6272193,878,8,2013,U,,,N,F,,C,2013_08_AZ0100300_NIBRS,
6294525,878,9,2013,U,,,N,F,,C,2013_09_AZ0100300_NIBRS,
6316857,878,10,2013,U,,,N,F,,C,2013_10_AZ0100300_NIBRS,
6339189,878,11,2013,U,,,N,F,,C,2013_11_AZ0100300_NIBRS,
6361521,878,12,2013,U,,,N,F,,C,2013_12_AZ0100300_NIBRS,
6115792,801,1,2013,U,,,N,F,,C,2013_01_AZ0010000_NIBRS,
6138124,801,2,2013,U,,,N,F,,C,2013_02_AZ0010000_NIBRS,
6160456,801,3,2013,U,,,N,F,,C,2013_03_AZ0010000_NIBRS,
6182788,801,4,2013,U,,,N,F,,C,2013_04_AZ0010000_NIBRS,
6205120,801,5,2013,U,,,N,F,,C,2013_05_AZ0010000_NIBRS,
6227452,801,6,2013,U,,,N,F,,C,2013_06_AZ0010000_NIBRS,
6249784,801,7,2013,U,,,N,F,,C,2013_07_AZ0010000_NIBRS,
6272116,801,8,2013,U,,,N,F,,C,2013_08_AZ0010000_NIBRS,
6294448,801,9,2013,U,,,N,F,,C,2013_09_AZ0010000_NIBRS,
6316780,801,10,2013,U,,,N,F,,C,2013_10_AZ0010000_NIBRS,
6339112,801,11,2013,U,,,N,F,,C,2013_11_AZ0010000_NIBRS,
6361444,801,12,2013,U,,,N,F,,C,2013_12_AZ0010000_NIBRS,
6115793,802,1,2013,U,,,N,F,,C,2013_01_AZ0010100_NIBRS,
6138125,802,2,2013,U,,,N,F,,C,2013_02_AZ0010100_NIBRS,
6160457,802,3,2013,U,,,N,F,,C,2013_03_AZ0010100_NIBRS,
6182789,802,4,2013,U,,,N,F,,C,2013_04_AZ0010100_NIBRS,
6205121,802,5,2013,U,,,N,F,,C,2013_05_AZ0010100_NIBRS,
6227453,802,6,2013,U,,,N,F,,C,2013_06_AZ0010100_NIBRS,
6249785,802,7,2013,U,,,N,F,,C,2013_07_AZ0010100_NIBRS,
6272117,802,8,2013,U,,,N,F,,C,2013_08_AZ0010100_NIBRS,
6294449,802,9,2013,U,,,N,F,,C,2013_09_AZ0010100_NIBRS,
6316781,802,10,2013,U,,,N,F,,C,2013_10_AZ0010100_NIBRS,
6339113,802,11,2013,U,,,N,F,,C,2013_11_AZ0010100_NIBRS,
6361445,802,12,2013,U,,,N,F,,C,2013_12_AZ0010100_NIBRS,
6115794,803,1,2013,U,,,N,F,,C,2013_01_AZ0010300_NIBRS,
6138126,803,2,2013,U,,,N,F,,C,2013_02_AZ0010300_NIBRS,
6160458,803,3,2013,U,,,N,F,,C,2013_03_AZ0010300_NIBRS,
6182790,803,4,2013,U,,,N,F,,C,2013_04_AZ0010300_NIBRS,
6205122,803,5,2013,U,,,N,F,,C,2013_05_AZ0010300_NIBRS,
6227454,803,6,2013,U,,,N,F,,C,2013_06_AZ0010300_NIBRS,
6249786,803,7,2013,U,,,N,F,,C,2013_07_AZ0010300_NIBRS,
6272118,803,8,2013,U,,,N,F,,C,2013_08_AZ0010300_NIBRS,
6294450,803,9,2013,U,,,N,F,,C,2013_09_AZ0010300_NIBRS,
6316782,803,10,2013,U,,,N,F,,C,2013_10_AZ0010300_NIBRS,
6339114,803,11,2013,U,,,N,F,,C,2013_11_AZ0010300_NIBRS,
6361446,803,12,2013,U,,,N,F,,C,2013_12_AZ0010300_NIBRS,
6115795,804,1,2013,U,,,N,F,,C,2013_01_AZ0010500_NIBRS,
6138127,804,2,2013,U,,,N,F,,C,2013_02_AZ0010500_NIBRS,
6160459,804,3,2013,U,,,N,F,,C,2013_03_AZ0010500_NIBRS,
6182791,804,4,2013,U,,,N,F,,C,2013_04_AZ0010500_NIBRS,
6205123,804,5,2013,U,,,N,F,,C,2013_05_AZ0010500_NIBRS,
6227455,804,6,2013,U,,,N,F,,C,2013_06_AZ0010500_NIBRS,
6249787,804,7,2013,U,,,N,F,,C,2013_07_AZ0010500_NIBRS,
6272119,804,8,2013,U,,,N,F,,C,2013_08_AZ0010500_NIBRS,
6294451,804,9,2013,U,,,N,F,,C,2013_09_AZ0010500_NIBRS,
6316783,804,10,2013,U,,,N,F,,C,2013_10_AZ0010500_NIBRS,
6339115,804,11,2013,U,,,N,F,,C,2013_11_AZ0010500_NIBRS,
6361447,804,12,2013,U,,,N,F,,C,2013_12_AZ0010500_NIBRS,
6115796,805,1,2013,U,,,N,F,,C,2013_01_AZ0018900_NIBRS,
6138128,805,2,2013,U,,,N,F,,C,2013_02_AZ0018900_NIBRS,
6160460,805,3,2013,U,,,N,F,,C,2013_03_AZ0018900_NIBRS,
6182792,805,4,2013,U,,,N,F,,C,2013_04_AZ0018900_NIBRS,
6205124,805,5,2013,U,,,N,F,,C,2013_05_AZ0018900_NIBRS,
6227456,805,6,2013,U,,,N,F,,C,2013_06_AZ0018900_NIBRS,
6249788,805,7,2013,U,,,N,F,,C,2013_07_AZ0018900_NIBRS,
6272120,805,8,2013,U,,,N,F,,C,2013_08_AZ0018900_NIBRS,
6294452,805,9,2013,U,,,N,F,,C,2013_09_AZ0018900_NIBRS,
6316784,805,10,2013,U,,,N,F,,C,2013_10_AZ0018900_NIBRS,
6339116,805,11,2013,U,,,N,F,,C,2013_11_AZ0018900_NIBRS,
6361448,805,12,2013,U,,,N,F,,C,2013_12_AZ0018900_NIBRS,
6115797,806,1,2013,U,,,N,F,,C,2013_01_AZ0020000_NIBRS,
6138129,806,2,2013,U,,,N,F,,C,2013_02_AZ0020000_NIBRS,
6160461,806,3,2013,U,,,N,F,,C,2013_03_AZ0020000_NIBRS,
6182793,806,4,2013,U,,,N,F,,C,2013_04_AZ0020000_NIBRS,
6205125,806,5,2013,U,,,N,F,,C,2013_05_AZ0020000_NIBRS,
6227457,806,6,2013,U,,,N,F,,C,2013_06_AZ0020000_NIBRS,
6249789,806,7,2013,U,,,N,F,,C,2013_07_AZ0020000_NIBRS,
6272121,806,8,2013,U,,,N,F,,C,2013_08_AZ0020000_NIBRS,
6294453,806,9,2013,U,,,N,F,,C,2013_09_AZ0020000_NIBRS,
6316785,806,10,2013,U,,,N,F,,C,2013_10_AZ0020000_NIBRS,
6339117,806,11,2013,U,,,N,F,,C,2013_11_AZ0020000_NIBRS,
6361449,806,12,2013,U,,,N,F,,C,2013_12_AZ0020000_NIBRS,
6115798,807,1,2013,U,,,N,F,,C,2013_01_AZ0020100_NIBRS,
6138130,807,2,2013,U,,,N,F,,C,2013_02_AZ0020100_NIBRS,
6160462,807,3,2013,U,,,N,F,,C,2013_03_AZ0020100_NIBRS,
6182794,807,4,2013,U,,,N,F,,C,2013_04_AZ0020100_NIBRS,
6205126,807,5,2013,U,,,N,F,,C,2013_05_AZ0020100_NIBRS,
6227458,807,6,2013,U,,,N,F,,C,2013_06_AZ0020100_NIBRS,
6249790,807,7,2013,U,,,N,F,,C,2013_07_AZ0020100_NIBRS,
6272122,807,8,2013,U,,,N,F,,C,2013_08_AZ0020100_NIBRS,
6294454,807,9,2013,U,,,N,F,,C,2013_09_AZ0020100_NIBRS,
6316786,807,10,2013,U,,,N,F,,C,2013_10_AZ0020100_NIBRS,
6339118,807,11,2013,U,,,N,F,,C,2013_11_AZ0020100_NIBRS,
6361450,807,12,2013,U,,,N,F,,C,2013_12_AZ0020100_NIBRS,
6115799,808,1,2013,U,,,N,F,,C,2013_01_AZ0020300_NIBRS,
6138131,808,2,2013,U,,,N,F,,C,2013_02_AZ0020300_NIBRS,
6160463,808,3,2013,U,,,N,F,,C,2013_03_AZ0020300_NIBRS,
6182795,808,4,2013,U,,,N,F,,C,2013_04_AZ0020300_NIBRS,
6205127,808,5,2013,U,,,N,F,,C,2013_05_AZ0020300_NIBRS,
6227459,808,6,2013,U,,,N,F,,C,2013_06_AZ0020300_NIBRS,
6249791,808,7,2013,U,,,N,F,,C,2013_07_AZ0020300_NIBRS,
6272123,808,8,2013,U,,,N,F,,C,2013_08_AZ0020300_NIBRS,
6294455,808,9,2013,U,,,N,F,,C,2013_09_AZ0020300_NIBRS,
6316787,808,10,2013,U,,,N,F,,C,2013_10_AZ0020300_NIBRS,
6339119,808,11,2013,U,,,N,F,,C,2013_11_AZ0020300_NIBRS,
6361451,808,12,2013,U,,,N,F,,C,2013_12_AZ0020300_NIBRS,
6115800,809,1,2013,U,,,N,F,,C,2013_01_AZ0020500_NIBRS,
6138132,809,2,2013,U,,,N,F,,C,2013_02_AZ0020500_NIBRS,
6160464,809,3,2013,U,,,N,F,,C,2013_03_AZ0020500_NIBRS,
6182796,809,4,2013,U,,,N,F,,C,2013_04_AZ0020500_NIBRS,
6205128,809,5,2013,U,,,N,F,,C,2013_05_AZ0020500_NIBRS,
6227460,809,6,2013,U,,,N,F,,C,2013_06_AZ0020500_NIBRS,
6249792,809,7,2013,U,,,N,F,,C,2013_07_AZ0020500_NIBRS,
6272124,809,8,2013,U,,,N,F,,C,2013_08_AZ0020500_NIBRS,
6294456,809,9,2013,U,,,N,F,,C,2013_09_AZ0020500_NIBRS,
6316788,809,10,2013,U,,,N,F,,C,2013_10_AZ0020500_NIBRS,
6339120,809,11,2013,U,,,N,F,,C,2013_11_AZ0020500_NIBRS,
6361452,809,12,2013,U,,,N,F,,C,2013_12_AZ0020500_NIBRS,
6115801,810,1,2013,I,,,N,F,,C,2013_01_AZ0020700_NIBRS,
6138133,810,2,2013,I,,,N,F,,C,2013_02_AZ0020700_NIBRS,
6160465,810,3,2013,I,,,N,F,,C,2013_03_AZ0020700_NIBRS,
6182797,810,4,2013,I,,,N,F,,C,2013_04_AZ0020700_NIBRS,
6205129,810,5,2013,I,,,N,F,,C,2013_05_AZ0020700_NIBRS,
6227461,810,6,2013,I,,,N,F,,C,2013_06_AZ0020700_NIBRS,
6249793,810,7,2013,I,,,N,F,,C,2013_07_AZ0020700_NIBRS,
6272125,810,8,2013,I,,,N,F,,C,2013_08_AZ0020700_NIBRS,
6294457,810,9,2013,I,,,N,F,,C,2013_09_AZ0020700_NIBRS,
6316789,810,10,2013,I,,,N,F,,C,2013_10_AZ0020700_NIBRS,
6339121,810,11,2013,I,,,N,F,,C,2013_11_AZ0020700_NIBRS,
6361453,810,12,2013,I,,,N,F,,C,2013_12_AZ0020700_NIBRS,
6115802,811,1,2013,U,,,N,F,,C,2013_01_AZ0020900_NIBRS,
6138134,811,2,2013,U,,,N,F,,C,2013_02_AZ0020900_NIBRS,
6160466,811,3,2013,U,,,N,F,,C,2013_03_AZ0020900_NIBRS,
6182798,811,4,2013,U,,,N,F,,C,2013_04_AZ0020900_NIBRS,
6205130,811,5,2013,U,,,N,F,,C,2013_05_AZ0020900_NIBRS,
6227462,811,6,2013,U,,,N,F,,C,2013_06_AZ0020900_NIBRS,
6249794,811,7,2013,U,,,N,F,,C,2013_07_AZ0020900_NIBRS,
6272126,811,8,2013,U,,,N,F,,C,2013_08_AZ0020900_NIBRS,
6294458,811,9,2013,U,,,N,F,,C,2013_09_AZ0020900_NIBRS,
6316790,811,10,2013,U,,,N,F,,C,2013_10_AZ0020900_NIBRS,
6339122,811,11,2013,U,,,N,F,,C,2013_11_AZ0020900_NIBRS,
6361454,811,12,2013,U,,,N,F,,C,2013_12_AZ0020900_NIBRS,
6115803,812,1,2013,U,,,N,F,,C,2013_01_AZ0021100_NIBRS,
6138135,812,2,2013,U,,,N,F,,C,2013_02_AZ0021100_NIBRS,
6160467,812,3,2013,U,,,N,F,,C,2013_03_AZ0021100_NIBRS,
6182799,812,4,2013,U,,,N,F,,C,2013_04_AZ0021100_NIBRS,
6205131,812,5,2013,U,,,N,F,,C,2013_05_AZ0021100_NIBRS,
6227463,812,6,2013,U,,,N,F,,C,2013_06_AZ0021100_NIBRS,
6249795,812,7,2013,U,,,N,F,,C,2013_07_AZ0021100_NIBRS,
6272127,812,8,2013,U,,,N,F,,C,2013_08_AZ0021100_NIBRS,
6294459,812,9,2013,U,,,N,F,,C,2013_09_AZ0021100_NIBRS,
6316791,812,10,2013,U,,,N,F,,C,2013_10_AZ0021100_NIBRS,
6339123,812,11,2013,U,,,N,F,,C,2013_11_AZ0021100_NIBRS,
6361455,812,12,2013,U,,,N,F,,C,2013_12_AZ0021100_NIBRS,
6115804,813,1,2013,U,,,N,F,,C,2013_01_AZ0021300_NIBRS,
6138136,813,2,2013,U,,,N,F,,C,2013_02_AZ0021300_NIBRS,
6160468,813,3,2013,U,,,N,F,,C,2013_03_AZ0021300_NIBRS,
6182800,813,4,2013,U,,,N,F,,C,2013_04_AZ0021300_NIBRS,
6205132,813,5,2013,U,,,N,F,,C,2013_05_AZ0021300_NIBRS,
6227464,813,6,2013,U,,,N,F,,C,2013_06_AZ0021300_NIBRS,
6249796,813,7,2013,U,,,N,F,,C,2013_07_AZ0021300_NIBRS,
6272128,813,8,2013,U,,,N,F,,C,2013_08_AZ0021300_NIBRS,
6294460,813,9,2013,U,,,N,F,,C,2013_09_AZ0021300_NIBRS,
6316792,813,10,2013,U,,,N,F,,C,2013_10_AZ0021300_NIBRS,
6339124,813,11,2013,U,,,N,F,,C,2013_11_AZ0021300_NIBRS,
6361456,813,12,2013,U,,,N,F,,C,2013_12_AZ0021300_NIBRS,
6115805,814,1,2013,U,,,N,F,,C,2013_01_AZ0030000_NIBRS,
6138137,814,2,2013,U,,,N,F,,C,2013_02_AZ0030000_NIBRS,
6160469,814,3,2013,U,,,N,F,,C,2013_03_AZ0030000_NIBRS,
6182801,814,4,2013,U,,,N,F,,C,2013_04_AZ0030000_NIBRS,
6205133,814,5,2013,U,,,N,F,,C,2013_05_AZ0030000_NIBRS,
6227465,814,6,2013,U,,,N,F,,C,2013_06_AZ0030000_NIBRS,
6249797,814,7,2013,U,,,N,F,,C,2013_07_AZ0030000_NIBRS,
6272129,814,8,2013,U,,,N,F,,C,2013_08_AZ0030000_NIBRS,
6294461,814,9,2013,U,,,N,F,,C,2013_09_AZ0030000_NIBRS,
6316793,814,10,2013,U,,,N,F,,C,2013_10_AZ0030000_NIBRS,
6339125,814,11,2013,U,,,N,F,,C,2013_11_AZ0030000_NIBRS,
6361457,814,12,2013,U,,,N,F,,C,2013_12_AZ0030000_NIBRS,
6115806,815,1,2013,U,,,N,F,,C,2013_01_AZ0030100_NIBRS,
6138138,815,2,2013,U,,,N,F,,C,2013_02_AZ0030100_NIBRS,
6160470,815,3,2013,U,,,N,F,,C,2013_03_AZ0030100_NIBRS,
6182802,815,4,2013,U,,,N,F,,C,2013_04_AZ0030100_NIBRS,
6205134,815,5,2013,U,,,N,F,,C,2013_05_AZ0030100_NIBRS,
6227466,815,6,2013,U,,,N,F,,C,2013_06_AZ0030100_NIBRS,
6249798,815,7,2013,U,,,N,F,,C,2013_07_AZ0030100_NIBRS,
6272130,815,8,2013,U,,,N,F,,C,2013_08_AZ0030100_NIBRS,
6294462,815,9,2013,U,,,N,F,,C,2013_09_AZ0030100_NIBRS,
6316794,815,10,2013,U,,,N,F,,C,2013_10_AZ0030100_NIBRS,
6339126,815,11,2013,U,,,N,F,,C,2013_11_AZ0030100_NIBRS,
6361458,815,12,2013,U,,,N,F,,C,2013_12_AZ0030100_NIBRS,
6115807,816,1,2013,U,,,N,F,,C,2013_01_AZ0030300_NIBRS,
6138139,816,2,2013,U,,,N,F,,C,2013_02_AZ0030300_NIBRS,
6160471,816,3,2013,U,,,N,F,,C,2013_03_AZ0030300_NIBRS,
6182803,816,4,2013,U,,,N,F,,C,2013_04_AZ0030300_NIBRS,
6205135,816,5,2013,U,,,N,F,,C,2013_05_AZ0030300_NIBRS,
6227467,816,6,2013,U,,,N,F,,C,2013_06_AZ0030300_NIBRS,
6249799,816,7,2013,U,,,N,F,,C,2013_07_AZ0030300_NIBRS,
6272131,816,8,2013,U,,,N,F,,C,2013_08_AZ0030300_NIBRS,
6294463,816,9,2013,U,,,N,F,,C,2013_09_AZ0030300_NIBRS,
6316795,816,10,2013,U,,,N,F,,C,2013_10_AZ0030300_NIBRS,
6339127,816,11,2013,U,,,N,F,,C,2013_11_AZ0030300_NIBRS,
6361459,816,12,2013,U,,,N,F,,C,2013_12_AZ0030300_NIBRS,
6115808,817,1,2013,U,,,N,F,,C,2013_01_AZ0030700_NIBRS,
6138140,817,2,2013,U,,,N,F,,C,2013_02_AZ0030700_NIBRS,
6160472,817,3,2013,U,,,N,F,,C,2013_03_AZ0030700_NIBRS,
6182804,817,4,2013,U,,,N,F,,C,2013_04_AZ0030700_NIBRS,
6205136,817,5,2013,U,,,N,F,,C,2013_05_AZ0030700_NIBRS,
6227468,817,6,2013,U,,,N,F,,C,2013_06_AZ0030700_NIBRS,
6249800,817,7,2013,U,,,N,F,,C,2013_07_AZ0030700_NIBRS,
6272132,817,8,2013,U,,,N,F,,C,2013_08_AZ0030700_NIBRS,
6294464,817,9,2013,U,,,N,F,,C,2013_09_AZ0030700_NIBRS,
6316796,817,10,2013,U,,,N,F,,C,2013_10_AZ0030700_NIBRS,
6339128,817,11,2013,U,,,N,F,,C,2013_11_AZ0030700_NIBRS,
6361460,817,12,2013,U,,,N,F,,C,2013_12_AZ0030700_NIBRS,
6115809,818,1,2013,U,,,N,F,,C,2013_01_AZ0030800_NIBRS,
6138141,818,2,2013,U,,,N,F,,C,2013_02_AZ0030800_NIBRS,
6160473,818,3,2013,U,,,N,F,,C,2013_03_AZ0030800_NIBRS,
6182805,818,4,2013,U,,,N,F,,C,2013_04_AZ0030800_NIBRS,
6205137,818,5,2013,U,,,N,F,,C,2013_05_AZ0030800_NIBRS,
6227469,818,6,2013,U,,,N,F,,C,2013_06_AZ0030800_NIBRS,
6249801,818,7,2013,U,,,N,F,,C,2013_07_AZ0030800_NIBRS,
6272133,818,8,2013,U,,,N,F,,C,2013_08_AZ0030800_NIBRS,
6294465,818,9,2013,U,,,N,F,,C,2013_09_AZ0030800_NIBRS,
6316797,818,10,2013,U,,,N,F,,C,2013_10_AZ0030800_NIBRS,
6339129,818,11,2013,U,,,N,F,,C,2013_11_AZ0030800_NIBRS,
6361461,818,12,2013,U,,,N,F,,C,2013_12_AZ0030800_NIBRS,
6115810,819,1,2013,U,,,N,F,,C,2013_01_AZ0031000_NIBRS,
6138142,819,2,2013,U,,,N,F,,C,2013_02_AZ0031000_NIBRS,
6160474,819,3,2013,U,,,N,F,,C,2013_03_AZ0031000_NIBRS,
6182806,819,4,2013,U,,,N,F,,C,2013_04_AZ0031000_NIBRS,
6205138,819,5,2013,U,,,N,F,,C,2013_05_AZ0031000_NIBRS,
6227470,819,6,2013,U,,,N,F,,C,2013_06_AZ0031000_NIBRS,
6249802,819,7,2013,U,,,N,F,,C,2013_07_AZ0031000_NIBRS,
6272134,819,8,2013,U,,,N,F,,C,2013_08_AZ0031000_NIBRS,
6294466,819,9,2013,U,,,N,F,,C,2013_09_AZ0031000_NIBRS,
6316798,819,10,2013,U,,,N,F,,C,2013_10_AZ0031000_NIBRS,
6339130,819,11,2013,U,,,N,F,,C,2013_11_AZ0031000_NIBRS,
6361462,819,12,2013,U,,,N,F,,C,2013_12_AZ0031000_NIBRS,
