arrestee_id,incident_id,arrestee_seq_num,arrest_num,arrest_date,arrest_type_id,multiple_indicator,offense_type_id,age_id,age_num,sex_code,race_id,ethnicity_id,resident_code,under_18_disposition_code,clearance_ind,ff_line_number,age_range_low_num,age_range_high_num
21973171,77066760,2,201400003174,2014-10-28 00:00:00,1,N,23,5,44,F,4,2,N,,,,,
21973170,77066760,1,201400003173,2014-10-28 00:00:00,1,N,23,5,43,F,4,2,N,,,,,
21970969,77061005,1,201400001981,2014-07-08 00:00:00,1,N,23,5,24,M,4,2,R,,,,,
21968666,77054329,1,201400000134,2014-01-21 00:00:00,1,N,23,5,36,M,4,2,N,,,,,
21969762,77057099,1,201400000556,2014-03-01 00:00:00,1,N,35,5,18,M,2,3,N,,,,,
20952677,73707646,1,201400001444,2014-05-17 00:00:00,1,N,16,5,43,M,1,3,N,,,,,
20951692,73706713,1,201400001308,2014-05-05 00:00:00,3,N,23,5,33,M,1,1,N,,,,,
21969757,77056304,1,201400000545,2014-02-28 00:00:00,1,N,16,5,35,F,1,3,N,,,,,
21969751,77056291,1,201400000575,2014-02-28 00:00:00,1,N,16,5,18,F,1,3,R,,,,,
21968787,77056228,1,201400000458,2014-02-22 00:00:00,1,N,16,5,21,M,1,3,N,,,,,
20784634,73192951,1,201300004140,2014-01-04 00:00:00,1,N,16,5,31,M,1,2,N,,,,,
20784633,73192948,1,201300004133,2014-01-03 00:00:00,1,N,16,5,50,M,1,2,N,,,,,
21972016,77062921,1,201400002329,2014-08-06 00:00:00,1,N,16,5,21,M,1,3,N,,,,,
21971022,77061925,1,201400002134,2014-07-20 00:00:00,1,N,16,5,29,F,1,3,R,,,,,
20952761,73709443,1,201400002755,2014-09-17 00:00:00,3,N,23,5,33,F,1,2,N,,,,,
20952707,73708485,1,201400001530,2014-05-24 00:00:00,3,N,23,5,18,F,1,2,N,,,,,
20952688,73707666,1,201400002215,2014-07-28 00:00:00,3,N,23,5,63,M,1,2,N,,,,,
20952660,73707603,1,201400002232,2014-07-29 00:00:00,3,N,23,5,47,F,1,2,N,,,,,
20952659,73707600,1,201400002357,2014-08-09 00:00:00,3,N,23,5,27,F,1,2,N,,,,,
21973276,77068630,1,201400003899,2015-01-16 00:00:00,3,N,51,5,30,M,1,2,N,,,,,
21972156,77065745,1,201400002978,2014-10-13 00:00:00,3,N,51,5,49,M,1,2,R,,,,,
21972153,77065738,1,201400002925,2014-10-04 00:00:00,3,N,51,5,22,F,1,2,R,,,,,
21972152,77065737,1,201400002924,2014-10-04 00:00:00,3,N,51,5,22,M,1,2,R,,,,,
21972058,77063847,1,201400002707,2014-09-12 00:00:00,3,N,51,5,56,M,1,2,R,,,,,
21972039,77063783,1,201400002520,2014-08-22 00:00:00,3,N,51,5,24,M,1,2,R,,,,,
21970960,77060959,1,201400002505,2014-08-21 00:00:00,3,N,51,5,30,F,1,2,N,,,,,
21970923,77060048,1,201400001825,2014-06-24 00:00:00,3,N,51,5,27,M,1,2,R,,,,,
21969905,77059065,1,201400000977,2014-04-04 00:00:00,3,N,51,5,28,F,1,2,R,,,,,
21974264,77070407,1,201400003629,2014-12-17 00:00:00,1,N,23,5,19,M,1,3,R,,,,,
21974228,77069485,1,201400003529,2014-12-06 00:00:00,1,N,23,5,30,F,1,3,U,,,,,
21973178,77067577,1,201400003199,2014-11-01 00:00:00,1,N,23,5,30,M,1,3,N,,,,,
21973160,77066739,2,201400003142,2014-10-26 00:00:00,1,N,23,5,20,F,1,3,N,,,,,
21972142,77065716,1,201400002907,2014-10-02 00:00:00,1,N,23,5,28,M,1,3,N,,,,,
21972062,77063870,1,201400002537,2014-08-26 00:00:00,1,N,23,5,58,M,1,3,R,,,,,
21972061,77063869,1,201400000120,2014-08-26 00:00:00,1,N,23,5,16,M,1,3,R,R,,,,
21970990,77061843,1,201400002059,2014-07-13 00:00:00,1,N,23,5,36,M,1,3,R,,,,,
21970965,77060990,1,201400001973,2014-07-07 00:00:00,1,N,23,5,18,F,1,3,N,,,,,
21969921,77059101,1,201400001011,2014-04-06 00:00:00,1,N,23,5,41,M,1,3,R,,,,,
21969885,77059010,1,201400000928,2014-03-29 00:00:00,1,N,23,5,20,F,1,3,N,,,,,
21970881,77059141,1,201400001046,2014-04-09 00:00:00,1,N,23,5,24,F,1,3,R,,,,,
21969847,77058140,1,201400000045,2014-03-22 00:00:00,1,N,23,5,17,F,1,3,N,R,,,,
21969798,77057193,1,201400000036,2014-03-08 00:00:00,1,N,23,5,16,M,1,3,R,R,,,,
21969753,77056302,2,201400000544,2014-02-28 00:00:00,1,N,23,5,35,F,1,3,N,,,,,
21968793,77056241,1,201400000466,2014-02-22 00:00:00,1,N,23,5,45,M,1,3,N,,,,,
21968747,77055343,1,201400000020,2014-02-13 00:00:00,1,N,23,5,16,F,1,3,N,R,,,,
21968746,77055343,2,201400000021,2014-02-13 00:00:00,1,N,23,5,17,F,1,3,R,R,,,,
21969738,77056258,2,201400000610,2014-02-27 00:00:00,1,N,23,5,45,M,1,3,N,,,,,
21968693,77054388,2,201400000195,2014-01-26 00:00:00,1,N,23,5,28,M,1,3,R,,,,,
21968619,77053378,1,201300004167,2014-01-07 00:00:00,1,N,23,5,22,F,1,3,N,,,,,
21972081,77064730,1,201400002837,2014-09-25 00:00:00,3,N,27,5,29,M,1,1,R,,,,,
21974223,77069476,1,201400003512,2014-12-05 00:00:00,1,N,23,5,24,F,2,3,N,,,,,
21969918,77059096,1,201400001006,2014-04-05 00:00:00,1,N,23,5,32,F,2,3,N,,,,,
21969892,77059030,1,201400000945,2014-03-31 00:00:00,1,N,23,5,36,F,2,3,N,,,,,
21969851,77058145,1,201400000846,2014-03-22 00:00:00,1,N,23,5,20,F,2,3,N,,,,,
21969811,77057243,1,201400000727,2014-03-13 00:00:00,1,N,23,5,19,F,2,3,R,,,,,
21969761,77057098,1,201400000554,2014-03-01 00:00:00,1,N,23,5,18,M,2,3,R,,,,,
21969760,77057097,1,201400000553,2014-03-01 00:00:00,1,N,23,5,18,M,2,3,R,,,,,
21969745,77056273,1,201400000508,2014-02-25 00:00:00,1,N,23,5,22,F,2,3,N,,,,,
21968738,77055307,2,201400000019,2014-02-09 00:00:00,1,N,23,5,17,F,2,3,N,R,,,,
21968726,77055263,1,201400000280,2014-02-05 00:00:00,1,N,23,5,30,F,2,3,N,,,,,
21973144,77066700,1,201400003107,2014-10-22 00:00:00,1,N,23,5,42,F,1,2,N,,,,,
21973143,77066698,1,201400003097,2014-10-22 00:00:00,1,N,23,5,59,F,1,2,N,,,,,
21973142,77066692,1,201400003092,2014-10-21 00:00:00,1,N,23,5,39,M,1,2,N,,,,,
21973133,77066676,1,201400003074,2014-10-20 00:00:00,1,N,23,5,30,F,1,2,N,,,,,
21973131,77066661,1,201400003062,2014-10-19 00:00:00,1,N,23,5,33,M,1,2,N,,,,,
21973124,77066632,1,201400003024,2014-10-15 00:00:00,1,N,23,5,35,M,1,2,N,,,,,
21973121,77066625,1,201400003017,2014-10-15 00:00:00,1,N,23,5,48,M,1,2,N,,,,,
21973118,77066620,1,201400003004,2014-10-13 00:00:00,1,N,23,5,48,M,1,2,N,,,,,
21973115,77066617,1,201400003001,2014-10-13 00:00:00,1,N,23,5,25,F,1,2,N,,,,,
21973109,77066608,2,201400003044,2014-10-11 00:00:00,1,N,23,5,51,F,1,2,N,,,,,
21973108,77066608,1,201400002986,2014-10-11 00:00:00,1,N,23,5,26,F,1,2,N,,,,,
21973107,77066607,1,201400002984,2014-10-11 00:00:00,1,N,23,5,30,M,1,2,N,,,,,
21973105,77065793,1,201400000142,2014-10-10 00:00:00,1,N,23,5,13,F,1,2,N,R,,,,
21972076,77064712,2,201400002641,2014-09-06 00:00:00,1,N,23,5,35,F,1,2,N,,,,,
21972075,77064712,1,201400002642,2014-09-06 00:00:00,1,N,23,5,32,M,1,2,R,,,,,
21972069,77064692,1,201400002613,2014-09-04 00:00:00,1,N,23,5,25,F,1,2,N,,,,,
21972063,77063871,1,201400002538,2014-08-26 00:00:00,1,N,23,5,31,F,1,2,R,,,,,
21972060,77063867,1,201400002533,2014-08-26 00:00:00,1,N,23,5,18,F,1,2,N,,,,,
21972055,77063843,1,201400002501,2014-08-22 00:00:00,1,N,23,5,45,F,1,2,N,,,,,
21972052,77063835,1,201400002493,2014-08-21 00:00:00,1,N,23,5,20,M,1,2,R,,,,,
21972044,77063789,1,201400002438,2014-08-15 00:00:00,1,N,23,5,31,M,1,2,N,,,,,
21972041,77063785,1,201400002431,2014-08-15 00:00:00,1,N,23,5,27,M,1,2,N,,,,,
21972015,77062919,2,201400002328,2014-08-06 00:00:00,1,N,23,5,21,F,1,2,R,,,,,
21972014,77062919,1,201400002327,2014-08-06 00:00:00,1,N,23,5,20,F,1,2,R,,,,,
21971050,77062845,2,201400002264,2014-08-01 00:00:00,1,N,23,5,27,F,1,2,N,,,,,
21971045,77062802,1,201400000101,2014-07-28 00:00:00,1,N,23,5,17,M,1,2,N,R,,,,
21971044,77062800,1,201400002224,2014-07-28 00:00:00,1,N,23,5,36,F,1,2,R,,,,,
21971041,77062790,1,201400002203,2014-07-26 00:00:00,1,N,23,5,29,F,1,2,R,,,,,
21971035,77061985,1,201400002218,2014-07-25 00:00:00,1,N,23,5,30,M,1,2,N,,,,,
21971028,77061947,1,201400002146,2014-07-22 00:00:00,1,N,23,5,37,M,1,2,N,,,,,
21971020,77061922,1,201400002128,2014-07-20 00:00:00,1,N,23,5,31,F,1,2,N,,,,,
21972003,77062903,1,201400002318,2014-08-05 00:00:00,1,N,23,5,37,M,1,2,N,,,,,
21971993,77062874,1,201400002295,2014-08-03 00:00:00,1,N,23,5,32,F,1,2,N,,,,,
21971983,77062845,3,201400002273,2014-08-01 00:00:00,1,N,23,5,27,F,1,2,N,,,,,
21970993,77061848,2,201400002043,2014-07-13 00:00:00,1,N,23,5,25,F,1,2,R,,,,,
21970992,77061848,1,201400002042,2014-07-13 00:00:00,1,N,23,5,36,M,1,2,R,,,,,
21970989,77061843,2,201400002060,2014-07-13 00:00:00,1,N,23,5,25,F,1,2,R,,,,,
21970983,77061039,1,201400002020,2014-07-11 00:00:00,1,N,23,5,19,M,1,2,N,,,,,
21970981,77061035,1,201400002015,2014-07-11 00:00:00,1,N,23,5,21,F,1,2,N,,,,,
21970967,77060999,1,201400001977,2014-07-08 00:00:00,1,N,23,5,37,M,1,2,N,,,,,
21970966,77060990,2,201400000097,2014-07-07 00:00:00,1,N,23,5,17,F,1,2,N,R,,,,
21970958,77060956,1,201400001944,2014-07-04 00:00:00,1,N,23,5,33,F,1,2,N,,,,,
21974272,77070417,1,201400003647,2014-12-18 00:00:00,1,N,23,5,20,F,1,2,N,,,,,
21974265,77070407,2,201400003630,2014-12-17 00:00:00,1,N,23,5,19,M,1,2,N,,,,,
21974263,77070406,1,201400003628,2014-12-17 00:00:00,1,N,23,5,19,M,1,2,R,,,,,
21974254,77069592,1,201400003610,2014-12-15 00:00:00,1,N,23,5,20,M,1,2,N,,,,,
21974243,77069547,1,201400003583,2014-12-12 00:00:00,1,N,23,5,18,F,1,2,R,,,,,
21974240,77069540,1,201400003574,2014-12-11 00:00:00,1,N,23,5,34,F,1,2,N,,,,,
21974236,77069522,1,201400003561,2014-12-10 00:00:00,1,N,23,5,24,M,1,2,N,,,,,
21974235,77069508,1,201400003543,2014-12-08 00:00:00,1,N,23,5,37,M,1,2,N,,,,,
21974224,77069478,1,201400003514,2014-12-05 00:00:00,1,N,23,5,18,F,1,2,N,,,,,
21974220,77069473,1,201400003508,2014-12-05 00:00:00,1,N,23,5,40,F,1,2,N,,,,,
21973210,77067681,2,201400003314,2014-11-14 00:00:00,1,N,23,5,19,F,1,2,N,,,,,
21973209,77067681,1,201400003306,2014-11-14 00:00:00,1,N,23,5,19,M,1,2,N,,,,,
21973208,77067680,1,201400003313,2014-11-14 00:00:00,1,N,23,5,25,M,1,2,N,,,,,
21973203,77067669,1,201400003288,2014-11-13 00:00:00,1,N,23,5,21,M,1,2,R,,,,,
21973197,77067646,1,201400003269,2014-11-10 00:00:00,1,N,23,5,35,F,1,2,N,,,,,
21973191,77067615,1,201400003238,2014-11-06 00:00:00,1,N,23,5,29,M,1,2,N,,,,,
21973187,77067602,2,201400000152,2014-11-04 00:00:00,1,N,23,5,17,M,1,2,R,R,,,,
21973186,77067602,1,201400003219,2014-11-04 00:00:00,1,N,23,5,19,M,1,2,R,,,,,
21973179,77067577,2,201400003198,2014-11-01 00:00:00,1,N,23,5,30,M,1,2,N,,,,,
21973177,77067575,1,201400003196,2014-11-01 00:00:00,1,N,23,5,25,F,1,2,N,,,,,
21973174,77067565,1,201400003187,2014-10-31 00:00:00,1,N,23,5,37,M,1,2,N,,,,,
21973169,77066759,1,201400003171,2014-10-28 00:00:00,1,N,23,5,25,F,1,2,R,,,,,
21973159,77066739,1,201400003143,2014-10-26 00:00:00,1,N,23,5,20,M,1,2,N,,,,,
21973157,77066735,2,201400003137,2014-10-25 00:00:00,1,N,23,5,37,F,1,2,N,,,,,
21973156,77066735,1,201400003136,2014-10-25 00:00:00,1,N,23,5,40,M,1,2,N,,,,,
21972140,77065709,1,201400002899,2014-10-01 00:00:00,1,N,23,5,35,F,1,2,R,,,,,
21972134,77065692,1,201400002910,2014-09-29 00:00:00,1,N,23,5,31,F,1,2,R,,,,,
21972132,77065680,1,201400002881,2014-09-28 00:00:00,1,N,23,5,24,M,1,2,N,,,,,
21972131,77065676,1,201400002867,2014-09-27 00:00:00,1,N,23,5,32,F,1,2,N,,,,,
21972127,77065665,1,201400002846,2014-09-25 00:00:00,1,N,23,5,20,F,1,2,N,,,,,
21972124,77065656,1,201400002831,2014-09-24 00:00:00,1,N,23,5,45,F,1,2,N,,,,,
21972123,77065655,1,201400002828,2014-09-24 00:00:00,1,N,23,5,26,F,1,2,N,,,,,
21972121,77065647,1,201400002820,2014-09-23 00:00:00,1,N,23,5,46,F,1,2,N,,,,,
21972118,77065639,1,201400002811,2014-09-22 00:00:00,1,N,23,5,19,M,1,2,N,,,,,
21972108,77064815,1,201400000135,2014-09-18 00:00:00,1,N,23,5,17,M,1,2,N,R,,,,
21972107,77064814,1,201400002783,2014-09-18 00:00:00,1,N,23,5,64,F,1,2,N,,,,,
21972106,77064811,1,201400002781,2014-09-18 00:00:00,1,N,23,5,48,M,1,2,N,,,,,
21972104,77064806,1,201400002762,2014-09-17 00:00:00,1,N,23,5,32,M,1,2,N,,,,,
21972103,77064804,1,201400002760,2014-09-17 00:00:00,1,N,23,5,39,M,1,2,N,,,,,
21972102,77064803,1,201400002780,2014-09-17 00:00:00,1,N,23,5,57,F,1,2,N,,,,,
21972095,77064776,1,201400002724,2014-09-13 00:00:00,1,N,23,5,38,M,1,2,N,,,,,
21972088,77064747,1,201400002680,2014-09-10 00:00:00,1,N,23,5,30,F,1,2,N,,,,,
21973246,77068556,1,201400000159,2014-11-24 00:00:00,1,N,23,5,17,M,2,3,N,R,,,,
21974249,77069569,1,201400003600,2014-12-13 00:00:00,1,N,23,5,26,F,2,3,N,,,,,
21973278,77068638,1,201400003449,2014-12-01 00:00:00,1,N,23,5,31,M,1,1,R,,,,,
21972155,77065744,1,201400002931,2014-10-05 00:00:00,1,N,23,5,26,F,1,1,N,,,,,
21974261,77070403,1,201400003625,2014-12-17 00:00:00,1,N,23,5,46,F,1,1,N,,,,,
21973175,77067573,1,201400003192,2014-11-01 00:00:00,1,N,23,5,40,F,1,1,N,,,,,
21973173,77067561,1,201400003183,2014-10-30 00:00:00,1,N,23,5,29,M,1,1,N,,,,,
21972023,77063737,2,201400002372,2014-08-09 00:00:00,1,N,23,5,56,F,1,1,N,,,,,
21972022,77063737,1,201400002371,2014-08-09 00:00:00,1,N,23,5,36,F,1,1,N,,,,,
21969904,77059062,1,201400000050,2014-04-03 00:00:00,1,N,23,5,16,F,1,1,N,R,,,,
21969898,77059049,1,201400000961,2014-04-02 00:00:00,1,N,23,5,30,F,1,1,R,,,,,
21969880,77058999,1,201400000911,2014-03-28 00:00:00,1,N,23,5,67,M,1,1,N,,,,,
21969850,77058144,1,201400000845,2014-03-22 00:00:00,1,N,23,5,33,M,1,1,N,,,,,
21969747,77056277,1,201400000516,2014-02-26 00:00:00,1,N,23,5,27,M,1,1,N,,,,,
21968783,77056221,1,201400000445,2014-02-21 00:00:00,1,N,23,5,18,F,1,1,N,,,,,
21968782,77056221,3,201400000454,2014-02-21 00:00:00,1,N,23,5,27,F,1,1,N,,,,,
21968781,77056221,2,201400000453,2014-02-21 00:00:00,1,N,23,5,18,F,1,1,N,,,,,
21968683,77054380,1,201400000180,2014-01-25 00:00:00,1,N,23,5,22,F,1,1,N,,,,,
21969744,77056268,1,201400000506,2014-02-25 00:00:00,1,N,23,5,54,F,1,2,R,,,,,
21969743,77056264,1,201400000502,2014-02-25 00:00:00,1,N,23,5,31,M,1,2,R,,,,,
21968791,77056232,1,201400000024,2014-02-22 00:00:00,1,N,23,5,17,M,1,2,N,R,,,,
21968790,77056232,2,201400000025,2014-02-22 00:00:00,1,N,23,5,17,M,1,2,N,R,,,,
21968761,77056158,1,201400000023,2014-02-15 00:00:00,1,N,23,5,17,F,1,2,R,R,,,,
21968760,77056155,1,201400000379,2014-02-15 00:00:00,1,N,23,5,19,F,1,2,N,,,,,
21968759,77056154,1,201400000378,2014-02-15 00:00:00,1,N,23,5,34,M,1,2,N,,,,,
21968752,77055353,2,201400000377,2014-02-14 00:00:00,1,N,23,5,61,M,1,2,N,,,,,
21968751,77055351,1,201400000361,2014-02-14 00:00:00,1,N,23,5,24,F,1,2,N,,,,,
21967670,77053353,1,201300004145,2014-01-04 00:00:00,1,N,23,5,20,M,1,2,N,,,,,
21967669,77053353,2,201300004146,2014-01-04 00:00:00,1,N,23,5,20,M,1,2,N,,,,,
21968724,77055260,1,201400000290,2014-02-05 00:00:00,1,N,23,5,48,F,1,2,R,,,,,
21968720,77055255,1,201400000265,2014-02-04 00:00:00,1,N,23,5,30,M,1,2,N,,,,,
21968717,77055251,1,201400000260,2014-02-04 00:00:00,1,N,23,5,49,F,1,2,N,,,,,
21968716,77055250,1,201400000259,2014-02-04 00:00:00,1,N,23,5,25,F,1,2,N,,,,,
21968712,77055244,1,201400000248,2014-02-03 00:00:00,1,N,23,5,38,M,1,2,N,,,,,
21968711,77055241,1,201400000247,2014-02-03 00:00:00,1,N,23,5,20,M,1,2,N,,,,,
21968704,77055214,1,201400000226,2014-02-01 00:00:00,1,N,23,5,21,M,1,2,N,,,,,
21968702,77055208,1,201400000214,2014-01-31 00:00:00,1,N,23,5,51,F,1,2,N,,,,,
21968701,77055206,1,201400000213,2014-01-31 00:00:00,1,N,23,5,30,F,1,2,N,,,,,
21968692,77054387,1,201400000190,2014-01-26 00:00:00,1,N,23,5,24,M,1,2,N,,,,,
21970940,77060902,1,201400001887,2014-06-30 00:00:00,1,N,23,5,33,M,1,2,N,,,,,
21970935,77060887,1,201400001870,2014-06-28 00:00:00,1,N,23,5,40,M,1,2,N,,,,,
21970907,77059995,1,201400001111,2014-04-15 00:00:00,1,N,23,5,45,F,1,2,N,,,,,
21970903,77059987,1,201400001099,2014-04-14 00:00:00,1,N,23,5,35,M,1,2,N,,,,,
21970891,77059963,1,201400001203,2014-04-25 00:00:00,1,N,23,5,30,F,1,2,N,,,,,
21970885,77059940,1,201400001056,2014-04-10 00:00:00,1,N,23,5,21,M,1,2,N,,,,,
21969917,77059094,1,201400001005,2014-04-05 00:00:00,1,N,23,5,20,F,1,2,N,,,,,
21969916,77059093,1,201400001004,2014-04-05 00:00:00,1,N,23,5,18,F,1,2,N,,,,,
21969915,77059092,1,201400001003,2014-04-05 00:00:00,1,N,23,5,40,F,1,2,N,,,,,
21969903,77059060,1,201400000973,2014-04-03 00:00:00,1,N,23,5,52,M,1,2,N,,,,,
21969899,77059052,1,201400000964,2014-04-02 00:00:00,1,N,23,5,31,F,1,2,N,,,,,
21969895,77059041,1,201400000952,2014-04-01 00:00:00,1,N,23,5,26,F,1,2,N,,,,,
21969887,77059018,1,201400000938,2014-03-30 00:00:00,1,N,23,5,25,M,1,2,N,,,,,
21969884,77059009,1,201400000927,2014-03-29 00:00:00,1,N,23,5,20,F,1,2,N,,,,,
21969876,77058987,1,201400000903,2014-03-27 00:00:00,1,N,23,5,38,M,1,2,N,,,,,
21970877,77059133,1,201400001040,2014-04-09 00:00:00,1,N,23,5,42,M,1,2,N,,,,,
21970868,77059107,1,201400001018,2014-04-07 00:00:00,1,N,23,5,38,F,1,2,N,,,,,
21969870,77058191,1,201400001617,2014-06-03 00:00:00,1,N,23,5,27,F,1,2,N,,,,,
21969867,77058182,1,201400000879,2014-03-25 00:00:00,1,N,23,5,27,M,1,2,N,,,,,
21969866,77058179,1,201400000878,2014-03-25 00:00:00,1,N,23,5,65,F,1,2,N,,,,,
21969865,77058178,1,201400000877,2014-03-25 00:00:00,1,N,23,5,66,F,1,2,N,,,,,
21969862,77058170,2,201400000866,2014-03-24 00:00:00,1,N,23,5,38,F,1,2,N,,,,,
21969861,77058170,1,201400000865,2014-03-24 00:00:00,1,N,23,5,48,M,1,2,N,,,,,
21969859,77058164,2,201400000047,2014-03-24 00:00:00,1,N,23,5,16,F,1,2,N,R,,,,
21969858,77058164,1,201400000046,2014-03-24 00:00:00,1,N,23,5,16,F,1,2,N,R,,,,
21969857,77058157,1,201400000858,2014-03-23 00:00:00,1,N,23,5,33,F,1,2,N,,,,,
21969855,77058155,1,201400000855,2014-03-23 00:00:00,1,N,23,5,54,F,1,2,R,,,,,
21969848,77058141,1,201400000843,2014-03-22 00:00:00,1,N,23,5,25,F,1,2,N,,,,,
21969843,77058131,2,201400000042,2014-03-21 00:00:00,1,N,23,5,16,F,1,2,R,R,,,,
21969840,77058129,1,201400000829,2014-03-21 00:00:00,1,N,23,5,26,F,1,2,R,,,,,
21969835,77058117,1,201400000820,2014-03-20 00:00:00,1,N,23,5,18,M,1,2,N,,,,,
21969831,77058113,1,201400000817,2014-03-20 00:00:00,1,N,23,5,23,F,1,2,N,,,,,
21969828,77058073,1,201400000040,2014-03-17 00:00:00,1,N,23,5,17,F,1,2,R,R,,,,
21969822,77058053,1,201400000767,2014-03-15 00:00:00,1,N,23,5,40,M,1,2,N,,,,,
21969820,77058046,1,201400000763,2014-03-15 00:00:00,1,N,23,5,39,M,1,2,R,,,,,
21969816,77057253,1,201400000743,2014-03-14 00:00:00,1,N,23,5,38,F,1,2,N,,,,,
21969815,77057253,2,201400000757,2014-03-14 00:00:00,1,N,23,5,54,F,1,2,N,,,,,
21969809,77057238,1,201400000039,2014-03-12 00:00:00,1,N,23,5,17,F,1,2,N,R,,,,
21969808,77057238,2,201400000715,2014-03-12 00:00:00,1,N,23,5,21,M,1,2,N,,,,,
21969805,77057223,1,201400000037,2014-03-11 00:00:00,1,N,23,5,16,F,1,2,R,R,,,,
21969804,77057223,2,201400000038,2014-03-11 00:00:00,1,N,23,5,15,F,1,2,R,R,,,,
21969803,77057222,1,201400000734,2014-03-11 00:00:00,1,N,23,5,31,M,1,2,U,,,,,
20952745,73709396,1,201400001647,2014-06-05 00:00:00,1,N,23,5,41,F,1,2,N,,,,,
20952744,73709391,1,201400000079,2014-06-05 00:00:00,1,N,23,5,17,F,1,2,N,R,,,,
20952739,73708595,1,201400001624,2014-06-03 00:00:00,1,N,23,5,29,F,1,2,N,,,,,
20952736,73708569,2,201400001599,2014-05-31 00:00:00,1,N,23,5,18,F,1,2,N,,,,,
20952728,73708539,1,201400001567,2014-05-28 00:00:00,1,N,23,5,26,F,1,2,N,,,,,
20952726,73708529,1,201400001561,2014-05-27 00:00:00,1,N,23,5,20,F,1,2,N,,,,,
20952725,73708528,1,201400001559,2014-05-27 00:00:00,1,N,23,5,41,M,1,2,N,,,,,
20952724,73708528,2,201400001560,2014-05-27 00:00:00,1,N,23,5,27,F,1,2,N,,,,,
20952720,73708510,1,201400001548,2014-05-26 00:00:00,1,N,23,5,52,F,1,2,N,,,,,
20952718,73708506,1,201400001547,2014-05-26 00:00:00,1,N,23,5,53,F,1,2,N,,,,,
20952706,73708484,1,201400000071,2014-05-24 00:00:00,1,N,23,5,16,F,1,2,N,R,,,,
20952698,73708470,1,201400001500,2014-05-22 00:00:00,1,N,23,5,19,F,1,2,N,,,,,
20952697,73708462,1,201400001496,2014-05-22 00:00:00,1,N,23,5,22,F,1,2,R,,,,,
20952691,73707670,1,201400001463,2014-05-19 00:00:00,1,N,23,5,21,M,1,2,N,,,,,
20952678,73707647,1,201400001445,2014-05-17 00:00:00,1,N,23,5,27,M,1,2,R,,,,,
20952668,73707620,1,201400001421,2014-05-15 00:00:00,1,N,23,5,27,F,1,2,N,,,,,
20952656,73707588,1,201400001399,2014-05-13 00:00:00,1,N,23,5,42,M,1,2,N,,,,,
20952653,73707585,1,201400001396,2014-05-13 00:00:00,1,N,23,5,22,M,1,2,R,,,,,
20952649,73707576,1,201400001384,2014-05-12 00:00:00,1,N,23,5,25,F,1,2,N,,,,,
20951684,73706674,1,201400001279,2014-05-02 00:00:00,1,N,23,5,23,F,1,3,N,,,,,
21969794,77057191,2,201400000034,2014-03-08 00:00:00,1,N,23,5,17,F,1,2,N,R,,,,
21969793,77057191,1,201400000033,2014-03-08 00:00:00,1,N,23,5,15,F,1,2,N,R,,,,
21969792,77057191,3,201400000035,2014-03-08 00:00:00,1,N,23,5,16,F,1,2,N,R,,,,
21969790,77057187,1,201400000032,2014-03-07 00:00:00,1,N,23,5,16,M,1,2,R,R,,,,
21969786,77057167,1,201400000635,2014-03-06 00:00:00,1,N,23,5,19,F,1,2,N,,,,,
21969780,77057155,1,201400000622,2014-03-05 00:00:00,1,N,23,5,22,M,1,2,N,,,,,
21969773,77057127,1,201400000029,2014-03-03 00:00:00,1,N,23,5,17,F,1,2,N,R,,,,
21969767,77057106,1,201400000560,2014-03-01 00:00:00,1,N,23,5,36,F,1,2,N,,,,,
21969766,77057104,1,201400000559,2014-03-01 00:00:00,1,N,23,5,42,M,1,2,N,,,,,
21969765,77057103,2,201400000027,2014-03-01 00:00:00,1,N,23,5,17,F,1,2,N,R,,,,
21969764,77057103,1,201400000026,2014-03-01 00:00:00,1,N,23,5,16,F,1,2,N,R,,,,
21969754,77056302,1,201400000543,2014-02-28 00:00:00,1,N,23,5,35,M,1,2,N,,,,,
20952805,73710377,3,201400000091,2014-06-22 00:00:00,1,N,23,5,16,F,1,2,R,R,,,,
20952804,73710377,4,201400000092,2014-06-22 00:00:00,1,N,23,5,15,F,1,2,R,R,,,,
20952803,73710377,2,201400000090,2014-06-22 00:00:00,1,N,23,5,15,F,1,2,R,R,,,,
20952799,73710370,1,201400001803,2014-06-21 00:00:00,1,N,23,5,29,F,1,2,N,,,,,
20952796,73710360,1,201400001793,2014-06-20 00:00:00,1,N,23,5,19,F,1,2,N,,,,,
20952777,73709504,1,201400001730,2014-06-14 00:00:00,1,N,23,5,30,M,1,2,N,,,,,
20952783,73709524,1,201400001737,2014-06-15 00:00:00,1,N,23,5,34,F,1,3,N,,,,,
20952776,73709500,1,201400001726,2014-06-14 00:00:00,1,N,23,5,31,F,1,3,N,,,,,
20952766,73709466,1,201400001705,2014-06-11 00:00:00,1,N,23,5,23,F,1,3,N,,,,,
21974255,77069595,1,201500000018,2015-02-03 00:00:00,3,N,45,5,26,M,1,3,N,,,,,
21969854,77058154,1,201400000922,2014-03-30 00:00:00,3,N,45,5,52,F,1,3,N,,,,,
21973199,77067656,1,201400003284,2014-11-13 00:00:00,3,N,45,5,18,M,2,2,R,,,,,
21969756,77056303,2,201400002874,2014-09-26 00:00:00,3,N,45,5,24,M,2,2,N,,,,,
21968732,77055279,1,201500002687,2015-10-06 00:00:00,3,N,45,5,21,M,2,2,N,,,,,
21968727,77055264,2,201400000333,2014-02-11 00:00:00,3,N,45,5,31,M,2,2,N,,,,,
21968699,77055203,1,201400002519,2014-08-25 00:00:00,3,N,45,5,41,M,2,2,N,,,,,
20784625,73192931,1,201400000016,2014-01-09 00:00:00,3,N,44,5,53,M,1,2,R,,,,,
21968743,77055327,1,201400000334,2014-02-10 00:00:00,3,N,51,5,45,F,1,2,R,,,,,
21971033,77061976,2,201400002836,2014-09-25 00:00:00,3,N,51,5,24,M,4,2,N,,,,,
21971032,77061976,1,201400002834,2014-09-25 00:00:00,3,N,51,5,54,M,4,2,N,,,,,
21972056,77063844,1,201400002502,2014-08-22 00:00:00,1,N,11,5,20,F,2,2,N,,,,,
21970880,77059138,6,201400001101,2014-04-09 00:00:00,1,N,11,5,28,M,2,2,N,,,,,
21970879,77059138,1,201400001044,2014-04-09 00:00:00,1,C,11,5,30,M,2,2,N,,,,,
21969913,77059089,1,201400001263,2014-05-01 00:00:00,3,N,11,5,42,F,2,2,N,,,,,
21968667,77054332,1,201400000137,2014-01-21 00:00:00,1,N,23,5,23,M,1,2,R,,,,,
21968663,77054320,1,201400000123,2014-01-20 00:00:00,1,N,23,5,35,F,1,2,N,,,,,
21968652,77054271,1,201400000094,2014-01-16 00:00:00,1,N,23,5,75,M,1,2,N,,,,,
21968651,77054270,1,201400000093,2014-01-16 00:00:00,1,N,23,5,46,M,1,2,N,,,,,
21968646,77054247,1,201400000070,2014-01-14 00:00:00,1,N,23,5,39,F,1,2,N,,,,,
21968641,77053442,1,201400000045,2014-01-12 00:00:00,1,N,23,5,23,F,1,2,N,,,,,
21968632,77053427,1,201400000037,2014-01-11 00:00:00,1,N,23,5,30,M,1,2,N,,,,,
21968631,77053425,1,201400000036,2014-01-11 00:00:00,1,N,23,5,35,F,1,2,N,,,,,
21968623,77053385,1,201300004173,2014-01-07 00:00:00,1,N,23,5,27,M,1,2,N,,,,,
20952773,73709497,2,201400000086,2014-06-14 00:00:00,1,N,7,5,16,M,2,2,R,R,,,,
20952772,73709497,1,201400000085,2014-06-14 00:00:00,1,N,7,5,16,M,2,2,R,R,,,,
21970922,77060047,1,201400001854,2014-06-27 00:00:00,3,N,11,5,32,M,1,2,N,,,,,
21974268,77070409,2,201400003642,2014-12-18 00:00:00,1,N,7,5,19,M,1,2,N,,,,,
21974267,77070409,1,201400003641,2014-12-18 00:00:00,1,N,7,5,19,F,1,2,N,,,,,
21970910,77060005,1,201400001126,2014-04-17 00:00:00,1,N,7,5,31,M,1,2,R,,,,,
21968756,77056148,1,201400000369,2014-02-15 00:00:00,1,N,7,5,39,M,1,2,N,,,,,
21968755,77056148,2,201400000370,2014-02-15 00:00:00,1,N,7,5,42,M,1,2,N,,,,,
21974299,77070502,1,201400003715,2014-12-24 00:00:00,1,N,51,5,40,M,2,2,N,,,,,
21973264,77068601,2,201400000164,2014-11-28 00:00:00,1,N,51,5,14,M,2,2,N,R,,,,
21973263,77068601,1,201400000163,2014-11-28 00:00:00,1,N,51,5,16,M,2,2,N,R,,,,
21973262,77068596,1,201400003425,2014-11-27 00:00:00,1,N,51,5,41,M,2,2,R,,,,,
21973241,77068524,1,201400003364,2014-11-21 00:00:00,1,N,51,5,37,F,2,2,R,,,,,
21972164,77065784,1,201400002973,2014-10-10 00:00:00,1,N,51,5,25,F,2,2,R,,,,,
21972161,77065772,1,201400002960,2014-10-09 00:00:00,1,N,51,5,31,M,2,2,R,,,,,
21972154,77065739,1,201400002928,2014-10-05 00:00:00,1,N,51,5,36,M,2,2,R,,,,,
21972151,77065736,1,201400000141,2014-10-04 00:00:00,1,N,51,5,17,M,2,2,R,R,,,,
21973141,77066691,1,201400003090,2014-10-21 00:00:00,1,N,51,5,34,M,1,2,R,,,,,
21973132,77066664,1,201400003068,2014-10-20 00:00:00,1,N,51,5,25,F,1,2,R,,,,,
21973129,77066659,1,201400003057,2014-10-19 00:00:00,1,N,51,5,38,M,1,2,R,,,,,
21973125,77066639,1,201400003036,2014-10-17 00:00:00,1,N,51,5,40,F,1,2,R,,,,,
21972074,77064711,1,201400002640,2014-09-06 00:00:00,1,N,51,5,42,F,1,2,R,,,,,
21972071,77064705,1,201400002627,2014-09-05 00:00:00,1,N,51,5,46,F,1,2,R,,,,,
21972065,77063883,1,201400002587,2014-09-01 00:00:00,1,N,51,5,23,F,1,2,N,,,,,
21972054,77063841,1,201400002498,2014-08-22 00:00:00,1,N,51,5,46,M,1,2,R,,,,,
21972034,77063755,1,201400002381,2014-08-11 00:00:00,1,N,51,5,49,F,1,2,R,,,,,
21972026,77063741,1,201400002377,2014-08-09 00:00:00,1,N,51,5,40,M,1,2,R,,,,,
21972024,77063738,1,201400000108,2014-08-08 00:00:00,1,N,51,5,16,M,1,2,R,R,,,,
21971001,77061868,1,201400002073,2014-07-16 00:00:00,1,N,51,5,44,M,1,2,R,,,,,
21970937,77060895,2,201400001882,2014-06-30 00:00:00,1,N,51,5,41,M,1,2,R,,,,,
21970906,77059993,1,201400001109,2014-04-15 00:00:00,1,N,51,5,20,M,1,2,R,,,,,
21969900,77059053,1,201400000966,2014-04-02 00:00:00,1,N,51,5,45,M,1,2,R,,,,,
21969897,77059044,1,201400000955,2014-04-01 00:00:00,1,N,51,5,43,M,1,2,R,,,,,
21969894,77059034,1,201400000948,2014-04-01 00:00:00,1,N,51,5,18,M,1,2,R,,,,,
21969889,77059020,1,201400000933,2014-03-30 00:00:00,1,N,51,5,27,M,1,2,R,,,,,
21974308,77070532,1,201400003731,2014-12-27 00:00:00,1,N,51,5,45,F,1,2,R,,,,,
21973275,77068629,1,201400003445,2014-11-30 00:00:00,1,N,51,5,60,M,1,2,R,,,,,
21973244,77068540,1,201400003373,2014-11-23 00:00:00,1,N,51,5,25,M,1,2,R,,,,,
21973215,77067692,1,201400003320,2014-11-15 00:00:00,1,N,51,5,27,M,1,2,N,,,,,
21972146,77065730,2,201400002918,2014-10-04 00:00:00,1,N,51,5,32,F,1,2,R,,,,,
21972145,77065730,1,201400002917,2014-10-04 00:00:00,1,N,51,5,33,M,1,2,R,,,,,
21974253,77069582,1,201400003607,2014-12-15 00:00:00,1,N,51,5,20,M,1,2,R,,,,,
21974251,77069573,2,201400003603,2014-12-14 00:00:00,1,N,51,5,28,F,1,2,N,,,,,
21974250,77069573,1,201400003604,2014-12-14 00:00:00,1,N,51,5,60,F,1,2,N,,,,,
21974233,77069500,2,201400000168,2014-12-08 00:00:00,1,N,51,5,17,M,1,2,R,R,,,,
21974232,77069500,1,201400003538,2014-12-08 00:00:00,1,N,51,5,21,M,1,2,R,,,,,
21974230,77069497,1,201400003537,2014-12-07 00:00:00,1,N,51,5,22,M,1,2,R,,,,,
21974222,77069475,1,201400003511,2014-12-05 00:00:00,1,N,51,5,31,M,1,2,R,,,,,
21974221,77069474,1,201400003509,2014-12-05 00:00:00,1,N,51,5,31,M,1,2,R,,,,,
21972133,77065691,1,201400003245,2014-11-08 00:00:00,1,N,51,5,24,M,1,2,R,,,,,
21972105,77064809,1,201400002768,2014-09-17 00:00:00,1,N,51,5,21,M,1,2,R,,,,,
21972093,77064761,1,201400002711,2014-09-11 00:00:00,1,N,51,5,32,M,1,2,R,,,,,
21972092,77064760,1,201400002710,2014-09-12 00:00:00,1,N,51,5,19,M,1,2,R,,,,,
21972089,77064748,1,201400002682,2014-09-10 00:00:00,1,N,51,5,37,M,1,2,R,,,,,
21972087,77064743,2,201400002674,2014-09-10 00:00:00,1,N,51,5,29,F,1,2,R,,,,,
21972086,77064743,1,201400002673,2014-09-10 00:00:00,1,N,51,5,31,M,1,2,R,,,,,
21972079,77064722,1,201400002661,2014-09-07 00:00:00,1,N,51,5,61,M,1,2,R,,,,,
21973249,77068565,1,201400003394,2014-11-25 00:00:00,1,N,51,5,29,F,4,2,R,,,,,
21968778,77056211,1,201400000436,2014-02-20 00:00:00,1,N,51,5,46,M,4,2,R,,,,,
21974257,77069599,1,201400003616,2014-12-16 00:00:00,1,N,51,5,27,M,2,2,R,,,,,
21974245,77069552,1,201400003588,2014-12-13 00:00:00,1,N,51,5,27,M,2,2,R,,,,,
21974231,77069498,1,201400003540,2014-12-07 00:00:00,1,N,51,5,24,M,2,2,R,,,,,
21973206,77067673,1,201400003302,2014-11-14 00:00:00,1,N,51,5,25,F,2,2,N,,,,,
21973196,77067639,1,201400000153,2014-11-09 00:00:00,1,N,51,5,15,F,2,2,R,R,,,,
21973182,77067597,2,201400003858,2015-01-09 00:00:00,1,N,51,5,24,M,2,2,N,,,,,
21973167,77066754,2,201400003158,2014-10-27 00:00:00,1,N,51,5,20,M,2,2,R,,,,,
21973166,77066754,1,201400003159,2014-10-27 00:00:00,1,N,51,5,21,F,2,2,R,,,,,
21972110,77064822,1,201400000137,2014-09-19 00:00:00,1,N,51,5,17,M,2,2,R,R,,,,
21972109,77064821,1,201400000136,2014-09-19 00:00:00,1,N,51,5,17,M,2,2,R,R,,,,
21972101,77064799,2,201400002750,2014-09-17 00:00:00,1,N,51,5,26,F,2,2,N,,,,,
21972100,77064799,1,201400002751,2014-09-17 00:00:00,1,N,51,5,25,M,2,2,N,,,,,
21973113,77066615,2,201400002996,2014-10-12 00:00:00,1,N,51,5,23,M,2,2,R,,,,,
21973112,77066615,1,201400002997,2014-10-12 00:00:00,1,N,51,5,22,F,2,2,N,,,,,
21972045,77063790,1,201400002439,2014-08-15 00:00:00,1,N,51,5,19,M,2,2,N,,,,,
21972018,77062929,1,201400002350,2014-08-07 00:00:00,1,N,51,5,28,M,2,2,R,,,,,
21972002,77062900,1,201400002315,2014-08-05 00:00:00,1,N,51,5,22,F,2,2,R,,,,,
21971995,77062880,1,201400002303,2014-08-04 00:00:00,1,N,51,5,39,M,2,2,N,,,,,
21970985,77061836,1,201400002026,2014-07-12 00:00:00,1,N,51,5,23,M,2,2,R,,,,,
21970984,77061836,2,201400002027,2014-07-12 00:00:00,1,N,51,5,22,F,2,2,R,,,,,
21970957,77060954,1,201400001942,2014-07-04 00:00:00,1,N,51,5,20,M,2,2,R,,,,,
21970952,77060946,1,201400001938,2014-07-04 00:00:00,1,N,51,5,28,M,2,2,N,,,,,
21970916,77060016,1,201400000057,2014-04-17 00:00:00,1,N,51,5,17,M,2,2,R,R,,,,
21970899,77059974,1,201400000056,2014-04-13 00:00:00,1,N,51,5,14,M,2,2,N,R,,,,
21969920,77059098,1,201400001008,2014-04-05 00:00:00,1,N,51,5,21,M,2,2,N,,,,,
21969907,77059067,1,201400000979,2014-04-04 00:00:00,1,N,51,5,29,M,2,2,R,,,,,
21969872,77058197,1,201400000895,2014-03-27 00:00:00,1,N,51,5,23,F,2,2,R,,,,,
21969829,77058076,1,201400000793,2014-03-17 00:00:00,1,N,51,5,25,M,2,2,R,,,,,
21969821,77058050,1,201400000764,2014-03-15 00:00:00,1,N,51,5,34,F,2,2,R,,,,,
21969807,77057237,1,201400000714,2014-03-12 00:00:00,1,N,51,5,40,M,2,2,R,,,,,
21969801,77057206,1,201400000677,2014-03-10 00:00:00,1,N,51,5,40,F,2,2,R,,,,,
21969791,77057189,1,201400000660,2014-03-08 00:00:00,1,N,51,5,22,F,2,2,R,,,,,
21969769,77057112,1,201400000566,2014-03-02 00:00:00,1,N,51,5,28,F,2,2,R,,,,,
21969752,77056299,1,201400000551,2014-02-28 00:00:00,1,N,51,5,21,F,2,2,R,,,,,
21969750,77056288,1,201400000530,2014-02-27 00:00:00,1,N,51,5,21,F,2,2,N,,,,,
21968768,77056176,1,201400000397,2014-02-17 00:00:00,1,N,51,5,25,M,2,2,R,,,,,
21968714,77055245,2,201400000251,2014-02-04 00:00:00,1,N,51,5,25,M,2,2,R,,,,,
21968713,77055245,1,201400000250,2014-02-04 00:00:00,1,N,51,5,31,M,2,2,R,,,,,
21968703,77055209,1,201400000217,2014-01-31 00:00:00,1,N,51,5,47,F,2,2,R,,,,,
21968698,77055194,1,201400000015,2014-01-30 00:00:00,1,N,51,5,17,M,2,2,R,R,,,,
21968694,77054392,1,201400000193,2014-01-27 00:00:00,1,N,51,5,19,F,2,2,N,,,,,
21968691,77054386,1,201400000187,2014-01-26 00:00:00,1,N,51,5,35,M,2,2,R,,,,,
21968665,77054324,1,201400000129,2014-01-21 00:00:00,1,N,51,5,24,M,2,2,R,,,,,
21968659,77054308,1,201400000116,2014-01-19 00:00:00,1,N,51,5,31,M,2,2,R,,,,,
21968650,77054258,1,201400000007,2014-01-15 00:00:00,1,N,51,5,17,M,2,2,R,R,,,,
21968644,77053452,1,201400000066,2014-01-13 00:00:00,1,N,51,5,34,F,2,2,R,,,,,
21968629,77053410,1,201400000025,2014-01-10 00:00:00,1,N,51,5,22,F,2,2,R,,,,,
21968626,77053394,1,201400000002,2014-01-09 00:00:00,1,N,51,5,17,M,2,2,R,R,,,,
21968625,77053392,1,201400000013,2014-01-09 00:00:00,1,N,51,5,27,M,2,2,N,,,,,
21972012,77062912,1,201400002349,2014-08-06 00:00:00,3,N,14,5,19,M,2,2,N,,,,,
21972011,77062911,1,201400002348,2014-08-06 00:00:00,3,N,14,5,19,M,2,2,N,,,,,
21972009,77062908,1,201400002346,2014-08-06 00:00:00,3,N,14,5,19,M,2,2,N,,,,,
21968635,77053430,1,201400000039,2014-01-11 00:00:00,1,N,51,5,31,F,1,2,N,,,,,
21968633,77053428,1,201400000050,2014-01-11 00:00:00,1,N,51,5,23,M,1,2,R,,,,,
21969856,77058156,1,201400000856,2014-03-23 00:00:00,1,N,51,5,55,M,1,2,R,,,,,
21969846,77058137,1,201400000837,2014-03-22 00:00:00,1,N,51,5,49,M,1,2,R,,,,,
21969841,77058130,1,201400000044,2014-03-21 00:00:00,1,N,51,5,15,F,1,2,R,R,,,,
21969827,77058061,1,201400000779,2014-03-16 00:00:00,1,N,51,5,21,M,1,2,R,,,,,
21969774,77057132,1,201400000030,2014-03-03 00:00:00,1,N,51,5,17,M,1,2,R,R,,,,
21968779,77056212,1,201400000437,2014-02-20 00:00:00,1,N,51,5,60,F,1,2,R,,,,,
21968769,77056181,1,201400000403,2014-02-17 00:00:00,1,N,51,5,54,M,1,2,R,,,,,
21968767,77056173,1,201400000392,2014-02-17 00:00:00,1,N,51,5,55,M,1,2,R,,,,,
21968758,77056151,1,201400000373,2014-02-15 00:00:00,1,N,51,5,35,M,1,2,R,,,,,
21968748,77055346,1,201400000022,2014-02-13 00:00:00,1,N,51,5,15,M,1,2,N,R,,,,
21967671,77053354,1,201300004150,2014-01-05 00:00:00,1,N,51,5,22,M,1,2,R,,,,,
21968736,77055294,1,201400000319,2014-02-08 00:00:00,1,N,51,5,67,M,1,2,R,,,,,
21968734,77055290,1,201400000306,2014-02-07 00:00:00,1,N,51,5,65,M,1,2,R,,,,,
21968706,77055216,1,201400000229,2014-02-02 00:00:00,1,N,51,5,20,M,1,2,R,,,,,
21968690,77054385,3,201400000194,2014-01-26 00:00:00,1,N,51,5,30,M,1,2,N,,,,,
21968689,77054385,2,201400000185,2014-01-26 00:00:00,1,N,51,5,26,M,1,2,N,,,,,
21968675,77054355,1,201400000012,2014-01-23 00:00:00,1,N,51,5,16,M,1,2,R,R,,,,
21968674,77054355,2,201400000157,2014-01-23 00:00:00,1,N,51,5,41,M,1,2,R,,,,,
21968661,77054311,1,201400000009,2014-01-19 00:00:00,1,N,51,5,15,F,1,2,R,R,,,,
20952774,73709498,1,201400000088,2014-06-14 00:00:00,1,N,41,5,16,M,2,2,R,R,,,,
21973265,77068608,1,201400003459,2014-11-28 00:00:00,1,N,37,5,46,F,1,2,R,,,,,
21973180,77067592,1,201400003208,2014-11-03 00:00:00,1,N,40,5,18,M,2,2,N,,,,,
21973153,77066727,5,201400000149,2014-10-25 00:00:00,1,N,40,5,16,M,2,2,N,R,,,,
21973152,77066727,4,201400000150,2014-10-25 00:00:00,1,N,40,5,16,M,2,2,R,R,,,,
21973151,77066727,3,201400003129,2014-10-25 00:00:00,1,N,40,5,18,M,2,2,N,,,,,
21973150,77066727,2,201400003130,2014-10-25 00:00:00,1,N,40,5,19,M,2,2,N,,,,,
21973149,77066727,1,201400003131,2014-10-25 00:00:00,1,N,40,5,18,M,2,2,N,,,,,
21971019,77061917,3,201400002173,2014-07-19 00:00:00,1,N,40,5,24,M,2,2,R,,,,,
21968799,77056256,1,201400000485,2014-02-24 00:00:00,1,N,40,5,25,F,2,2,R,,,,,
21974293,77070472,2,201400003697,2014-12-22 00:00:00,1,N,41,5,18,F,2,2,N,,,,,
21974292,77070472,1,201400003698,2014-12-22 00:00:00,1,N,41,5,21,F,2,2,N,,,,,
21968764,77056164,1,201400000385,2014-02-16 00:00:00,3,N,16,5,44,M,1,2,R,,,,,
21968664,77054322,1,201400000124,2014-01-20 00:00:00,3,N,16,5,35,F,1,2,N,,,,,
21970924,77060057,1,201400001847,2014-06-26 00:00:00,3,N,8,5,60,M,1,2,R,,,,,
20952797,73710362,1,201400001794,2014-06-20 00:00:00,1,N,11,5,26,M,1,2,R,,,,,
21972010,77062909,1,201400002347,2014-08-06 00:00:00,3,N,7,5,19,M,2,2,N,,,,,
20952695,73708447,2,201400001645,2014-06-04 00:00:00,3,N,5,5,32,M,1,2,N,,,,,
20952672,73707629,1,201400001483,2014-05-21 00:00:00,3,N,5,5,21,M,1,2,R,,,,,
20952664,73707608,1,201400001506,2014-05-23 00:00:00,1,N,47,5,36,M,1,2,N,,,,,
21973240,77068519,1,201400003362,2014-11-20 00:00:00,1,N,14,5,24,M,1,2,N,,,,,
21974256,77069598,1,201400000171,2014-12-16 00:00:00,1,N,14,5,17,M,1,2,N,R,,,,
21973135,77066682,2,201400003085,2014-10-21 00:00:00,1,N,14,5,30,M,1,2,N,,,,,
21972049,77063818,1,201400002475,2014-08-19 00:00:00,1,N,14,5,27,M,1,2,N,,,,,
21971048,77062808,1,201400002231,2014-07-29 00:00:00,1,N,14,5,19,M,1,2,R,,,,,
21969886,77059013,2,201400000936,2014-03-30 00:00:00,1,N,14,5,21,M,1,2,N,,,,,
20952758,73709435,1,201400001679,2014-06-09 00:00:00,1,N,14,5,24,M,1,2,N,,,,,
21972141,77065714,1,201400002906,2014-10-02 00:00:00,3,N,16,5,26,M,2,2,N,,,,,
21969810,77057241,1,201400000725,2014-03-12 00:00:00,3,N,16,5,41,M,2,2,N,,,,,
20952790,73710317,1,201400001924,2014-07-03 00:00:00,3,N,49,5,29,M,2,2,R,,,,,
21974304,77070524,1,201400003725,2014-12-27 00:00:00,1,N,35,5,23,F,1,2,N,,,,,
21974252,77069575,1,201400003606,2014-12-14 00:00:00,1,N,35,5,32,F,1,2,R,,,,,
21974219,77069472,1,201400003507,2014-12-05 00:00:00,1,N,35,5,34,F,1,2,N,,,,,
21973154,77066732,1,201400003133,2014-10-25 00:00:00,1,N,35,5,33,M,1,2,R,,,,,
21972027,77063742,2,201400002361,2014-08-09 00:00:00,1,N,35,5,28,M,1,2,N,,,,,
21971046,77062803,1,201400002235,2014-07-28 00:00:00,1,N,35,5,22,F,1,2,N,,,,,
21971036,77061989,1,201400002199,2014-07-26 00:00:00,1,N,35,5,23,F,1,2,R,,,,,
21971014,77061900,1,201400002112,2014-07-18 00:00:00,1,N,35,5,20,M,1,2,N,,,,,
21971989,77062865,1,201400002274,2014-08-03 00:00:00,1,N,35,5,51,M,1,2,N,,,,,
21970964,77060978,1,201400001957,2014-07-05 00:00:00,1,N,35,5,39,M,1,2,N,,,,,
21970908,77059996,1,201400001113,2014-04-15 00:00:00,1,N,35,5,30,M,1,2,N,,,,,
21970900,77059976,1,201400001090,2014-04-13 00:00:00,1,N,35,5,34,M,1,2,N,,,,,
21970898,77059973,1,201400001089,2014-04-13 00:00:00,1,N,35,5,39,M,1,2,N,,,,,
21970897,77059972,1,201400001095,2014-04-13 00:00:00,1,N,35,5,28,M,1,2,N,,,,,
21970896,77059968,1,201400001086,2014-04-13 00:00:00,1,N,35,5,26,F,1,2,N,,,,,
21969896,77059042,1,201400000953,2014-04-01 00:00:00,1,N,35,5,26,F,1,2,N,,,,,
21970878,77059135,1,201400001043,2014-04-09 00:00:00,1,N,35,5,30,M,1,2,R,,,,,
21970870,77059114,1,201400000052,2014-04-07 00:00:00,1,N,35,5,17,M,1,2,R,H,,,,
21969782,77057158,1,201400000623,2014-03-05 00:00:00,1,N,35,5,26,M,1,2,R,,,,,
21969779,77057149,2,201400000684,2014-03-05 00:00:00,1,N,35,5,34,F,1,2,N,,,,,
21967672,77053355,1,201300004152,2014-01-05 00:00:00,1,N,35,5,38,F,1,2,N,,,,,
21967668,77053350,1,201300004142,2014-01-04 00:00:00,1,N,35,5,36,F,1,2,N,,,,,
21968672,77054345,1,201400000146,2014-01-22 00:00:00,1,N,35,5,26,M,1,2,N,,,,,
21968638,77053435,1,201400000051,2014-01-12 00:00:00,1,N,35,5,30,M,1,2,R,,,,,
21968622,77053384,1,201300004172,2014-01-07 00:00:00,1,N,35,5,29,M,1,2,N,,,,,
21968617,77053370,1,201300004160,2014-01-06 00:00:00,1,N,35,5,36,M,1,2,R,,,,,
21974246,77069555,1,201400003590,2014-12-12 00:00:00,1,N,35,5,32,M,2,2,N,,,,,
21972033,77063747,1,201400002368,2014-08-10 00:00:00,1,N,35,5,49,F,2,2,N,,,,,
21968750,77055350,1,201400000359,2014-02-14 00:00:00,1,N,35,5,21,M,2,2,N,,,,,
21968624,77053391,1,201400000011,2014-01-08 00:00:00,1,N,35,5,19,M,2,2,R,,,,,
21973221,77067697,1,201500001029,2015-04-29 00:00:00,3,N,44,5,24,M,2,2,R,,,,,
21973183,77067597,1,201400003989,2015-01-19 00:00:00,3,N,44,5,24,M,2,2,N,,,,,
21973168,77066755,1,201400003340,2014-11-18 00:00:00,3,N,44,5,49,M,2,2,N,,,,,
21971000,77061867,1,201400002974,2014-10-10 00:00:00,3,N,44,5,43,M,2,2,N,,,,,
21970951,77060945,1,201400001993,2014-07-03 00:00:00,3,N,37,5,19,F,2,2,R,,,,,
21967673,77053358,2,201400000082,2014-01-11 00:00:00,3,N,37,5,24,F,2,2,N,,,,,
20951708,73707525,1,201400001354,2014-05-08 00:00:00,1,N,40,5,21,M,2,2,N,,,,,
20951701,73706738,1,201400001337,2014-05-07 00:00:00,1,N,40,5,36,F,2,2,R,,,,,
20951654,73705782,2,201400001205,2014-04-23 00:00:00,1,N,40,5,20,M,2,2,N,,,,,
20951653,73705782,1,201400001204,2014-04-23 00:00:00,1,N,40,5,20,M,2,2,N,,,,,
21972162,77065780,1,201400002963,2014-10-09 00:00:00,1,N,47,5,21,M,1,2,N,,,,,
21972157,77065750,1,201400003565,2014-12-09 00:00:00,1,N,47,5,25,M,1,2,R,,,,,
21969771,77057115,1,201400000567,2014-03-02 00:00:00,1,N,45,5,18,M,1,3,N,,,,,
21972008,77062907,3,201400002402,2014-08-13 00:00:00,3,N,49,5,18,M,2,2,N,,,,,
21972007,77062907,2,201400002335,2014-08-07 00:00:00,3,N,49,5,18,M,2,2,N,,,,,
21972006,77062907,1,201400002324,2014-08-06 00:00:00,3,N,49,5,19,M,2,2,N,,,,,
21972005,77062905,2,201400002412,2014-08-13 00:00:00,3,N,49,5,18,M,2,2,N,,,,,
21972004,77062905,1,201400002345,2014-08-06 00:00:00,3,N,49,5,19,M,2,2,N,,,,,
21972136,77065698,1,201400003028,2014-10-17 00:00:00,3,N,47,5,52,F,1,2,N,,,,,
21968762,77056161,1,201400001123,2014-04-17 00:00:00,3,N,47,5,35,M,1,2,N,,,,,
21974225,77069479,1,201400003524,2014-12-06 00:00:00,1,N,40,5,25,M,1,1,R,,,,,
20952686,73707658,2,201400001457,2014-05-19 00:00:00,2,N,40,5,26,F,1,2,N,,,,,
20952785,73709526,1,201400001739,2014-06-15 00:00:00,1,N,35,5,28,M,2,2,R,,,,,
20952801,73710373,1,201400003718,2014-12-26 00:00:00,3,N,44,5,27,M,2,2,N,,,,,
20952732,73708554,1,201400001742,2014-06-16 00:00:00,3,N,44,5,31,M,2,2,N,,,,,
20952647,73707557,1,201500000929,2015-04-20 00:00:00,3,N,44,5,25,M,2,2,N,,,,,
20951650,73705774,2,201400001173,2014-04-21 00:00:00,3,N,16,5,22,M,2,2,N,,,,,
21974227,77069484,1,201400003528,2014-12-06 00:00:00,3,N,23,5,35,M,2,2,N,,,,,
21973193,77067628,1,201400003257,2014-11-08 00:00:00,3,N,23,5,56,F,2,2,N,,,,,
21973147,77066720,1,201400003121,2014-10-24 00:00:00,3,N,23,5,19,M,2,2,N,,,,,
21972083,77064737,1,201400002669,2014-09-09 00:00:00,3,N,23,5,59,M,2,2,N,,,,,
21972032,77063746,1,201400002367,2014-08-10 00:00:00,3,N,23,5,49,F,2,2,N,,,,,
21971042,77062794,1,201400002219,2014-07-28 00:00:00,3,N,23,5,18,M,2,2,N,,,,,
21971040,77062788,1,201400002757,2014-09-17 00:00:00,3,N,23,5,21,M,2,2,N,,,,,
21971039,77062788,2,201400002565,2014-08-29 00:00:00,3,N,23,5,19,M,2,2,N,,,,,
21971034,77061984,1,201400002191,2014-07-25 00:00:00,3,N,23,5,24,F,2,2,R,,,,,
21971029,77061963,2,201400002217,2014-07-28 00:00:00,3,N,23,5,48,M,2,2,N,,,,,
21971026,77061943,1,201400002375,2014-08-11 00:00:00,3,N,23,5,35,M,2,2,N,,,,,
21971985,77062848,2,201400002283,2014-08-01 00:00:00,3,N,23,5,23,M,2,2,N,,,,,
21971984,77062847,1,201400002282,2014-08-01 00:00:00,3,N,23,5,33,M,2,2,N,,,,,
21971013,77061899,1,201400002103,2014-07-18 00:00:00,3,N,23,5,23,F,2,2,R,,,,,
21971007,77061887,4,201400003186,2014-10-31 00:00:00,3,N,23,5,33,F,2,2,N,,,,,
21970996,77061856,1,201400002052,2014-07-14 00:00:00,3,N,23,5,22,F,2,2,N,,,,,
21970980,77061031,1,201400002009,2014-07-10 00:00:00,3,N,23,5,20,M,2,2,N,,,,,
21970976,77061015,1,201400001997,2014-07-09 00:00:00,3,N,23,5,32,M,2,2,N,,,,,
21970963,77060974,2,201400002457,2014-08-17 00:00:00,3,N,23,5,47,F,2,2,N,,,,,
21970956,77060953,1,201400001941,2014-07-04 00:00:00,3,N,23,5,21,F,2,2,N,,,,,
21970955,77060952,1,201400002456,2014-08-18 00:00:00,3,N,23,5,34,F,2,2,N,,,,,
21970954,77060951,1,201400001988,2014-07-08 00:00:00,3,N,23,5,26,F,2,2,N,,,,,
21970950,77060942,1,201400001930,2014-07-03 00:00:00,3,N,23,5,23,F,2,2,N,,,,,
21970949,77060940,2,201400001992,2014-07-03 00:00:00,3,N,23,5,18,F,2,2,R,,,,,
21970946,77060933,1,201400000094,2014-07-02 00:00:00,3,N,23,5,17,M,2,2,N,R,,,,
21970945,77060933,2,201400000095,2014-07-02 00:00:00,3,N,23,5,16,M,2,2,N,R,,,,
21970944,77060931,1,201400001917,2014-07-02 00:00:00,3,N,23,5,18,F,2,2,N,,,,,
21970932,77060089,1,201400002061,2014-07-15 00:00:00,3,N,23,5,33,F,2,2,N,,,,,
21970931,77060078,1,201400003479,2014-12-04 00:00:00,3,N,23,5,26,F,2,2,N,,,,,
21970929,77060073,1,201500000130,2015-02-11 00:00:00,3,N,23,5,24,F,2,2,N,,,,,
21970927,77060067,1,201400001837,2014-06-25 00:00:00,3,N,23,5,18,M,2,2,R,,,,,
21970918,77060027,1,201400001146,2014-04-18 00:00:00,3,N,23,5,42,F,2,2,N,,,,,
21970893,77059964,2,201400001083,2014-04-12 00:00:00,3,N,23,5,29,M,2,2,N,,,,,
21970892,77059964,1,201400001082,2014-04-12 00:00:00,3,N,23,5,27,F,2,2,N,,,,,
21970872,77059118,1,201400001025,2014-04-07 00:00:00,3,N,23,5,29,F,2,2,N,,,,,
21969864,77058176,1,201400000875,2014-03-25 00:00:00,3,N,23,5,19,F,2,2,N,,,,,
21969755,77056303,1,201400000756,2014-03-16 00:00:00,3,N,23,5,24,M,2,2,N,,,,,
21968784,77056223,1,201400003297,2014-11-14 00:00:00,3,N,23,5,36,F,2,2,N,,,,,
21968709,77055232,1,201400000870,2014-03-25 00:00:00,3,N,23,5,19,F,2,2,N,,,,,
21968685,77054382,1,201400000800,2014-03-18 00:00:00,3,N,23,5,23,F,2,2,N,,,,,
21968639,77053437,1,201400000428,2014-02-20 00:00:00,3,N,23,5,42,F,2,2,N,,,,,
21968620,77053381,1,201400000140,2014-01-23 00:00:00,3,N,23,5,33,F,2,2,N,,,,,
20952742,73709378,1,201400001639,2014-06-04 00:00:00,3,N,23,5,39,F,2,2,N,,,,,
20952711,73708489,1,201400001832,2014-06-25 00:00:00,3,N,23,5,29,F,2,2,N,,,,,
20952690,73707667,1,201400001460,2014-05-19 00:00:00,3,N,23,5,18,F,2,2,N,,,,,
20952689,73707667,2,201400001461,2014-05-19 00:00:00,3,N,23,5,18,F,2,2,N,,,,,
20952676,73707644,2,201400001443,2014-05-17 00:00:00,3,N,23,5,24,F,2,2,N,,,,,
20952675,73707644,1,201400001442,2014-05-17 00:00:00,3,N,23,5,46,M,2,2,N,,,,,
20952671,73707628,1,201400001430,2014-05-16 00:00:00,3,N,23,5,28,F,2,2,N,,,,,
20951681,73706658,1,201400001267,2014-05-01 00:00:00,3,N,23,5,24,F,2,2,N,,,,,
20952778,73709505,1,201400001731,2014-06-14 00:00:00,3,N,23,5,27,F,2,2,N,,,,,
21970948,77060939,1,201400001926,2014-07-03 00:00:00,3,N,23,5,33,M,2,3,N,,,,,
21968774,77056204,1,201400000429,2014-02-20 00:00:00,3,N,23,5,20,F,2,3,N,,,,,
21973284,77069455,1,201400003478,2014-12-03 00:00:00,3,N,23,5,18,M,2,2,N,,,,,
21973281,77068642,1,201400003461,2014-12-01 00:00:00,3,N,23,5,35,F,2,2,R,,,,,
21973277,77068631,1,201400003615,2014-12-16 00:00:00,3,N,23,5,37,F,2,2,N,,,,,
21974281,77070453,1,201400000175,2014-12-21 00:00:00,3,N,23,5,14,M,2,2,N,R,,,,
21974280,77070452,1,201400000174,2014-12-21 00:00:00,3,N,23,5,13,M,2,2,R,R,,,,
21974278,77070449,1,201400000173,2014-12-21 00:00:00,3,N,23,5,14,M,2,2,R,R,,,,
21973257,77068586,1,201400003420,2014-11-26 00:00:00,3,N,23,5,53,F,2,2,N,,,,,
21973255,77068584,2,201400000161,2014-11-26 00:00:00,3,N,23,5,15,F,2,2,R,R,,,,
21973254,77068584,1,201400000162,2014-11-26 00:00:00,3,N,23,5,16,F,2,2,R,R,,,,
21973252,77068578,1,201400003412,2014-11-26 00:00:00,3,N,23,5,27,F,2,2,N,,,,,
21973247,77068559,1,201400003390,2014-11-24 00:00:00,3,N,23,5,30,F,2,2,N,,,,,
21973243,77068532,1,201400003369,2014-11-21 00:00:00,3,N,23,5,23,F,2,2,N,,,,,
21973217,77067694,1,201400000154,2014-11-15 00:00:00,3,N,23,5,16,M,2,2,N,R,,,,
21974238,77069533,1,201400003570,2014-12-11 00:00:00,3,N,23,5,29,M,2,2,N,,,,,
21973237,77068516,2,201400000155,2014-11-19 00:00:00,3,N,23,5,15,F,1,1,N,R,,,,
21973145,77066701,1,201400003099,2014-10-22 00:00:00,3,N,23,5,28,F,1,1,N,,,,,
21973126,77066649,1,201500000384,2015-03-05 00:00:00,3,N,23,5,35,F,1,1,N,,,,,
20951709,73707526,1,201400002004,2014-07-10 00:00:00,3,N,23,5,63,M,1,2,N,,,,,
20951700,73706734,1,201400003778,2015-01-02 00:00:00,3,N,23,5,32,M,1,2,N,,,,,
20951645,73705760,1,201400001184,2014-04-23 00:00:00,3,N,23,5,35,M,1,2,N,,,,,
20952767,73709478,1,201400001717,2014-06-12 00:00:00,1,N,39,5,33,M,2,2,N,,,,,
20952717,73708502,1,201400001546,2014-05-26 00:00:00,1,N,39,5,19,M,2,2,N,,,,,
21974271,77070416,1,201400003646,2014-12-18 00:00:00,1,N,39,5,19,M,2,2,N,,,,,
21970938,77060897,1,201400001880,2014-06-30 00:00:00,1,N,39,5,38,M,2,2,R,,,,,
21969869,77058187,1,201400000884,2014-03-26 00:00:00,1,N,39,5,24,M,2,2,N,,,,,
21969849,77058142,1,201400000844,2014-03-22 00:00:00,1,N,39,5,23,M,2,2,N,,,,,
21968735,77055292,1,201400000310,2014-02-08 00:00:00,1,N,39,5,21,M,2,2,N,,,,,
21968634,77053429,1,201400000038,2014-01-11 00:00:00,1,N,39,5,41,M,2,2,N,,,,,
21972115,77064829,1,201400002936,2014-10-06 00:00:00,3,N,40,5,62,M,1,2,N,,,,,
20951655,73705793,2,201400002354,2014-08-07 00:00:00,3,N,37,5,31,F,2,2,N,,,,,
20952768,73709486,1,201400001720,2014-06-13 00:00:00,1,N,35,5,29,M,1,2,N,,,,,
21969879,77058997,1,201400000910,2014-03-28 00:00:00,1,N,16,5,23,F,2,2,N,,,,,
21969863,77058171,1,201400000868,2014-03-24 00:00:00,1,N,16,5,21,M,2,2,R,,,,,
21969853,77058150,1,201400000851,2014-03-23 00:00:00,1,N,16,5,18,M,2,2,N,,,,,
21969813,77057250,1,201400000740,2014-03-14 00:00:00,1,N,16,5,30,M,2,2,N,,,,,
21969775,77057133,1,201400000592,2014-03-03 00:00:00,1,N,16,5,40,M,2,2,N,,,,,
21969768,77057111,1,201400000564,2014-03-02 00:00:00,1,N,16,5,22,F,2,2,N,,,,,
21969763,77057100,1,201400000558,2014-03-01 00:00:00,1,N,16,5,18,M,2,2,N,,,,,
21968795,77056247,1,201400000474,2014-02-23 00:00:00,1,N,16,5,30,F,2,2,N,,,,,
21968786,77056225,1,201400000457,2014-02-22 00:00:00,1,N,16,5,32,M,2,2,N,,,,,
21968785,77056224,1,201400000448,2014-02-21 00:00:00,1,N,16,5,24,M,2,2,N,,,,,
21968777,77056210,2,201400000435,2014-02-20 00:00:00,1,N,16,5,20,M,2,2,N,,,,,
21968776,77056210,1,201400000434,2014-02-20 00:00:00,1,N,16,5,20,M,2,2,N,,,,,
21968775,77056209,1,201400000432,2014-02-20 00:00:00,1,N,16,5,40,M,2,2,N,,,,,
21968771,77056192,1,201400000414,2014-02-19 00:00:00,1,N,16,5,23,M,2,2,N,,,,,
21968740,77055312,1,201400000322,2014-02-09 00:00:00,1,N,16,5,24,M,2,2,R,,,,,
21968729,77055267,1,201400000285,2014-02-05 00:00:00,1,N,16,5,28,M,2,2,R,,,,,
21968708,77055227,1,201400000016,2014-02-03 00:00:00,1,N,16,5,17,M,2,2,R,R,,,,
21968705,77055215,1,201400000228,2014-02-01 00:00:00,1,N,16,5,28,M,2,2,N,,,,,
21968695,77054394,1,201400000199,2014-01-27 00:00:00,1,N,16,5,24,M,2,2,N,,,,,
21968676,77054356,1,201400000159,2014-01-24 00:00:00,1,N,16,5,19,M,2,2,U,,,,,
21968668,77054335,1,201400000139,2014-01-21 00:00:00,1,N,16,5,33,M,2,2,R,,,,,
21968662,77054315,1,201400000121,2014-01-20 00:00:00,1,N,16,5,27,F,2,2,N,,,,,
21968660,77054309,1,201400000117,2014-01-19 00:00:00,1,N,16,5,31,M,2,2,N,,,,,
21968630,77053419,1,201400000029,2014-01-10 00:00:00,1,N,16,5,24,M,2,2,N,,,,,
21972091,77064751,1,201400002699,2014-09-11 00:00:00,1,N,45,5,28,M,2,2,R,,,,,
21971008,77061887,1,201400003406,2014-11-27 00:00:00,1,N,45,5,22,F,2,2,N,,,,,
21969770,77057115,2,201400000568,2014-03-02 00:00:00,1,N,45,5,19,M,2,2,N,,,,,
21973283,77069451,1,201400003467,2014-12-02 00:00:00,1,N,44,5,53,M,2,2,R,,,,,
21973271,77068616,1,201400003435,2014-11-28 00:00:00,1,N,44,5,29,M,2,2,N,,,,,
21972067,77063889,1,201400000125,2014-09-02 00:00:00,1,N,44,5,16,M,2,2,R,R,,,,
21970928,77060069,1,201400001910,2014-06-25 00:00:00,1,N,44,5,20,M,2,2,R,,,,,
21970895,77059967,1,201400001085,2014-04-13 00:00:00,1,N,44,5,27,M,2,2,R,,,,,
21974259,77070401,1,201400003623,2014-12-17 00:00:00,1,N,27,5,23,M,2,2,N,,,,,
21972098,77064791,1,201400002739,2014-09-16 00:00:00,1,N,27,5,25,F,2,2,R,,,,,
21968642,77053444,1,201400000048,2014-01-12 00:00:00,1,N,27,5,45,M,2,2,R,,,,,
21974258,77069602,1,201400003614,2014-12-16 00:00:00,1,N,49,5,20,M,2,2,N,,,,,
21972085,77064742,1,201400002675,2014-09-10 00:00:00,1,N,49,5,61,M,2,2,N,,,,,
21972084,77064742,2,201400002719,2014-09-09 00:00:00,1,N,49,5,53,M,2,2,N,,,,,
21973119,77066621,1,201400003031,2014-10-13 00:00:00,1,N,49,5,22,M,2,2,R,,,,,
21971024,77061933,1,201400000099,2014-07-21 00:00:00,1,N,49,5,17,M,2,2,R,R,,,,
21971023,77061933,2,201400000100,2014-07-21 00:00:00,1,N,49,5,15,M,2,2,R,R,,,,
21968681,77054372,2,201400000171,2014-01-25 00:00:00,1,N,49,5,19,M,2,2,R,,,,,
21968680,77054372,1,201400000170,2014-01-25 00:00:00,1,N,49,5,22,M,2,2,R,,,,,
20952791,73710327,1,201400001767,2014-06-18 00:00:00,1,N,27,5,31,M,1,2,N,,,,,
20952786,73710300,1,201400001745,2014-06-16 00:00:00,1,N,27,5,66,M,1,2,R,,,,,
20952749,73709412,1,201400001658,2014-06-06 00:00:00,1,N,27,5,50,M,1,2,R,,,,,
20952721,73708513,1,201400001549,2014-05-26 00:00:00,1,N,27,5,42,M,1,2,R,,,,,
21970876,77059126,1,201400001036,2014-04-09 00:00:00,1,N,27,5,29,M,1,2,R,,,,,
20952682,73707653,1,201400001519,2014-05-24 00:00:00,3,N,35,5,28,M,1,2,R,,,,,
21968686,77054383,1,201400000181,2014-01-25 00:00:00,1,N,27,5,35,F,1,1,R,,,,,
21972057,77063846,1,201400002503,2014-08-22 00:00:00,1,N,47,5,39,M,2,2,N,,,,,
20952716,73708497,1,201400001539,2014-05-25 00:00:00,1,N,51,5,32,M,1,1,R,,,,,
20952704,73708482,1,201400001518,2014-05-23 00:00:00,1,N,51,5,42,F,2,3,R,,,,,
20952670,73707624,1,201400001424,2014-05-16 00:00:00,1,N,51,5,21,M,2,3,N,,,,,
20952780,73709518,1,201400001734,2014-06-15 00:00:00,1,N,16,5,25,M,2,2,R,,,,,
20952763,73709457,1,201400001697,2014-06-10 00:00:00,1,N,16,5,24,M,2,2,R,,,,,
20952756,73709423,1,201400001671,2014-06-07 00:00:00,1,N,16,5,29,F,2,2,N,,,,,
20952747,73709401,1,201400001650,2014-06-05 00:00:00,1,N,16,5,33,M,2,2,N,,,,,
20952738,73708590,1,201400001613,2014-06-03 00:00:00,1,N,16,5,25,M,2,2,R,,,,,
20952735,73708560,1,201400001584,2014-05-30 00:00:00,1,N,16,5,22,M,2,2,N,,,,,
20952733,73708555,1,201400001582,2014-05-30 00:00:00,1,N,16,5,19,M,2,2,N,,,,,
20952730,73708549,1,201400001575,2014-05-29 00:00:00,1,N,16,5,22,M,2,2,N,,,,,
20952692,73707675,1,201400001469,2014-05-20 00:00:00,1,N,16,5,38,M,2,2,R,,,,,
20952650,73707579,1,201400001389,2014-05-12 00:00:00,1,N,16,5,25,M,2,2,R,,,,,
20952642,73707537,1,201400000068,2014-05-09 00:00:00,1,N,16,5,15,M,2,2,R,R,,,,
20952792,73710328,2,201400001779,2014-06-18 00:00:00,1,N,23,5,31,F,1,1,N,,,,,
20952719,73708508,1,201400000075,2014-05-26 00:00:00,1,N,23,5,16,M,1,1,R,R,,,,
20952708,73708486,1,201400000074,2014-05-24 00:00:00,1,N,23,5,15,M,1,1,R,R,,,,
20952679,73707648,1,201400001455,2014-05-17 00:00:00,1,N,23,5,18,M,1,1,N,,,,,
20952652,73707583,1,201400001393,2014-05-13 00:00:00,1,N,23,5,36,M,1,1,R,,,,,
20951688,73706689,1,201400001291,2014-05-03 00:00:00,1,N,23,5,21,M,1,1,R,,,,,
21969758,77057092,2,201400000028,2014-03-01 00:00:00,3,N,27,5,17,M,2,2,R,R,,,,
21974315,77070559,1,201400003756,2014-12-31 00:00:00,1,N,16,5,25,F,1,2,N,,,,,
21974297,77070499,1,201400003713,2014-12-24 00:00:00,1,N,16,5,22,M,1,2,N,,,,,
21973261,77068590,1,201400003455,2014-11-26 00:00:00,1,N,16,5,26,F,1,2,N,,,,,
21973260,77068589,1,201400003422,2014-11-26 00:00:00,1,N,16,5,34,M,1,2,N,,,,,
21973242,77068530,1,201400003368,2014-11-21 00:00:00,1,N,16,5,35,M,1,2,N,,,,,
21973239,77068518,1,201400003361,2014-11-20 00:00:00,1,N,16,5,44,F,1,2,N,,,,,
21973235,77068515,1,201400003355,2014-11-19 00:00:00,1,N,16,5,50,M,1,2,R,,,,,
21973230,77068498,1,201400003345,2014-11-18 00:00:00,1,N,16,5,29,M,1,2,N,,,,,
21973213,77067689,1,201400003317,2014-11-15 00:00:00,1,N,16,5,37,M,1,2,N,,,,,
20951682,73706662,1,201400001275,2014-05-01 00:00:00,1,N,51,5,31,M,1,1,R,,,,,
21974274,77070424,1,201400003657,2014-12-19 00:00:00,1,N,51,5,28,M,1,1,R,,,,,
21973161,77066742,1,201400003152,2014-10-26 00:00:00,1,N,51,5,37,M,1,1,R,,,,,
21970919,77060037,1,201400001811,2014-06-22 00:00:00,1,N,51,5,27,M,1,1,R,,,,,
21968749,77055347,1,201400000352,2014-02-13 00:00:00,1,N,51,5,25,M,1,1,R,,,,,
20952793,73710329,1,201400001769,2014-06-18 00:00:00,1,N,23,5,52,M,2,2,N,,,,,
20952789,73710315,1,201400001754,2014-06-17 00:00:00,1,N,23,5,18,F,2,2,N,,,,,
20952782,73709522,1,201400001736,2014-06-15 00:00:00,1,N,23,5,26,F,2,2,N,,,,,
20952771,73709491,1,201400001727,2014-06-13 00:00:00,1,N,23,5,19,M,2,2,N,,,,,
20952765,73709464,1,201400001701,2014-06-11 00:00:00,1,N,23,5,30,F,2,2,R,,,,,
20952764,73709464,2,201400001702,2014-06-11 00:00:00,1,N,23,5,42,F,2,2,R,,,,,
20952762,73709452,1,201400001694,2014-06-10 00:00:00,1,N,23,5,29,M,2,2,N,,,,,
20952755,73709420,1,201400001668,2014-06-07 00:00:00,1,N,23,5,25,F,2,2,N,,,,,
20952754,73709420,3,201400001670,2014-06-07 00:00:00,1,N,23,5,29,F,2,2,N,,,,,
20952753,73709420,2,201400001669,2014-06-07 00:00:00,1,N,23,5,26,F,2,2,N,,,,,
20952737,73708569,1,201400000078,2014-05-31 00:00:00,1,N,23,5,17,F,2,2,N,R,,,,
20952731,73708553,1,201400001578,2014-05-29 00:00:00,1,N,23,5,26,F,2,2,R,,,,,
20952727,73708535,1,201400000077,2014-05-28 00:00:00,1,N,23,5,17,M,2,2,R,R,,,,
20952712,73708490,1,201400000073,2014-05-24 00:00:00,1,N,23,5,17,F,2,2,R,R,,,,
20952710,73708488,1,201400001531,2014-05-24 00:00:00,1,N,23,5,21,F,2,2,N,,,,,
20952702,73708477,1,201400001511,2014-05-23 00:00:00,1,N,23,5,21,F,2,2,N,,,,,
20952701,73708477,2,201400001512,2014-05-23 00:00:00,1,N,23,5,19,F,2,2,N,,,,,
20952694,73708435,2,201400001474,2014-05-20 00:00:00,1,N,23,5,18,M,2,2,N,,,,,
20952693,73708435,1,201400001473,2014-05-20 00:00:00,1,N,23,5,20,M,2,2,N,,,,,
20952684,73707657,1,201400001451,2014-05-18 00:00:00,1,N,23,5,30,F,2,2,N,,,,,
20952683,73707654,1,201400001449,2014-05-18 00:00:00,1,N,23,5,21,M,2,2,N,,,,,
20952667,73707616,1,201400001420,2014-05-15 00:00:00,1,N,23,5,55,F,2,2,N,,,,,
20952654,73707586,1,201400001397,2014-05-13 00:00:00,1,N,23,5,20,M,2,2,N,,,,,
20952709,73708488,2,201400001532,2014-05-24 00:00:00,1,N,23,5,40,F,2,3,N,,,,,
20952643,73707543,1,201400001369,2014-05-09 00:00:00,1,N,23,5,36,F,2,3,R,,,,,
20951646,73705761,1,201400001151,2014-04-19 00:00:00,1,N,23,5,41,F,2,3,N,,,,,
20952770,73709490,1,201400001723,2014-06-13 00:00:00,1,N,23,5,24,F,2,3,N,,,,,
21973238,77068517,1,201400003360,2014-11-19 00:00:00,1,N,28,5,18,F,2,2,N,,,,,
21973233,77068503,1,201400003348,2014-11-18 00:00:00,1,N,28,5,35,M,2,2,N,,,,,
21972147,77065731,1,201400002920,2014-10-04 00:00:00,1,N,28,5,22,M,2,2,N,,,,,
21972070,77064693,1,201400002618,2014-09-04 00:00:00,1,N,28,5,44,M,2,2,N,,,,,
21970915,77060015,1,201400001139,2014-04-17 00:00:00,1,N,28,5,28,M,2,2,N,,,,,
21969868,77058186,1,201400000883,2014-03-26 00:00:00,1,N,28,5,21,M,2,2,N,,,,,
21969852,77058149,1,201400000862,2014-03-23 00:00:00,1,N,28,5,18,M,2,2,N,,,,,
21969832,77058114,1,201400001285,2014-05-03 00:00:00,3,N,35,5,30,M,1,2,R,,,,,
21968763,77056163,1,201400000404,2014-02-16 00:00:00,3,N,35,5,44,M,1,2,R,,,,,
21969772,77057121,1,201400000571,2014-03-03 00:00:00,3,N,28,5,18,M,2,3,N,,,,,
20951678,73706653,1,201400001256,2014-04-30 00:00:00,1,N,28,5,27,M,1,2,R,,,,,
21972040,77063784,1,201400002430,2014-08-15 00:00:00,3,N,35,5,26,M,1,2,N,,,,,
21969799,77057198,2,201400000678,2014-03-09 00:00:00,3,N,16,5,29,M,2,3,N,,,,,
21968627,77053403,1,201400000004,2014-01-09 00:00:00,1,N,28,5,17,M,2,3,N,R,,,,
20784624,73192930,1,201300004113,2014-01-02 00:00:00,1,N,51,5,41,M,2,2,N,,,,,
21974247,77069566,1,201400003598,2014-12-13 00:00:00,3,N,23,5,56,F,1,3,N,,,,,
21973192,77067623,1,201400003298,2014-11-14 00:00:00,3,N,23,5,36,M,1,3,N,,,,,
21973163,77066744,1,201400003146,2014-10-26 00:00:00,3,N,23,5,31,M,1,3,N,,,,,
21971996,77062883,1,201400002275,2014-08-04 00:00:00,3,N,23,5,35,M,1,3,R,,,,,
21970986,77061839,1,201400002028,2014-07-12 00:00:00,3,N,23,5,19,M,1,3,N,,,,,
20952657,73707592,1,201400001426,2014-05-14 00:00:00,3,N,47,5,19,F,2,2,N,,,,,
20952802,73710377,1,201400000089,2014-06-22 00:00:00,1,N,23,5,16,F,4,2,R,R,,,,
21968679,77054369,1,201400000013,2014-01-24 00:00:00,3,N,35,5,15,M,2,2,N,R,,,,
21973282,77068647,1,201400003475,2014-12-02 00:00:00,1,N,51,5,38,M,1,2,N,,,,,
20952644,73707547,1,201400001371,2014-05-09 00:00:00,1,N,23,5,30,F,2,2,N,,,,,
20951711,73707532,1,201400001358,2014-05-08 00:00:00,1,N,23,5,42,M,2,2,R,,,,,
20951706,73707523,1,201400000067,2014-05-08 00:00:00,1,N,23,5,17,M,2,2,N,R,,,,
20951704,73707518,1,201400001349,2014-05-08 00:00:00,1,N,23,5,19,F,2,2,N,,,,,
20951687,73706687,1,201400001290,2014-05-03 00:00:00,1,N,23,5,35,F,2,2,N,,,,,
20951686,73706681,1,201400001288,2014-05-03 00:00:00,1,N,23,5,55,F,2,2,R,,,,,
20951685,73706675,1,201400001280,2014-05-02 00:00:00,1,N,23,5,21,M,2,2,N,,,,,
20951673,73706626,1,201400000060,2014-04-27 00:00:00,1,N,23,5,15,M,2,2,R,R,,,,
20951672,73706622,1,201400001228,2014-04-27 00:00:00,1,N,23,5,20,M,2,2,N,,,,,
20951647,73705763,1,201400001152,2014-04-19 00:00:00,1,N,23,5,37,F,2,2,N,,,,,
21974262,77070404,1,201500000044,2015-02-05 00:00:00,3,N,45,5,25,M,1,2,N,,,,,
21971027,77061944,1,201400002216,2014-07-28 00:00:00,3,N,45,5,27,M,1,2,N,,,,,
21971011,77061894,1,201400002427,2014-08-15 00:00:00,3,N,45,5,38,M,1,2,N,,,,,
21971005,77061885,1,201400002756,2014-09-17 00:00:00,3,N,45,5,46,F,1,2,N,,,,,
21968728,77055264,1,201400000332,2014-02-11 00:00:00,3,N,45,5,29,F,1,2,R,,,,,
21969781,77057156,1,201400000796,2014-03-13 00:00:00,1,N,45,5,50,M,1,1,N,,,,,
20952665,73707609,1,201400001417,2014-05-15 00:00:00,1,N,16,5,43,M,0,2,N,,,,,
21973286,77069459,1,201400003482,2014-12-03 00:00:00,1,N,23,5,34,F,2,2,N,,,,,
21974313,77070544,1,201400003739,2014-12-29 00:00:00,1,N,23,5,19,F,2,2,N,,,,,
21974300,77070503,1,201400003716,2014-12-24 00:00:00,1,N,23,5,19,M,2,2,N,,,,,
21974298,77070501,1,201400003714,2014-12-24 00:00:00,1,N,23,5,24,M,2,2,N,,,,,
21974285,77070463,1,201400003689,2014-12-22 00:00:00,1,N,23,5,24,M,2,2,N,,,,,
21974277,77070443,1,201400003670,2014-12-20 00:00:00,1,N,23,5,18,M,2,2,N,,,,,
21974276,77070440,1,201400003666,2014-12-20 00:00:00,1,N,23,5,20,M,2,2,N,,,,,
21973273,77068625,1,201400003439,2014-11-29 00:00:00,1,N,23,5,21,F,2,2,N,,,,,
21973268,77068614,1,201400003434,2014-11-28 00:00:00,1,N,23,5,19,F,2,2,N,,,,,
21973267,77068613,1,201400003431,2014-11-28 00:00:00,1,N,23,5,29,M,2,2,N,,,,,
21973248,77068560,1,201400003391,2014-11-24 00:00:00,1,N,23,5,18,F,2,2,N,,,,,
21973227,77068492,2,201400003335,2014-11-17 00:00:00,1,N,23,5,24,F,2,2,N,,,,,
21973226,77068492,1,201400003336,2014-11-17 00:00:00,1,N,23,5,25,F,2,2,N,,,,,
21972149,77065734,1,201400002923,2014-10-04 00:00:00,1,N,23,5,46,M,2,2,N,,,,,
21972148,77065732,1,201400002921,2014-10-04 00:00:00,1,N,23,5,21,M,2,2,R,,,,,
21974270,77070415,1,201400003645,2014-12-18 00:00:00,1,N,23,5,19,M,2,2,N,,,,,
21974248,77069567,1,201400000169,2014-12-13 00:00:00,1,N,23,5,16,M,2,2,N,R,,,,
21974242,77069546,1,201400003581,2014-12-12 00:00:00,1,N,23,5,40,M,2,2,N,,,,,
21974239,77069535,1,201400003573,2014-12-11 00:00:00,1,N,23,5,32,F,2,2,N,,,,,
21973205,77067672,1,201400003301,2014-11-14 00:00:00,1,N,23,5,26,M,2,2,R,,,,,
21973201,77067661,1,201400003278,2014-11-12 00:00:00,1,N,23,5,57,F,2,2,N,,,,,
21973189,77067606,1,201400003226,2014-11-05 00:00:00,1,N,23,5,21,M,2,2,R,,,,,
21973155,77066733,1,201400003135,2014-10-25 00:00:00,1,N,23,5,43,F,2,2,N,,,,,
21973148,77066723,1,201400003124,2014-10-24 00:00:00,1,N,23,5,49,F,2,2,N,,,,,
21973146,77066719,1,201400003120,2014-10-24 00:00:00,1,N,23,5,26,F,2,2,N,,,,,
21972139,77065707,1,201400002894,2014-10-01 00:00:00,1,N,23,5,25,M,2,2,N,,,,,
21972126,77065662,1,201400002843,2014-09-25 00:00:00,1,N,23,5,21,F,2,2,N,,,,,
21972122,77065650,1,201400002827,2014-09-24 00:00:00,1,N,23,5,60,M,2,2,N,,,,,
21972119,77065639,2,201400002810,2014-09-22 00:00:00,1,N,23,5,20,F,2,2,N,,,,,
21972116,77064835,1,201400002799,2014-09-21 00:00:00,1,N,23,5,19,F,2,2,N,,,,,
21972114,77064828,1,201400000139,2014-09-20 00:00:00,1,N,23,5,15,M,2,2,N,R,,,,
21972111,77064823,1,201400002788,2014-09-19 00:00:00,1,N,23,5,45,M,2,2,N,,,,,
21972099,77064793,1,201400002742,2014-09-16 00:00:00,1,N,23,5,27,F,2,2,N,,,,,
21972097,77064787,1,201400000134,2014-09-15 00:00:00,1,N,23,5,17,F,2,2,N,R,,,,
21972090,77064750,1,201400000130,2014-09-10 00:00:00,1,N,23,5,17,M,2,2,R,H,,,,
21972078,77064718,1,201400002648,2014-09-07 00:00:00,1,N,23,5,38,F,2,2,N,,,,,
21973138,77066687,1,201400003088,2014-10-21 00:00:00,1,N,23,5,18,M,2,2,R,,,,,
21973137,77066685,1,201400000148,2014-10-21 00:00:00,1,N,23,5,14,M,2,2,N,R,,,,
21973134,77066677,1,201400003076,2014-10-20 00:00:00,1,N,23,5,37,M,2,2,R,,,,,
21973128,77066652,2,201400003048,2014-10-18 00:00:00,1,N,23,5,24,M,2,2,N,,,,,
21973127,77066652,1,201400003047,2014-10-18 00:00:00,1,N,23,5,24,M,2,2,N,,,,,
21973117,77066619,2,201400000143,2014-10-13 00:00:00,1,N,23,5,16,F,2,2,N,R,,,,
21973116,77066619,1,201400003002,2014-10-13 00:00:00,1,N,23,5,18,M,2,2,N,,,,,
21972068,77063893,1,201400002597,2014-09-02 00:00:00,1,N,23,5,35,F,2,2,R,,,,,
21972047,77063797,1,201400002445,2014-08-16 00:00:00,1,N,23,5,21,M,2,2,R,,,,,
21972043,77063788,1,201400002435,2014-08-15 00:00:00,1,N,23,5,24,F,2,2,N,,,,,
21972036,77063776,1,201400002423,2014-08-14 00:00:00,1,N,23,5,47,M,2,2,N,,,,,
21972013,77062917,1,201400002321,2014-08-06 00:00:00,1,N,23,5,57,M,2,2,N,,,,,
21971017,77061915,2,201400002119,2014-07-19 00:00:00,1,N,23,5,26,F,2,2,N,,,,,
21971016,77061915,3,201400002152,2014-07-19 00:00:00,1,N,23,5,21,F,2,2,N,,,,,
21971015,77061912,1,201400002117,2014-07-19 00:00:00,1,N,23,5,35,M,2,2,N,,,,,
21972001,77062897,1,201400002314,2014-08-05 00:00:00,1,N,23,5,50,F,2,2,N,,,,,
21971999,77062892,2,201400002312,2014-08-05 00:00:00,1,N,23,5,35,F,2,2,N,,,,,
21971998,77062892,1,201400002311,2014-08-05 00:00:00,1,N,23,5,25,F,2,2,N,,,,,
21971991,77062867,1,201400000104,2014-08-03 00:00:00,1,N,23,5,14,M,2,2,R,R,,,,
21971988,77062855,2,201400002287,2014-08-02 00:00:00,1,N,23,5,34,F,2,2,N,,,,,
21971987,77062855,1,201400002286,2014-08-02 00:00:00,1,N,23,5,34,F,2,2,N,,,,,
21971012,77061898,1,201400003655,2014-12-19 00:00:00,1,N,23,5,42,M,2,2,N,,,,,
21971004,77061882,2,201400002088,2014-07-17 00:00:00,1,N,23,5,19,M,2,2,N,,,,,
21971003,77061882,1,201400002087,2014-07-17 00:00:00,1,N,23,5,21,M,2,2,N,,,,,
21971002,77061872,1,201400002080,2014-07-16 00:00:00,1,N,23,5,23,M,2,2,N,,,,,
21970997,77061857,1,201400002053,2014-07-14 00:00:00,1,N,23,5,22,F,2,2,N,,,,,
21970995,77061851,1,201400002047,2014-07-14 00:00:00,1,N,23,5,50,F,2,2,N,,,,,
21970979,77061027,1,201400002007,2014-07-10 00:00:00,1,N,23,5,28,F,2,2,R,,,,,
21970974,77061011,1,201400000098,2014-07-09 00:00:00,1,N,23,5,17,M,2,2,N,R,,,,
21970939,77060899,1,201400001884,2014-06-30 00:00:00,1,N,23,5,26,F,2,2,N,,,,,
21970934,77060883,1,201400001867,2014-06-28 00:00:00,1,N,23,5,43,F,2,2,N,,,,,
21970917,77060022,1,201400001143,2014-04-18 00:00:00,1,N,23,5,32,F,2,2,N,,,,,
21970913,77060012,1,201400001134,2014-04-17 00:00:00,1,N,23,5,29,F,2,2,N,,,,,
21970912,77060010,1,201400001130,2014-04-17 00:00:00,1,N,23,5,50,F,2,2,N,,,,,
21970911,77060009,1,201400001163,2014-04-17 00:00:00,1,N,23,5,19,M,2,2,R,,,,,
21970904,77059988,1,201400001100,2014-04-14 00:00:00,1,N,23,5,21,M,2,2,R,,,,,
21970890,77059962,1,201400000054,2014-04-12 00:00:00,1,N,23,5,16,F,2,2,N,R,,,,
21970883,77059142,1,201400000053,2014-04-09 00:00:00,1,N,23,5,17,F,2,2,N,R,,,,
21970882,77059142,2,201400001047,2014-04-09 00:00:00,1,N,23,5,18,F,2,2,N,,,,,
21969909,77059077,1,201400001001,2014-04-04 00:00:00,1,N,23,5,42,M,2,2,N,,,,,
21969908,77059071,1,201400000987,2014-04-04 00:00:00,1,N,23,5,46,M,2,2,N,,,,,
21969881,77059001,1,201400000914,2014-03-28 00:00:00,1,N,23,5,30,M,2,2,N,,,,,
21969878,77058996,1,201400000909,2014-03-28 00:00:00,1,N,23,5,23,F,2,2,N,,,,,
21970874,77059124,1,201400001032,2014-04-08 00:00:00,1,N,23,5,36,F,2,2,N,,,,,
21970871,77059116,1,201400001022,2014-04-07 00:00:00,1,N,23,5,18,F,2,2,N,,,,,
21969874,77058201,1,201400000898,2014-03-27 00:00:00,1,N,23,5,20,F,2,2,N,,,,,
21969873,77058201,2,201400000899,2014-03-27 00:00:00,1,N,23,5,19,F,2,2,N,,,,,
21969845,77058132,2,201400000043,2014-03-21 00:00:00,1,N,23,5,16,M,2,2,N,R,,,,
21969844,77058132,1,201400000833,2014-03-21 00:00:00,1,N,23,5,18,M,2,2,N,,,,,
21969842,77058131,1,201400000830,2014-03-21 00:00:00,1,N,23,5,25,F,2,2,R,,,,,
21969839,77058127,1,201400000041,2014-03-21 00:00:00,1,N,23,5,17,M,2,2,N,R,,,,
21969826,77058059,1,201400000778,2014-03-16 00:00:00,1,N,23,5,24,F,2,2,N,,,,,
21969823,77058054,1,201400000768,2014-03-15 00:00:00,1,N,23,5,19,F,2,2,N,,,,,
21969819,77058044,2,201400000759,2014-03-16 00:00:00,1,N,23,5,27,F,2,2,N,,,,,
21969818,77058044,1,201400000758,2014-03-14 00:00:00,1,N,23,5,26,F,2,2,N,,,,,
21969817,77058043,1,201400000750,2014-03-14 00:00:00,1,N,23,5,54,M,2,2,N,,,,,
21969814,77057252,1,201400000742,2014-03-14 00:00:00,1,N,23,5,21,F,2,2,N,,,,,
21969812,77057243,2,201400000728,2014-03-13 00:00:00,1,N,23,5,19,F,2,2,R,,,,,
21969797,77057192,3,201400000663,2014-03-08 00:00:00,1,N,23,5,19,M,2,2,N,,,,,
21969796,77057192,2,201400000662,2014-03-08 00:00:00,1,N,23,5,21,F,2,2,N,,,,,
21969795,77057192,1,201400000661,2014-03-08 00:00:00,1,N,23,5,22,F,2,2,N,,,,,
21969788,77057180,1,201400000645,2014-03-07 00:00:00,1,N,23,5,30,F,2,2,N,,,,,
21969785,77057167,2,201400000636,2014-03-06 00:00:00,1,N,23,5,24,M,2,2,N,,,,,
21969784,77057162,1,201400000631,2014-03-06 00:00:00,1,N,23,5,20,F,2,2,R,,,,,
21969777,77057141,1,201400000599,2014-03-04 00:00:00,1,N,23,5,22,F,2,2,N,,,,,
21969776,77057141,2,201400000600,2014-03-04 00:00:00,1,N,23,5,21,F,2,2,N,,,,,
21969748,77056280,1,201400000518,2014-02-26 00:00:00,1,N,23,5,47,F,2,2,N,,,,,
21968796,77056249,1,201400000475,2014-02-23 00:00:00,1,N,23,5,21,M,2,2,N,,,,,
21968789,77056231,1,201400000461,2014-02-22 00:00:00,1,N,23,5,46,F,2,2,N,,,,,
21968788,77056229,1,201400000460,2014-02-22 00:00:00,1,N,23,5,25,F,2,2,N,,,,,
21968772,77056199,1,201400000423,2014-02-19 00:00:00,1,N,23,5,20,F,2,2,N,,,,,
21968770,77056191,1,201400000409,2014-02-18 00:00:00,1,N,23,5,19,F,2,2,N,,,,,
21968745,77055340,1,201400000342,2014-02-12 00:00:00,1,N,23,5,33,F,2,2,N,,,,,
21968739,77055307,1,201400000018,2014-02-09 00:00:00,1,N,23,5,16,F,2,2,N,R,,,,
21968725,77055262,1,201400000278,2014-02-05 00:00:00,1,N,23,5,38,M,2,2,N,,,,,
21968723,77055258,1,201400000274,2014-02-05 00:00:00,1,N,23,5,35,F,2,2,N,,,,,
21968722,77055256,2,201400000267,2014-02-04 00:00:00,1,N,23,5,39,F,2,2,N,,,,,
21968721,77055256,1,201400000266,2014-02-04 00:00:00,1,N,23,5,39,F,2,2,N,,,,,
21968710,77055235,1,201400000246,2014-02-03 00:00:00,1,N,23,5,18,F,2,2,N,,,,,
21968697,77054401,1,201400000203,2014-01-27 00:00:00,1,N,23,5,23,F,2,2,N,,,,,
21968682,77054374,1,201400000175,2014-01-25 00:00:00,1,N,23,5,40,F,2,2,N,,,,,
21968673,77054353,1,201400000155,2014-01-23 00:00:00,1,N,23,5,51,M,2,2,N,,,,,
21968649,77054257,1,201400000006,2014-01-15 00:00:00,1,N,23,5,17,M,2,2,N,R,,,,
21968648,77054257,2,201400000085,2014-01-15 00:00:00,1,N,23,5,20,M,2,2,N,,,,,
21968647,77054248,1,201400000073,2014-01-14 00:00:00,1,N,23,5,54,F,2,2,N,,,,,
21968640,77053441,1,201400000044,2014-01-12 00:00:00,1,N,23,5,20,M,2,2,N,,,,,
21968621,77053383,1,201300004171,2014-01-07 00:00:00,1,N,23,5,47,F,2,2,N,,,,,
20951707,73707524,1,201400001353,2014-05-08 00:00:00,3,N,51,5,33,M,1,2,R,,,,,
20951658,73705802,1,201400002344,2014-08-07 00:00:00,3,N,2,5,56,F,1,2,R,,,,,
20951702,73706744,1,201400001343,2014-05-08 00:00:00,1,N,16,5,31,M,1,2,N,,,,,
20951699,73706731,1,201400001332,2014-05-07 00:00:00,1,N,16,5,24,F,1,2,N,,,,,
20951697,73706721,1,201400001315,2014-05-05 00:00:00,1,N,16,5,63,F,1,2,N,,,,,
20951683,73706669,2,201400001273,2014-05-02 00:00:00,1,N,16,5,18,M,1,2,R,,,,,
20951680,73706656,1,201400001261,2014-04-30 00:00:00,1,N,16,5,24,M,1,2,R,,,,,
20951677,73706651,1,201400001255,2014-04-30 00:00:00,1,N,16,5,27,M,1,2,R,,,,,
20951674,73706627,1,201400001230,2014-04-27 00:00:00,1,N,16,5,18,M,1,2,R,,,,,
20951671,73706609,1,201400001233,2014-04-26 00:00:00,1,N,16,5,27,M,1,2,N,,,,,
20951670,73706607,1,201400001222,2014-04-26 00:00:00,1,N,16,5,22,M,1,2,R,,,,,
20951669,73706602,2,201400001215,2014-04-26 00:00:00,1,N,16,5,30,F,1,2,N,,,,,
20951668,73706602,1,201400001214,2014-04-26 00:00:00,1,N,16,5,32,M,1,2,N,,,,,
20951662,73706589,2,201400001206,2014-04-24 00:00:00,1,N,16,5,40,M,1,2,N,,,,,
21969860,77058168,1,201400000049,2014-03-24 00:00:00,3,N,23,5,15,F,4,3,N,R,,,,
21970987,77061839,2,201400002029,2014-07-12 00:00:00,3,N,23,5,18,M,4,2,N,,,,,
21973287,77069471,1,201400003500,2014-12-05 00:00:00,1,N,23,5,33,M,1,2,N,,,,,
20784632,73192946,1,201300004132,2014-01-03 00:00:00,1,N,23,5,50,M,1,2,N,,,,,
20784631,73192945,1,201300004129,2014-01-03 00:00:00,1,N,23,5,29,M,1,2,N,,,,,
20784630,73192945,2,201300004130,2014-01-03 00:00:00,1,N,23,5,30,F,1,2,N,,,,,
20784623,73192929,2,201300004108,2014-01-01 00:00:00,1,N,23,5,33,M,1,2,N,,,,,
20784622,73192929,1,201300004107,2014-01-01 00:00:00,1,N,23,5,29,F,1,2,R,,,,,
20784626,73192935,1,201300004115,2014-01-02 00:00:00,1,N,51,5,31,M,1,1,N,,,,,
20784627,73192941,1,201400000017,2014-01-09 00:00:00,3,N,45,5,19,M,1,2,N,,,,,
20952666,73707612,1,201400002005,2014-07-10 00:00:00,3,N,45,5,26,M,1,2,R,,,,,
20952752,73709419,1,201500002688,2015-10-07 00:00:00,1,N,44,5,32,M,2,2,N,,,,,
20952751,73709417,1,201400001666,2014-06-07 00:00:00,1,N,44,5,28,M,2,2,N,,,,,
20951695,73706717,1,201400000065,2014-05-05 00:00:00,1,N,44,5,16,M,2,2,R,R,,,,
20951694,73706716,2,201400000064,2014-05-05 00:00:00,1,N,44,5,16,M,2,2,R,R,,,,
21970972,77061008,1,201400001987,2014-07-09 00:00:00,3,N,16,5,24,M,1,2,N,,,,,
21969906,77059066,1,201400000978,2014-04-04 00:00:00,3,N,16,5,28,F,1,2,R,,,,,
21973280,77068639,2,201400000166,2014-12-01 00:00:00,1,N,23,5,16,F,1,2,N,R,,,,
21973279,77068639,1,201400000165,2014-12-01 00:00:00,1,N,23,5,16,F,1,2,N,R,,,,
21974314,77070550,1,201400003747,2014-12-30 00:00:00,1,N,23,5,34,M,1,2,N,,,,,
21974312,77070542,1,201400003738,2014-12-29 00:00:00,1,N,23,5,24,F,1,2,N,,,,,
21974311,77070536,1,201400003734,2014-12-28 00:00:00,1,N,23,5,19,M,1,2,N,,,,,
21974310,77070535,1,201400003733,2014-12-28 00:00:00,1,N,23,5,18,M,1,2,R,,,,,
21974307,77070531,1,201400003730,2014-12-27 00:00:00,1,N,23,5,33,M,1,2,R,,,,,
21974303,77070523,1,201400003726,2014-12-27 00:00:00,1,N,23,5,33,M,1,2,N,,,,,
21974301,77070515,1,201400003722,2014-12-26 00:00:00,1,N,23,5,39,M,1,2,N,,,,,
21974288,77070470,1,201400003693,2014-12-22 00:00:00,1,N,23,5,62,M,1,2,N,,,,,
21974287,77070467,1,201400003692,2014-12-22 00:00:00,1,N,23,5,28,F,1,2,N,,,,,
21974284,77070462,1,201400003688,2014-12-22 00:00:00,1,N,23,5,30,F,1,2,N,,,,,
21974283,77070461,1,201400003687,2014-12-22 00:00:00,1,N,23,5,30,M,1,2,N,,,,,
21974282,77070456,1,201400003678,2014-12-21 00:00:00,1,N,23,5,58,F,1,2,N,,,,,
21974279,77070450,1,201400003680,2014-12-21 00:00:00,1,N,23,5,28,M,1,2,N,,,,,
21973270,77068614,3,201400003433,2014-11-28 00:00:00,1,N,23,5,20,F,1,2,N,,,,,
21973269,77068614,2,201400003473,2014-11-28 00:00:00,1,N,23,5,19,F,1,2,N,,,,,
21973256,77068585,1,201400003418,2014-11-26 00:00:00,1,N,23,5,22,M,1,2,N,,,,,
21973253,77068583,1,201400003416,2014-11-26 00:00:00,1,N,23,5,37,M,1,2,N,,,,,
21973250,77068573,1,201400003399,2014-11-25 00:00:00,1,N,23,5,32,F,1,2,N,,,,,
21973234,77068513,1,201400003354,2014-11-19 00:00:00,1,N,23,5,31,F,1,2,N,,,,,
21973223,77067702,1,201400003342,2014-11-17 00:00:00,1,N,23,5,29,F,1,2,N,,,,,
21973220,77067696,2,201400003327,2014-11-15 00:00:00,1,N,23,5,41,F,1,2,N,,,,,
21973219,77067696,1,201400003328,2014-11-15 00:00:00,1,N,23,5,19,M,1,2,N,,,,,
21973218,77067695,1,201400003322,2014-11-15 00:00:00,1,N,23,5,30,F,1,2,N,,,,,
21973214,77067690,1,201400003318,2014-11-15 00:00:00,1,N,23,5,48,F,1,2,N,,,,,
21973212,77067688,1,201400003316,2014-11-15 00:00:00,1,N,23,5,24,M,1,2,N,,,,,
21972160,77065766,1,201400002951,2014-10-08 00:00:00,1,N,23,5,64,M,1,2,R,,,,,
21972150,77065734,2,201400002922,2014-10-04 00:00:00,1,N,23,5,40,F,1,2,N,,,,,
20952769,73709489,1,201400000084,2014-06-13 00:00:00,3,N,23,5,14,F,2,3,N,R,,,,
21973285,77069455,2,201400000167,2014-12-03 00:00:00,3,N,23,5,16,M,1,2,R,R,,,,
21974309,77070534,1,201500000029,2015-02-03 00:00:00,3,N,23,5,43,M,1,2,N,,,,,
21974306,77070529,1,201400003729,2014-12-27 00:00:00,3,N,23,5,44,F,1,2,N,,,,,
21974305,77070527,1,201400003728,2014-12-27 00:00:00,3,N,23,5,59,F,1,2,R,,,,,
21974296,77070492,1,201400003709,2014-12-23 00:00:00,3,N,23,5,48,F,1,2,N,,,,,
21974295,77070489,1,201400003707,2014-12-23 00:00:00,3,N,23,5,24,F,1,2,R,,,,,
21974275,77070436,1,201400000172,2014-12-19 00:00:00,3,N,23,5,15,F,1,2,N,R,,,,
21973272,77068620,1,201400003436,2014-11-29 00:00:00,3,N,23,5,25,F,1,2,N,,,,,
21973266,77068612,1,201500000368,2015-03-04 00:00:00,3,N,23,5,22,M,1,2,N,,,,,
21973259,77068588,1,201400003421,2014-11-26 00:00:00,3,N,23,5,26,F,1,2,N,,,,,
21973251,77068574,1,201400000160,2014-11-25 00:00:00,3,N,23,5,17,M,1,2,R,R,,,,
21973245,77068543,1,201400003638,2014-12-18 00:00:00,3,N,23,5,21,M,1,2,N,,,,,
21973236,77068516,1,201400000156,2014-11-19 00:00:00,3,N,23,5,16,F,1,2,N,R,,,,
21973231,77068500,1,201400003346,2014-11-18 00:00:00,3,N,23,5,28,F,1,2,R,,,,,
21973229,77068497,1,201400003344,2014-11-18 00:00:00,3,N,23,5,32,F,1,2,N,,,,,
21973225,77068491,1,201400003343,2014-11-17 00:00:00,3,N,23,5,66,F,1,2,R,,,,,
21973224,77067705,1,201400003331,2014-11-17 00:00:00,3,N,23,5,34,M,1,2,N,,,,,
21973222,77067698,1,201400003326,2014-11-16 00:00:00,3,N,23,5,56,F,1,2,N,,,,,
21972165,77065789,1,201400003407,2014-11-28 00:00:00,3,N,23,5,35,M,1,2,N,,,,,
21972163,77065782,1,201400002966,2014-10-09 00:00:00,3,N,23,5,18,F,1,2,N,,,,,
21972159,77065762,1,201400002947,2014-10-07 00:00:00,3,N,23,5,39,M,1,2,N,,,,,
21969742,77056260,5,201400000497,2014-02-24 00:00:00,1,N,16,5,37,M,1,2,N,,,,,
21969741,77056260,4,201400000495,2014-02-24 00:00:00,1,N,16,5,20,F,1,2,N,,,,,
21969740,77056260,1,201400000492,2014-02-24 00:00:00,1,N,16,5,41,M,1,2,R,,,,,
21969739,77056260,3,201400000494,2014-02-24 00:00:00,1,N,16,5,45,F,1,2,N,,,,,
21968737,77055302,1,201400000641,2014-02-09 00:00:00,1,N,16,5,18,M,1,2,N,,,,,
21968715,77055246,1,201400000017,2014-02-04 00:00:00,1,N,16,5,17,M,1,2,R,R,,,,
21968707,77055217,1,201400000230,2014-02-02 00:00:00,1,N,16,5,20,M,1,2,R,,,,,
21968696,77054396,1,201400000202,2014-01-27 00:00:00,1,N,16,5,23,F,1,2,N,,,,,
21969746,77056274,1,201400000509,2014-02-25 00:00:00,1,N,16,5,22,F,2,3,R,,,,,
21968655,77054282,1,201400000099,2014-01-17 00:00:00,1,N,16,5,19,F,2,3,N,,,,,
21968671,77054343,1,201400000145,2014-01-22 00:00:00,1,N,16,5,25,M,1,2,N,,,,,
21968658,77054303,1,201400000115,2014-01-19 00:00:00,1,N,16,5,32,F,1,2,N,,,,,
21968656,77054290,1,201400000108,2014-01-18 00:00:00,1,N,16,5,28,M,1,2,R,,,,,
21968653,77054276,1,201400000096,2014-01-17 00:00:00,1,N,16,5,22,M,1,2,N,,,,,
21968643,77053448,3,201400000080,2014-01-13 00:00:00,1,N,16,5,23,F,1,2,N,,,,,
21968637,77053434,1,201400000042,2014-01-12 00:00:00,1,N,16,5,20,M,1,2,R,,,,,
21968636,77053433,1,201400000040,2014-01-11 00:00:00,1,N,16,5,25,F,1,2,N,,,,,
21968618,77053376,1,201300004164,2014-01-06 00:00:00,1,N,16,5,35,M,1,2,N,,,,,
21970971,77061007,1,201400001995,2014-07-08 00:00:00,1,N,44,5,48,F,1,2,R,,,,,
21970959,77060957,1,201400001945,2014-07-04 00:00:00,1,N,44,5,33,F,1,2,N,,,,,
21970901,77059978,1,201400001091,2014-04-13 00:00:00,1,N,44,5,48,F,1,2,R,,,,,
21969783,77057160,2,201400000630,2014-03-05 00:00:00,1,N,44,5,24,M,1,2,R,,,,,
20952798,73710363,1,201400001795,2014-06-20 00:00:00,1,N,16,5,19,M,2,3,N,,,,,
20952734,73708556,1,201400000076,2014-05-30 00:00:00,1,N,16,5,16,M,2,3,N,R,,,,
20952723,73708516,1,201400001551,2014-05-27 00:00:00,1,N,16,5,22,M,2,3,N,,,,,
21974226,77069480,1,201400003526,2014-12-06 00:00:00,1,N,16,5,23,M,1,1,R,,,,,
21973123,77066628,1,201400000144,2014-10-15 00:00:00,1,N,16,5,14,F,1,1,R,R,,,,
21969787,77057176,1,201400000031,2014-03-07 00:00:00,1,N,16,5,17,M,1,1,R,R,,,,
21972120,77065641,1,201400002814,2014-09-23 00:00:00,3,N,51,5,49,M,1,1,R,,,,,
20952787,73710312,1,201400002507,2014-08-24 00:00:00,3,N,51,5,47,M,1,2,R,,,,,
20952714,73708493,1,201400002426,2014-08-15 00:00:00,3,N,51,5,58,M,1,2,N,,,,,
21973122,77066626,1,201400003164,2014-10-28 00:00:00,3,N,51,5,46,M,1,3,R,,,,,
20784635,73192953,1,201300004141,2014-01-04 00:00:00,1,N,16,5,20,F,2,2,N,,,,,
20952784,73709525,1,201400001738,2014-06-15 00:00:00,1,N,51,5,28,M,2,2,R,,,,,
20952781,73709520,1,201400001735,2014-06-15 00:00:00,1,N,51,5,29,M,2,2,R,,,,,
20952779,73709511,1,201400001802,2014-06-14 00:00:00,1,N,51,5,18,F,2,2,R,,,,,
20952743,73709382,1,201400001641,2014-06-04 00:00:00,1,N,51,5,27,M,2,2,R,,,,,
20952729,73708548,1,201400001574,2014-05-29 00:00:00,1,N,51,5,23,F,2,2,N,,,,,
20952713,73708491,1,201400001533,2014-05-24 00:00:00,1,N,51,5,28,F,2,2,R,,,,,
20952696,73708459,1,201400001492,2014-05-22 00:00:00,1,N,51,5,20,F,2,2,R,,,,,
20952663,73707607,1,201400001425,2014-05-15 00:00:00,1,N,51,5,28,F,2,2,R,,,,,
20952662,73707606,1,201400001416,2014-05-15 00:00:00,1,N,51,5,27,M,2,2,R,,,,,
21970933,77060095,1,201400001896,2014-07-01 00:00:00,3,N,32,5,29,M,2,2,R,,,,,
20784629,73192944,1,201300000224,2014-01-03 00:00:00,1,N,23,5,16,F,2,2,N,R,,,,
20784628,73192942,1,201300004128,2014-01-03 00:00:00,1,N,23,5,22,F,2,2,N,,,,,
20952685,73707658,1,201400001456,2014-05-18 00:00:00,1,N,40,5,26,M,1,2,N,,,,,
20951689,73706701,1,201400001304,2014-05-04 00:00:00,1,N,40,5,38,F,1,2,N,,,,,
21973211,77067686,1,201400003311,2014-11-15 00:00:00,3,N,40,5,37,F,2,2,N,,,,,
21972021,77062939,1,201400002353,2014-08-08 00:00:00,3,N,40,5,22,F,2,2,N,,,,,
21969789,77057184,1,201400000801,2014-03-19 00:00:00,3,N,40,5,19,M,2,2,R,,,,,
20951710,73707530,1,201400001357,2014-05-08 00:00:00,1,N,16,5,21,M,2,2,R,,,,,
20951666,73706596,1,201400001211,2014-04-25 00:00:00,1,N,16,5,24,M,2,2,R,,,,,
20951659,73705804,1,201400001187,2014-04-23 00:00:00,1,N,16,5,43,M,2,2,R,,,,,
20951656,73705796,1,201400001180,2014-04-22 00:00:00,1,N,16,5,23,M,2,2,N,,,,,
21974269,77070410,1,201400003643,2014-12-18 00:00:00,1,N,16,5,19,M,1,2,N,,,,,
21974266,77070408,1,201400003633,2014-12-18 00:00:00,1,N,16,5,18,M,1,2,R,,,,,
21974244,77069551,1,201400003594,2014-12-12 00:00:00,1,N,16,5,22,M,1,2,N,,,,,
21974241,77069541,1,201400003575,2014-12-11 00:00:00,1,N,16,5,34,F,1,2,N,,,,,
21974237,77069528,1,201400003564,2014-12-11 00:00:00,1,N,16,5,18,M,1,2,N,,,,,
21974234,77069502,1,201400003547,2014-12-08 00:00:00,1,N,16,5,21,M,1,2,N,,,,,
21973185,77067601,2,201400003218,2014-11-04 00:00:00,1,N,16,5,33,F,1,2,N,,,,,
21973184,77067601,1,201400003217,2014-11-04 00:00:00,1,N,16,5,40,M,1,2,N,,,,,
21973181,77067596,1,201400003247,2014-11-04 00:00:00,1,N,16,5,24,M,1,2,R,,,,,
21973172,77067547,1,201400003178,2014-10-29 00:00:00,1,N,16,5,30,M,1,2,N,,,,,
21972130,77065675,1,201400002863,2014-09-27 00:00:00,1,N,16,5,29,F,1,2,N,,,,,
21972125,77065659,1,201400002833,2014-09-25 00:00:00,1,N,16,5,29,M,1,2,R,,,,,
21972096,77064777,1,201400002725,2014-09-13 00:00:00,1,N,16,5,48,M,1,2,N,,,,,
21972080,77064729,1,201400002660,2014-09-08 00:00:00,1,N,16,5,31,M,1,2,N,,,,,
21973140,77066690,1,201400003089,2014-10-21 00:00:00,1,N,16,5,35,M,1,2,R,,,,,
21973120,77066623,1,201400003009,2014-10-14 00:00:00,1,N,16,5,24,M,1,2,N,,,,,
21973110,77066609,1,201400002988,2014-10-11 00:00:00,1,N,16,5,20,M,1,2,N,,,,,
21972050,77063819,1,201400002476,2014-08-19 00:00:00,1,N,16,5,27,M,1,2,N,,,,,
21972038,77063779,1,201400002424,2014-08-14 00:00:00,1,N,16,5,53,M,1,2,N,,,,,
21972031,77063745,1,201400002366,2014-08-10 00:00:00,1,N,16,5,20,F,1,2,R,,,,,
21972029,77063743,1,201400002364,2014-08-09 00:00:00,1,N,16,5,31,F,1,2,N,,,,,
21972028,77063742,1,201400002360,2014-08-09 00:00:00,1,N,16,5,25,F,1,2,N,,,,,
21972019,77062936,1,201400002339,2014-08-07 00:00:00,1,N,16,5,47,M,1,2,N,,,,,
21972017,77062926,1,201400002332,2014-08-06 00:00:00,1,N,16,5,27,F,1,2,N,,,,,
21971049,77062816,1,201400002239,2014-07-29 00:00:00,1,N,16,5,29,M,1,2,N,,,,,
21971047,77062804,1,201400002228,2014-07-28 00:00:00,1,N,16,5,37,M,1,2,N,,,,,
21971021,77061924,1,201400002133,2014-07-20 00:00:00,1,N,16,5,31,F,1,2,R,,,,,
21971997,77062888,1,201400002309,2014-08-05 00:00:00,1,N,16,5,23,M,1,2,R,,,,,
21971990,77062866,1,201400002291,2014-08-03 00:00:00,1,N,16,5,30,M,1,2,N,,,,,
21970998,77061858,1,201400002054,2014-07-14 00:00:00,1,N,16,5,50,M,1,2,N,,,,,
21970961,77060961,1,201400001949,2014-07-04 00:00:00,1,N,16,5,34,F,1,2,N,,,,,
20784621,73192928,1,201300000223,2014-01-01 00:00:00,1,N,16,5,17,M,1,1,N,R,,,,
20951679,73706654,1,201400001258,2014-04-30 00:00:00,1,N,51,5,52,F,1,2,R,,,,,
20951657,73705798,1,201400001182,2014-04-23 00:00:00,1,N,51,5,43,F,2,2,R,,,,,
20951705,73707521,1,201400001351,2014-05-08 00:00:00,1,N,23,5,18,F,1,2,N,,,,,
20951696,73706718,1,201400001313,2014-05-05 00:00:00,1,N,23,5,63,F,1,2,N,,,,,
20951693,73706714,1,201400001322,2014-05-05 00:00:00,1,N,23,5,24,F,1,2,N,,,,,
20951690,73706703,1,201400001301,2014-05-04 00:00:00,1,N,23,5,23,F,1,2,N,,,,,
20951676,73706650,1,201400001254,2014-04-30 00:00:00,1,N,23,5,27,M,1,2,R,,,,,
20951675,73706632,1,201400001235,2014-04-28 00:00:00,1,N,23,5,37,F,1,2,N,,,,,
20951667,73706597,1,201400001213,2014-04-25 00:00:00,1,N,23,5,22,F,1,2,N,,,,,
20951665,73706594,1,201400001209,2014-04-25 00:00:00,1,N,23,5,31,F,1,2,N,,,,,
20951661,73705819,1,201400001197,2014-04-24 00:00:00,1,N,23,5,20,F,1,2,N,,,,,
20951660,73705805,1,201400001189,2014-04-23 00:00:00,1,N,23,5,19,F,1,2,N,,,,,
20951652,73705780,1,201400001170,2014-04-21 00:00:00,1,N,23,5,43,F,1,2,N,,,,,
20951649,73705769,1,201400000058,2014-04-20 00:00:00,1,N,23,5,15,F,1,2,R,R,,,,
20951648,73705768,1,201400001165,2014-04-20 00:00:00,1,N,23,5,28,M,1,2,N,,,,,
20951644,73705759,1,201400001150,2014-04-19 00:00:00,1,N,23,5,35,M,1,2,N,,,,,
20952645,73707551,1,201400001664,2014-06-08 00:00:00,3,N,51,5,37,M,1,1,N,,,,,
20951651,73705776,1,201400001218,2014-04-27 00:00:00,3,N,51,5,20,M,2,2,R,,,,,
21970875,77059125,1,201400001035,2014-04-09 00:00:00,1,N,16,5,18,F,1,2,R,,,,,
21969838,77058121,1,201400000825,2014-03-21 00:00:00,1,N,16,5,23,F,1,2,R,,,,,
21969837,77058119,1,201400000821,2014-03-20 00:00:00,1,N,16,5,30,M,1,2,R,,,,,
21969834,77058116,1,201400000819,2014-03-20 00:00:00,1,N,16,5,26,F,1,2,N,,,,,
21969833,77058115,1,201400000818,2014-03-20 00:00:00,1,N,16,5,39,F,1,2,N,,,,,
21969806,77057232,2,201400000724,2014-03-12 00:00:00,1,N,16,5,39,M,1,2,N,,,,,
21969778,77057142,1,201400000601,2014-03-04 00:00:00,1,N,16,5,28,F,1,2,N,,,,,
21969749,77056285,1,201400000527,2014-02-27 00:00:00,1,N,16,5,69,F,1,2,N,,,,,
21968797,77056251,1,201400000478,2014-02-23 00:00:00,1,N,16,5,23,M,1,2,N,,,,,
21968794,77056245,1,201400000471,2014-02-23 00:00:00,1,N,16,5,33,M,1,2,N,,,,,
21968792,77056238,1,201400000464,2014-02-22 00:00:00,1,N,16,5,24,F,1,2,N,,,,,
21968780,77056213,1,201400000439,2014-02-20 00:00:00,1,N,16,5,39,M,1,2,N,,,,,
21968757,77056149,1,201400000372,2014-02-15 00:00:00,1,N,16,5,42,M,1,2,N,,,,,
21968754,77056145,1,201400000365,2014-02-14 00:00:00,1,N,16,5,61,M,1,2,N,,,,,
21968753,77056144,1,201400000364,2014-02-14 00:00:00,1,N,16,5,19,M,1,2,N,,,,,
21968742,77055316,1,201400000326,2014-02-10 00:00:00,1,N,16,5,30,F,1,2,N,,,,,
21968741,77055316,2,201400000327,2014-02-10 00:00:00,1,N,16,5,24,M,1,2,N,,,,,
21970947,77060936,1,201400001921,2014-07-02 00:00:00,1,N,16,5,33,M,1,2,N,,,,,
21970942,77060909,1,201400001891,2014-06-30 00:00:00,1,N,16,5,37,F,1,2,N,,,,,
21970925,77060060,1,201400001830,2014-06-25 00:00:00,1,N,16,5,32,M,1,2,N,,,,,
21970909,77059999,1,201400001118,2014-04-16 00:00:00,1,N,16,5,42,M,1,2,N,,,,,
21970889,77059958,1,201400001071,2014-04-12 00:00:00,1,N,16,5,23,F,1,2,R,,,,,
21970884,77059935,1,201400001051,2014-04-09 00:00:00,1,N,16,5,19,M,1,2,R,,,,,
21969919,77059097,1,201400001007,2014-04-05 00:00:00,1,N,16,5,27,F,1,2,N,,,,,
21969912,77059086,1,201400000997,2014-04-05 00:00:00,1,N,16,5,33,M,1,2,R,,,,,
21969911,77059085,1,201400000995,2014-04-05 00:00:00,1,N,16,5,28,M,1,2,R,,,,,
21969902,77059055,1,201400000970,2014-04-03 00:00:00,1,N,16,5,27,M,1,2,N,,,,,
21969901,77059054,1,201400000967,2014-04-03 00:00:00,1,N,16,5,52,M,1,2,R,,,,,
21969890,77059021,1,201400000934,2014-03-30 00:00:00,1,N,16,5,25,M,1,2,R,,,,,
21969883,77059006,1,201400000924,2014-03-29 00:00:00,1,N,16,5,33,M,1,2,R,,,,,
21969877,77058988,1,201400000904,2014-03-27 00:00:00,1,N,16,5,38,M,1,2,N,,,,,
20952700,73708476,1,201400001509,2014-05-23 00:00:00,3,N,35,5,22,M,2,3,R,,,,,
20952775,73709499,1,201400000087,2014-06-14 00:00:00,1,N,28,5,16,M,2,2,R,R,,,,
20952746,73709400,1,201400001649,2014-06-05 00:00:00,1,N,28,5,33,M,2,2,N,,,,,
20952741,73709371,1,201400001654,2014-06-04 00:00:00,1,N,28,5,42,M,2,2,N,,,,,
21970921,77060044,1,201400001820,2014-06-23 00:00:00,1,N,28,5,32,M,1,2,N,,,,,
21968657,77054302,1,201400000114,2014-01-19 00:00:00,1,N,28,5,39,M,1,2,N,,,,,
21973228,77068493,1,201400003337,2014-11-17 00:00:00,1,N,28,5,46,M,1,2,N,,,,,
21973190,77067608,1,201400003227,2014-11-05 00:00:00,1,N,28,5,29,M,1,2,N,,,,,
21973130,77066660,1,201400003061,2014-10-19 00:00:00,1,N,28,5,44,M,1,2,N,,,,,
21973111,77066610,1,201400002989,2014-10-11 00:00:00,1,N,28,5,19,M,1,2,N,,,,,
21972037,77063778,1,201400000117,2014-08-14 00:00:00,1,N,28,5,17,M,1,2,R,R,,,,
21971994,77062879,1,201400002302,2014-08-04 00:00:00,1,N,28,5,30,F,1,2,N,,,,,
21974286,77070465,1,201500000611,2015-03-24 00:00:00,1,N,2,5,25,F,2,2,N,,,,,
21971986,77062853,1,201400002285,2014-08-02 00:00:00,1,N,2,5,45,F,2,2,N,,,,,
21973136,77066682,1,201400003637,2014-12-02 00:00:00,3,N,14,5,28,M,1,2,R,,,,,
21970953,77060948,1,201400001940,2014-07-04 00:00:00,3,N,14,5,21,M,1,2,R,,,,,
21974294,77070474,1,201400003699,2014-12-22 00:00:00,1,N,16,5,20,M,2,2,N,,,,,
21973274,77068627,1,201400003440,2014-11-30 00:00:00,1,N,16,5,22,M,2,2,R,,,,,
21973232,77068502,1,201400003347,2014-11-18 00:00:00,1,N,16,5,35,M,2,2,N,,,,,
21972158,77065754,1,201400002940,2014-10-06 00:00:00,1,N,16,5,32,M,2,2,N,,,,,
21972144,77065727,1,201400002914,2014-10-03 00:00:00,1,N,16,5,20,F,2,2,N,,,,,
21972143,77065720,1,201400000140,2014-10-03 00:00:00,1,N,16,5,14,M,2,2,R,R,,,,
21973204,77067670,1,201400003300,2014-11-13 00:00:00,1,N,16,5,32,M,2,2,N,,,,,
21973195,77067636,1,201400003299,2014-11-08 00:00:00,1,N,16,5,34,M,2,2,N,,,,,
21973188,77067603,1,201400003220,2014-11-04 00:00:00,1,N,16,5,19,M,2,2,R,,,,,
21973176,77067574,1,201400003195,2014-11-01 00:00:00,1,N,16,5,30,M,2,2,N,,,,,
21973164,77066746,1,201400003147,2014-10-26 00:00:00,1,N,16,5,40,M,2,2,N,,,,,
21973158,77066737,1,201400003139,2014-10-26 00:00:00,1,N,16,5,22,M,2,2,R,,,,,
21972117,77064836,1,201400002801,2014-09-21 00:00:00,1,N,16,5,28,F,2,2,N,,,,,
21972113,77064827,2,201400002792,2014-09-20 00:00:00,1,N,16,5,26,F,2,2,N,,,,,
21972112,77064827,1,201400002838,2014-09-20 00:00:00,1,N,16,5,36,M,2,2,R,,,,,
21972094,77064772,1,201400002715,2014-09-13 00:00:00,1,N,16,5,24,M,2,2,N,,,,,
21972082,77064732,1,201400002686,2014-09-09 00:00:00,1,N,16,5,28,F,2,2,N,,,,,
21973106,77065795,1,201400002977,2014-10-10 00:00:00,1,N,16,5,40,M,2,2,R,,,,,
21972073,77064709,1,201400002638,2014-09-06 00:00:00,1,N,16,5,46,M,2,2,N,,,,,
21972066,77063885,1,201400002589,2014-09-02 00:00:00,1,N,16,5,30,M,2,2,R,,,,,
21972064,77063881,1,201400002586,2014-09-01 00:00:00,1,N,16,5,22,M,2,2,N,,,,,
21972048,77063798,1,201400002481,2014-08-17 00:00:00,1,N,16,5,20,M,2,2,R,,,,,
21972046,77063792,1,201400000119,2014-08-15 00:00:00,1,N,16,5,17,M,2,2,N,R,,,,
21972030,77063744,2,201400002405,2014-08-10 00:00:00,1,N,16,5,23,M,2,2,R,,,,,
21972020,77062937,1,201400002399,2014-08-08 00:00:00,1,N,16,5,33,M,2,2,N,,,,,
21971018,77061916,1,201400002120,2014-07-19 00:00:00,1,N,16,5,38,M,2,2,R,,,,,
21971992,77062868,1,201400002294,2014-08-03 00:00:00,1,N,16,5,66,M,2,2,R,,,,,
21970994,77061850,1,201400002045,2014-07-14 00:00:00,1,N,16,5,21,M,2,2,R,,,,,
21970988,77061842,1,201400002040,2014-07-13 00:00:00,1,N,16,5,32,M,2,2,R,,,,,
21970977,77061019,1,201400002003,2014-07-10 00:00:00,1,N,16,5,19,F,2,2,N,,,,,
21970968,77061004,1,201400001979,2014-07-08 00:00:00,1,N,16,5,41,F,2,2,N,,,,,
21970930,77060077,1,201400001848,2014-06-26 00:00:00,1,N,16,5,42,F,2,2,N,,,,,
21970926,77060064,1,201400001836,2014-06-25 00:00:00,1,N,16,5,25,M,2,2,N,,,,,
21970914,77060013,1,201400001138,2014-04-17 00:00:00,1,N,16,5,36,M,2,2,N,,,,,
21970902,77059986,1,201400001098,2014-04-14 00:00:00,1,N,16,5,27,M,2,2,N,,,,,
21970894,77059966,1,201400001084,2014-04-13 00:00:00,1,N,16,5,27,M,2,2,R,,,,,
21970888,77059957,1,201400001070,2014-04-12 00:00:00,1,N,16,5,21,M,2,2,R,,,,,
21970887,77059956,1,201400001069,2014-04-12 00:00:00,1,N,16,5,27,F,2,2,N,,,,,
21970886,77059953,2,201400001078,2014-04-11 00:00:00,1,N,16,5,25,M,2,2,N,,,,,
21969893,77059033,2,201400000959,2014-03-31 00:00:00,1,N,16,5,21,F,2,2,N,,,,,
21969888,77059019,1,201400000956,2014-03-30 00:00:00,1,N,16,5,30,M,2,2,N,,,,,
21968628,77053404,1,201400000023,2014-01-10 00:00:00,1,N,7,5,21,M,2,2,N,,,,,
21972051,77063824,1,201400002804,2014-09-22 00:00:00,3,N,2,5,47,M,1,2,N,,,,,
21972035,77063774,1,201400002420,2014-08-14 00:00:00,3,N,2,5,62,M,1,2,N,,,,,
21967674,77053365,1,201400002754,2014-09-17 00:00:00,3,N,2,5,46,M,1,2,N,,,,,
20952748,73709402,1,201400001651,2014-06-06 00:00:00,3,N,14,5,21,M,2,2,R,,,,,
21974291,77070471,3,201400003696,2014-12-22 00:00:00,3,N,2,5,34,F,2,2,N,,,,,
21974290,77070471,2,201400003694,2014-12-22 00:00:00,3,N,2,5,29,F,2,2,N,,,,,
21974289,77070471,1,201400003695,2014-12-22 00:00:00,3,N,2,5,36,F,2,2,N,,,,,
21973162,77066743,1,201500002770,2015-10-11 00:00:00,3,N,2,5,21,F,2,2,N,,,,,
21971006,77061887,2,201400002411,2014-08-13 00:00:00,3,N,2,5,21,F,2,2,N,,,,,
21969800,77057205,1,201400000675,2014-03-09 00:00:00,1,N,51,5,47,F,1,3,N,,,,,
21968730,77055272,1,201400000298,2014-02-06 00:00:00,1,N,51,5,27,M,1,3,R,,,,,
20952750,73709413,1,201400001659,2014-06-06 00:00:00,1,N,51,5,50,M,1,2,R,,,,,
20952740,73709368,1,201400001626,2014-06-03 00:00:00,1,N,51,5,26,M,1,2,R,,,,,
20952703,73708481,1,201400001523,2014-05-23 00:00:00,1,N,51,5,31,M,1,2,N,,,,,
20952699,73708472,1,201400001502,2014-05-23 00:00:00,1,N,51,5,25,M,1,2,R,,,,,
20952687,73707665,1,201400001458,2014-05-19 00:00:00,1,N,51,5,21,F,1,2,R,,,,,
20952674,73707640,1,201400000070,2014-05-17 00:00:00,1,N,51,5,16,M,1,2,R,R,,,,
20952641,73707534,1,201400001359,2014-05-08 00:00:00,1,N,51,5,35,M,1,2,R,,,,,
20952788,73710313,1,201400001863,2014-06-28 00:00:00,3,N,5,5,40,M,2,2,N,,,,,
20952757,73709425,1,201400001812,2014-06-19 00:00:00,3,N,5,5,29,M,2,2,N,,,,,
21974302,77070521,1,201500001230,2015-05-18 00:00:00,3,N,51,5,35,M,2,2,N,,,,,
21973216,77067693,1,201400003551,2014-12-09 00:00:00,3,N,51,5,35,F,2,2,N,,,,,
21974260,77070402,1,201400003624,2014-12-17 00:00:00,3,N,51,5,20,F,2,2,N,,,,,
21973165,77066753,1,201400003339,2014-11-18 00:00:00,3,N,51,5,49,M,2,2,N,,,,,
21972128,77065666,1,201400002949,2014-10-07 00:00:00,3,N,51,5,56,M,2,2,N,,,,,
21972077,77064713,1,201400002875,2014-09-29 00:00:00,3,N,51,5,39,M,2,2,R,,,,,
21972072,77064706,1,201400002773,2014-09-18 00:00:00,3,N,51,5,43,M,2,2,R,,,,,
21971043,77062796,1,201400003940,2015-01-14 00:00:00,3,N,51,5,29,M,2,2,N,,,,,
21969836,77058118,1,201400002024,2014-07-06 00:00:00,3,N,51,5,32,M,2,2,N,,,,,
21969830,77058085,1,201400001015,2014-04-07 00:00:00,3,N,51,5,23,M,2,2,N,,,,,
21969825,77058057,1,201400000869,2014-03-21 00:00:00,3,N,51,5,21,F,2,2,R,,,,,
21969824,77058056,1,201400001680,2014-06-09 00:00:00,3,N,51,5,23,M,2,2,N,,,,,
21968773,77056201,1,201400000657,2014-03-07 00:00:00,3,N,51,5,29,F,2,2,N,,,,,
21973258,77068587,1,201400003605,2014-12-15 00:00:00,3,N,51,5,44,M,1,1,R,,,,,
21968733,77055281,1,201400000301,2014-02-07 00:00:00,1,N,44,5,35,F,1,2,R,,,,,
21968700,77055205,2,201400000239,2014-01-31 00:00:00,1,N,44,5,24,M,1,2,N,,,,,
21968645,77053453,1,201400000067,2014-01-13 00:00:00,1,N,44,5,44,F,1,2,R,,,,,
20952673,73707630,1,201400001431,2014-05-16 00:00:00,1,N,45,5,31,F,2,2,N,,,,,
20952705,73708483,1,201400001525,2014-05-24 00:00:00,1,N,39,5,32,M,1,2,N,,,,,
21974229,77069489,1,201400003577,2014-12-12 00:00:00,3,N,44,5,46,M,1,2,N,,,,,
21973200,77067657,1,201400003341,2014-11-17 00:00:00,3,N,44,5,28,M,1,2,R,,,,,
21972137,77065700,1,201400003358,2014-11-20 00:00:00,3,N,44,5,41,M,1,2,N,,,,,
21973139,77066688,1,201400003203,2014-11-03 00:00:00,3,N,44,5,66,M,1,2,R,,,,,
21969875,77058984,1,201400000958,2014-04-02 00:00:00,3,N,44,5,48,M,1,2,N,,,,,
21970873,77059122,1,201400001103,2014-04-15 00:00:00,3,N,44,5,21,M,1,2,R,,,,,
21969759,77057094,1,201400000611,2014-03-05 00:00:00,3,N,44,5,34,M,1,2,N,,,,,
21968688,77054384,4,201400001616,2014-06-02 00:00:00,3,N,44,5,22,M,1,2,N,,,,,
21968687,77054384,1,201400001540,2014-05-27 00:00:00,3,N,44,5,20,M,1,2,N,,,,,
20951698,73706730,1,201400001331,2014-05-07 00:00:00,1,N,35,5,23,F,1,2,R,,,,,
20951664,73706592,2,201400001208,2014-04-25 00:00:00,1,N,35,5,43,M,1,2,N,,,,,
20951663,73706592,1,201400001207,2014-04-25 00:00:00,1,N,35,5,52,M,1,2,N,,,,,
20952646,73707555,1,201400001454,2014-05-19 00:00:00,3,N,36,5,21,M,2,2,N,,,,,
21972042,77063787,1,201400000118,2014-08-15 00:00:00,1,N,39,5,17,M,1,2,R,R,,,,
21972025,77063739,1,201400002376,2014-08-09 00:00:00,1,N,39,5,40,M,1,2,R,,,,,
21971010,77061891,1,201400002095,2014-07-18 00:00:00,1,N,39,5,43,M,1,2,R,,,,,
21970920,77060042,1,201400001818,2014-06-23 00:00:00,1,N,39,5,32,M,1,2,N,,,,,
21969882,77059005,1,201400000920,2014-03-29 00:00:00,1,N,39,5,41,M,1,2,R,,,,,
21971009,77061887,3,201400003743,2014-12-31 00:00:00,1,N,37,5,26,F,2,3,N,,,,,
21970962,77060966,1,201400001954,2014-07-05 00:00:00,3,N,39,5,28,M,2,2,R,,,,,
21974273,77070418,1,201400003648,2014-12-18 00:00:00,3,N,23,5,44,F,1,2,N,,,,,
21973207,77067679,1,201400003305,2014-11-14 00:00:00,3,N,23,5,37,F,1,2,N,,,,,
21973202,77067663,1,201400003279,2014-11-12 00:00:00,3,N,23,5,40,F,1,2,R,,,,,
21973198,77067652,1,201400003272,2014-11-11 00:00:00,3,N,23,5,28,M,1,2,N,,,,,
21973194,77067629,1,201400003258,2014-11-08 00:00:00,3,N,23,5,44,M,1,2,N,,,,,
21972135,77065693,1,201400002889,2014-09-29 00:00:00,3,N,23,5,32,M,1,2,N,,,,,
21972129,77065669,1,201400003117,2014-10-24 00:00:00,3,N,23,5,18,F,1,2,N,,,,,
21973114,77066616,1,201400002998,2014-10-13 00:00:00,3,N,23,5,36,F,1,2,N,,,,,
21972059,77063856,1,201400002510,2014-08-24 00:00:00,3,N,23,5,56,F,1,2,N,,,,,
21972053,77063838,1,201400002543,2014-08-27 00:00:00,3,N,23,5,18,M,1,2,R,,,,,
21971038,77062787,1,201400003013,2014-10-15 00:00:00,3,N,23,5,31,M,1,2,N,,,,,
21971037,77062786,1,201400003012,2014-10-15 00:00:00,3,N,23,5,31,M,1,2,N,,,,,
21971031,77061969,1,201400002176,2014-07-24 00:00:00,3,N,23,5,22,F,1,2,N,,,,,
21971030,77061963,1,201400003283,2014-11-12 00:00:00,3,N,23,5,40,M,1,2,N,,,,,
21971025,77061939,1,201400002290,2014-08-03 00:00:00,3,N,23,5,18,F,1,2,N,,,,,
21972000,77062895,1,201400002384,2014-08-12 00:00:00,3,N,23,5,35,M,1,2,N,,,,,
21970999,77061861,1,201400002185,2014-07-25 00:00:00,3,N,23,5,44,F,1,2,N,,,,,
21970991,77061845,1,201400002041,2014-07-13 00:00:00,3,N,23,5,25,F,1,2,R,,,,,
21970982,77061037,1,201400002018,2014-07-11 00:00:00,3,N,23,5,55,F,1,2,N,,,,,
21970978,77061024,1,201400002085,2014-07-16 00:00:00,3,N,23,5,22,M,1,2,N,,,,,
21970975,77061012,1,201400002057,2014-07-11 00:00:00,3,N,23,5,28,M,1,2,N,,,,,
21970973,77061010,1,201400001990,2014-07-09 00:00:00,3,N,23,5,61,F,1,2,N,,,,,
21970943,77060910,1,201400001892,2014-06-30 00:00:00,3,N,23,5,23,F,1,2,N,,,,,
21970941,77060908,1,201400001890,2014-06-30 00:00:00,3,N,23,5,37,F,1,2,N,,,,,
21970936,77060888,2,201400001897,2014-06-28 00:00:00,3,N,23,5,32,F,1,2,N,,,,,
21970905,77059992,1,201400001274,2014-05-03 00:00:00,3,N,23,5,35,M,1,2,N,,,,,
21969922,77059102,2,201400001116,2014-04-15 00:00:00,3,N,23,5,62,M,1,2,N,,,,,
21969914,77059090,1,201400001505,2014-05-23 00:00:00,3,N,23,5,59,M,1,2,R,,,,,
21969910,77059078,2,201400001333,2014-05-06 00:00:00,3,N,23,5,21,M,1,2,N,,,,,
21969891,77059029,1,201400000944,2014-03-31 00:00:00,3,N,23,5,27,M,1,2,N,,,,,
21969802,77057214,1,201400000785,2014-03-17 00:00:00,3,N,23,5,39,F,1,2,N,,,,,
21968798,77056252,1,201400000628,2014-03-06 00:00:00,3,N,23,5,35,F,1,2,N,,,,,
21968766,77056172,1,201400000906,2014-03-29 00:00:00,3,N,23,5,33,M,1,2,R,,,,,
21968765,77056171,1,201400000840,2014-03-23 00:00:00,3,N,23,5,23,F,1,2,N,,,,,
21968744,77055336,1,201400002083,2014-07-17 00:00:00,3,N,23,5,31,F,1,2,N,,,,,
21968731,77055278,1,201400000300,2014-02-07 00:00:00,3,N,23,5,35,F,1,2,R,,,,,
21968718,77055252,1,201400000261,2014-02-04 00:00:00,3,N,23,5,21,F,1,2,N,,,,,
21968684,77054381,1,201400000799,2014-03-18 00:00:00,3,N,23,5,32,M,1,2,N,,,,,
21968678,77054361,1,201400000784,2014-03-17 00:00:00,3,N,23,5,59,F,1,2,N,,,,,
21968677,77054360,1,201400003405,2014-11-27 00:00:00,3,N,23,5,42,M,1,2,R,,,,,
21968670,77054340,2,201400001365,2014-05-09 00:00:00,3,N,23,5,56,M,1,2,N,,,,,
21968669,77054340,1,201400001115,2014-04-16 00:00:00,3,N,23,5,26,M,1,2,N,,,,,
21968654,77054279,1,201400001777,2014-06-19 00:00:00,3,N,23,5,28,M,1,2,N,,,,,
21968616,77053366,1,201300004158,2014-01-06 00:00:00,3,N,23,5,33,M,1,2,N,,,,,
20952794,73710332,1,201400001770,2014-06-18 00:00:00,1,N,44,5,38,F,1,2,R,,,,,
21970869,77059109,1,201400000051,2014-04-07 00:00:00,3,N,23,5,16,F,1,2,R,R,,,,
20951691,73706710,2,201400000066,2014-05-05 00:00:00,1,N,49,5,17,M,2,2,R,R,,,,
20952800,73710371,1,201400001804,2014-06-21 00:00:00,1,N,16,5,29,F,1,2,N,,,,,
20952795,73710340,1,201400001782,2014-06-19 00:00:00,1,N,16,5,31,M,1,2,R,,,,,
20952760,73709438,1,201400001690,2014-06-09 00:00:00,1,N,16,5,28,M,1,2,N,,,,,
20952759,73709437,2,201400001689,2014-06-09 00:00:00,1,N,16,5,39,F,1,2,N,,,,,
20952722,73708515,1,201400001550,2014-05-27 00:00:00,1,N,16,5,38,M,1,2,R,,,,,
20952715,73708494,1,201400001536,2014-05-25 00:00:00,1,N,16,5,19,M,1,2,N,,,,,
20952681,73707650,1,201400001447,2014-05-17 00:00:00,1,N,16,5,19,M,1,2,N,,,,,
20952680,73707649,1,201400001446,2014-05-17 00:00:00,1,N,16,5,32,M,1,2,N,,,,,
20952669,73707621,1,201400001422,2014-05-15 00:00:00,1,N,16,5,27,F,1,2,N,,,,,
20952661,73707604,1,201400001411,2014-05-14 00:00:00,1,N,16,5,26,M,1,2,R,,,,,
20952658,73707596,1,201400001404,2014-05-13 00:00:00,1,N,16,5,18,F,1,2,R,,,,,
20952655,73707587,1,201400001398,2014-05-13 00:00:00,1,N,16,5,22,M,1,2,R,,,,,
20952651,73707580,1,201400001390,2014-05-12 00:00:00,1,N,16,5,21,M,1,2,R,,,,,
20952648,73707558,1,201400001377,2014-05-10 00:00:00,1,N,16,5,35,M,1,2,N,,,,,
21969871,77058193,1,201400000059,2014-04-22 00:00:00,3,N,20,5,13,M,1,2,R,R,,,,
21972138,77065705,1,201400002893,2014-10-01 00:00:00,1,N,11,5,21,M,1,2,N,,,,,
21968719,77055253,1,201400000264,2014-02-04 00:00:00,1,N,11,5,43,M,1,2,N,,,,,
21970970,77061006,1,201400002142,2014-07-22 00:00:00,3,N,5,5,48,F,1,2,R,,,,,
20951703,73706751,1,201400001814,2014-06-23 00:00:00,3,N,2,5,45,M,2,2,N,,,,,
