"DATA_YEAR","OFFENSE_ID","INCIDENT_ID","OFFENSE_TYPE_ID","ATTEMPT_COMPLETE_FLAG","LOCATION_ID","NUM_PREMISES_ENTERED","METHOD_ENTRY_CODE"
2018,130261148,106046071,45,"C",8,,""
2018,130266140,106046071,41,"C",8,,""
2018,130261192,106056095,46,"C",20,,""
2018,130261235,106051144,11,"C",2,,""
2018,130271335,106046334,41,"C",8,,""
2018,130266542,106051424,46,"C",24,,""
2018,126838965,102990848,2,"C",20,,""
2018,126839016,102990883,51,"C",20,,""
2018,126843983,102998189,14,"C",14,,""
2018,126843882,102990856,5,"C",20,,""
2018,126843887,102990860,41,"C",20,,""
2018,126838989,102993881,51,"C",13,,""
2018,126848883,102998111,5,"C",13,,""
2018,126839025,102990893,44,"C",40,,""
2018,126848924,102998145,51,"C",20,,""
2018,126843967,102993970,23,"C",8,,""
2018,126839136,102990968,23,"C",8,,""
2018,126839153,102993995,5,"C",18,,""
2018,124805737,101221480,49,"C",8,,"F"
2018,124801225,101219320,45,"C",18,,""
2018,124805772,101219341,41,"C",20,,""
2018,124805820,101214779,35,"C",18,,""
2018,124797755,101221477,46,"C",20,,""
2018,124805749,101219324,45,"C",20,,""
2018,124801251,101219336,41,"C",8,,""
2018,124797781,101221504,45,"C",2,,""
2018,124797787,101219348,46,"C",20,,""
2018,124801270,101214742,49,"C",20,,"F"
2018,124805787,101214746,46,"C",20,,""
2018,124805793,101219361,45,"C",20,,""
2018,124801305,101219386,5,"C",8,,""
2018,124805833,101214787,51,"C",18,,""
2018,124520854,100963771,16,"C",20,,""
2018,124805730,101221474,47,"C",25,,""
2018,124801220,101221478,49,"C",20,,"F"
2018,124805745,101221484,45,"C",6,,""
2018,124805743,101219319,51,"C",20,,""
2018,124801232,101214699,44,"C",8,,""
2018,124801234,101219331,51,"C",15,,""
2018,124801252,101214714,45,"C",20,,""
2018,124801257,101219342,16,"C",20,,""
2018,124801259,101214725,5,"C",20,,""
2018,124801262,101221506,14,"C",14,,""
2018,124801268,101221510,49,"C",20,,"F"
2018,124801271,101219350,49,"A",20,,"F"
2018,124797792,101221515,44,"C",20,,""
2018,124797802,101221520,46,"C",2,,""
2018,124797799,101219353,14,"C",14,,""
2018,124801277,101219360,44,"C",20,,""
2018,124801283,101221530,44,"C",13,,""
2018,124801295,101214768,44,"C",18,,""
2018,124805817,101219384,5,"C",22,,""
2018,124801297,101221541,5,"C",18,,""
2018,124797828,101219388,45,"C",25,,""
2018,124801306,101214774,51,"C",19,,""
2018,124805829,101221554,45,"C",6,,""
2018,124801314,101221552,45,"C",25,,""
2018,126347255,102555731,51,"C",20,,""
2018,126340328,102555761,45,"C",18,,""
2018,126340334,102565220,41,"C",2,,""
2018,126344339,102560907,45,"C",14,,""
2018,126340396,102560935,45,"C",43,,""
2018,126340402,102560944,14,"C",18,,""
2018,126340404,102565283,49,"C",5,,"F"
2018,126340403,102565283,5,"C",5,,""
2018,124797754,101221476,44,"C",20,,""
2018,124797785,101219346,5,"C",14,,""
2018,124801265,101221507,49,"C",20,,"N"
2018,124797809,101214755,41,"A",8,,""
2018,124805807,101214761,41,"C",21,,""
2018,124805823,101219393,47,"C",24,,""
2018,126838961,102990852,47,"C",20,,""
2018,126843892,102998090,51,"C",20,,""
2018,126838996,102990862,47,"C",5,,""
2018,126839021,102990890,5,"C",20,,""
2018,126843916,102990900,44,"C",14,,""
2018,126839058,102993928,23,"C",8,,""
2018,126839066,102990923,45,"C",20,,""
2018,126839117,102990951,23,"C",24,,""
2018,126848965,102993969,21,"C",5,,""
2018,126843997,102993996,14,"C",20,,""
2018,126344279,102560829,43,"A",25,,""
2018,126347273,102565197,47,"C",7,,""
2018,126344297,102560854,23,"C",8,,""
2018,126340319,102565207,45,"C",2,,""
2018,126340320,102565207,46,"C",47,,""
2018,126344307,102560866,35,"C",24,,""
2018,126340360,102555777,49,"C",20,,"F"
2018,126340370,102560905,23,"C",8,,""
2018,126347344,102560927,41,"C",8,,""
2018,126340399,102560938,14,"C",20,,""
2018,126347364,102560949,45,"C",8,,""
2018,124801255,101219339,5,"C",18,,""
2018,124805776,101221505,14,"C",38,,""
2018,124805812,101219374,41,"C",25,,""
2018,124801289,101219374,45,"C",25,,""
2018,124801317,101214784,51,"C",20,,""
2018,124801235,101214700,49,"A",20,,"F"
2018,124805779,101214739,14,"C",38,,""
2018,124801273,101214747,36,"C",20,,""
2018,124801281,101214759,45,"C",20,,""
2018,124801286,101214762,45,"C",20,,""
2018,124805728,101221473,46,"C",13,,""
2018,124805747,101221486,46,"C",2,,""
2018,124805765,101221497,28,"C",13,,""
2018,124797784,101219345,51,"C",20,,""
2018,124801263,101214733,16,"C",8,,""
2018,124797790,101221512,44,"C",20,,""
2018,124805784,101214743,21,"C",13,,""
2018,124805811,101214763,14,"C",32,,""
2018,126830280,102987890,23,"C",8,,""
2018,126835144,102987904,5,"C",18,,""
2018,126825222,102987904,27,"C",18,,""
2018,126825249,102987912,23,"C",8,,""
2018,126830307,102985052,44,"C",22,,""
2018,126830396,102987971,47,"C",20,,""
2018,126830407,102985137,51,"C",25,,""
2018,130261149,106056068,7,"C",5,,""
2018,130266155,106051088,37,"C",24,,""
2018,130261212,106046109,28,"C",13,,""
2018,126848884,102993899,27,"C",20,,""
2018,126848905,102990913,44,"C",22,,""
2018,126848920,102998143,37,"C",12,,""
2018,126839118,102998175,51,"C",13,,""
2018,126843975,102990962,21,"C",20,,""
2018,126848989,102998201,5,"C",20,,""
2018,124801223,101219317,5,"C",20,,""
2018,124801226,101219321,45,"C",23,,""
2018,124797765,101214696,41,"C",8,,""
2018,124801236,101214704,56,"C",20,,""
2018,124801242,101214706,5,"C",18,,""
2018,124797774,101214715,14,"C",18,,""
2018,124805805,101219370,51,"C",20,,""
2018,124797821,101214769,5,"C",18,,""
2018,124805746,101219322,51,"C",18,,""
2018,124805755,101214702,51,"C",11,,""
2018,124801250,101221500,51,"C",20,,""
2018,124805771,101214720,21,"C",20,,""
2018,124801272,101221518,2,"C",2,,""
2018,124801276,101214754,5,"C",8,,""
2018,124805799,101221528,5,"C",18,,""
2018,124805803,101219366,14,"C",13,,""
2018,124805814,101221537,46,"C",8,,""
2018,124805822,101219392,51,"C",20,,""
2018,124797832,101219395,49,"C",20,,"F"
2018,126825399,102985154,5,"C",18,,""
2018,126835316,102985194,51,"C",20,,""
2018,126835339,102991074,44,"C",20,,""
2018,126838978,102993871,5,"C",5,,""
2018,126838980,102998083,40,"C",13,,""
2018,126838991,102998091,44,"C",14,,""
2018,126838995,102998093,45,"C",20,,""
2018,126848877,102990877,5,"C",20,,""
2018,126839030,102998116,49,"C",20,,"F"
2018,126843918,102990902,14,"C",20,,""
2018,126843931,102993926,46,"C",20,,""
2018,126848999,102994005,51,"C",20,,""
2018,126849003,102998208,46,"C",2,,""
2018,126838954,102993859,23,"C",24,,""
2018,126838992,102993883,37,"C",8,,""
2018,126843898,102990872,41,"C",43,,""
2018,126843915,102990898,14,"C",20,,""
2018,126848897,102990910,45,"C",12,,""
2018,126848916,102998140,44,"C",8,,""
2018,126839109,102998168,23,"C",8,,""
2018,126848962,102990952,21,"C",20,,""
2018,126843966,102993968,44,"C",20,,""
2018,126843992,102993992,47,"C",20,,""
2018,126340303,102565196,7,"C",20,,""
2018,126340313,102555750,45,"C",18,,""
2018,126344319,102555767,16,"C",13,,""
2018,126340359,102565237,45,"C",20,,""
2018,126347317,102555779,49,"C",20,,"F"
2018,126347323,102555783,14,"C",14,,""
2018,126344347,102555788,41,"C",25,,""
2018,126344366,102565272,2,"C",21,,""
2018,126344376,102565280,28,"C",13,,""
2018,126848919,102993932,23,"C",8,,""
2018,126843923,102993914,47,"C",8,,""
2018,126839089,102998157,14,"C",38,,""
2018,126843961,102993956,44,"C",20,,""
2018,126839168,102990988,23,"C",8,,""
2018,126838962,102993863,47,"C",5,,""
2018,126848845,102990858,11,"C",20,,""
2018,126838987,102993880,21,"C",20,,""
2018,126838997,102993886,37,"C",21,,""
2018,126848866,102993890,21,"C",20,,""
2018,126843926,102993920,45,"C",20,,""
2018,126848915,102990919,14,"C",20,,""
2018,126839095,102990937,47,"C",24,,""
2018,126848958,102993958,23,"C",8,,""
2018,126839122,102998176,45,"C",20,,""
2018,126843984,102993986,14,"C",14,,""
2018,126347256,102555733,21,"C",20,,""
2018,126344285,102555740,49,"C",20,,"N"
2018,126347299,102565216,45,"C",25,,""
2018,126340342,102555766,14,"C",13,,""
2018,126347307,102565229,23,"C",23,,""
2018,126344340,102565252,5,"C",20,,""
2018,126340379,102560915,5,"C",18,,""
2018,126344344,102560915,14,"C",18,,""
2018,126340384,102560918,37,"C",8,,""
2018,126344377,102560939,14,"C",25,,""
2018,126340405,102555811,41,"C",20,,""
2018,126347358,102555811,45,"C",20,,""
2018,126835137,102985013,51,"C",20,,""
2018,126825244,102985041,51,"C",20,,""
2018,126830337,102980923,14,"C",20,,""
2018,126825327,102980955,16,"C",18,,""
2018,126825361,102980981,51,"C",20,,""
2018,126830406,102980996,16,"C",13,,""
2018,126825394,102987990,23,"C",8,,""
2018,126830468,102981064,14,"C",25,,""
2018,126835338,102991073,45,"C",25,,""
2018,126825506,102985246,46,"C",20,,""
2018,126835134,102985011,14,"C",20,,""
2018,126830289,102980885,26,"C",47,,""
2018,126830313,102987917,51,"C",20,,""
2018,126835199,102985083,23,"C",24,,""
2018,126835202,102980937,46,"C",8,,""
2018,126835217,102980960,5,"C",20,,""
2018,126830413,102985147,51,"C",20,,""
2018,126825422,102988000,44,"C",5,,""
2018,126825436,102981044,41,"C",21,,""
2018,126830485,102985227,41,"C",8,,""
2018,126835180,102985061,21,"C",5,,""
2018,126830318,102985061,49,"C",5,,"F"
2018,126835179,102985061,5,"C",5,,""
2018,126830324,102987922,44,"C",13,,""
2018,126825266,102987922,5,"C",13,,""
2018,126830327,102985074,41,"C",20,,""
2018,126835188,102985074,46,"C",20,,""
2018,126830421,102981006,44,"C",20,,""
2018,126825414,102985163,41,"C",8,,""
2018,126835294,102985176,5,"C",25,,""
2018,126835295,102985176,50,"C",25,,""
2018,126825434,102985189,14,"C",14,,""
2018,126830483,102991070,5,"C",21,,""
2018,126835366,102988066,14,"C",13,,""
2018,126835129,102980865,5,"C",20,,""
2018,126825230,102980882,14,"C",21,,""
2018,126830357,102980945,37,"C",12,,""
2018,126825342,102987960,37,"C",8,,""
2018,126825347,102980977,23,"C",8,,""
2018,126825385,102985136,5,"C",13,,""
2018,126835269,102987985,5,"C",18,,""
2018,126830422,102987991,41,"C",8,,""
2018,126830424,102981010,41,"C",2,,""
2018,126825400,102981010,46,"C",20,,""
2018,126825424,102981031,45,"C",20,,""
2018,126830473,102985214,5,"C",20,,""
2018,126835345,102991078,23,"C",8,,""
2018,126830492,102991091,45,"C",20,,""
2018,126835362,102985251,16,"C",25,,""
2018,126838979,102993875,23,"C",8,,""
2018,126838985,102998086,47,"C",20,,""
2018,126843894,102993889,44,"C",8,,""
2018,126839015,102990884,51,"C",20,,""
2018,126839121,102990953,23,"C",8,,""
2018,126848968,102993972,23,"C",8,,""
2018,126839138,102990970,45,"C",21,,""
2018,126843985,102990974,45,"C",12,,""
2018,126843989,102990974,14,"C",12,,""
2018,126844002,102994002,5,"C",8,,""
2018,126849008,102994015,45,"C",24,,""
2018,126825214,102980871,2,"C",21,,""
2018,126825227,102980877,23,"C",8,,""
2018,126835161,102987907,44,"C",18,,""
2018,126835175,102980905,46,"C",20,,""
2018,126830420,102987993,26,"C",20,,""
2018,126825437,102981045,23,"C",43,,""
2018,126830500,102985253,51,"C",20,,""
2018,126835142,102987897,44,"C",24,,""
2018,126830295,102987905,23,"C",8,,""
2018,126830330,102987934,35,"C",20,,""
2018,126830333,102987934,16,"C",20,,""
2018,126835197,102985082,46,"C",20,,""
2018,126830365,102985097,5,"C",20,,""
2018,126830408,102985139,16,"C",14,,""
2018,126835305,102988008,7,"A",18,,""
2018,126835317,102985197,23,"C",8,,""
2018,126825484,102991084,47,"C",24,,""
2018,126835347,102991084,11,"C",24,,""
2018,126347271,102560844,45,"C",18,,""
2018,126344298,102555747,51,"C",20,,""
2018,126344306,102555754,7,"C",13,,""
2018,126347294,102560869,23,"C",23,,""
2018,126340349,102565228,51,"C",12,,""
2018,126344324,102560886,49,"C",20,,"N"
2018,126340387,102555795,45,"C",8,,""
2018,126347355,102565281,41,"C",25,,""
2018,126843886,102993872,23,"C",8,,""
2018,126838999,102993888,44,"C",14,,""
2018,126843901,102993896,5,"C",20,,""
2018,126848890,102993904,45,"C",7,,""
2018,126839059,102998138,45,"C",20,,""
2018,126839075,102993936,14,"C",18,,""
2018,126839119,102993965,2,"C",8,,""
2018,126848987,102990976,47,"C",12,,""
2018,126347285,102555749,51,"C",28,,""
2018,126340322,102555755,14,"C",18,,""
2018,126344305,102555755,41,"C",12,,""
2018,126340338,102555764,47,"C",20,,""
2018,126344320,102560881,47,"C",20,,""
2018,126344325,102560887,5,"C",13,,""
2018,126340358,102555776,51,"C",20,,""
2018,126340375,102560910,46,"C",20,,""
2018,126347334,102555792,44,"C",24,,""
2018,126839020,102990895,45,"C",21,,""
2018,126848847,102990854,11,"C",2,,""
2018,126848888,102990895,41,"C",21,,""
2018,126839036,102998122,23,"C",8,,""
2018,126848914,102998134,5,"C",20,,""
2018,126839092,102998156,47,"C",23,,""
2018,126848954,102993957,14,"C",18,,""
2018,126848966,102993971,14,"C",5,,""
2018,126839156,102993998,23,"C",8,,""
2018,137075363,112130101,26,"C",20,,""
2018,126825232,102980884,14,"C",20,,""
2018,126830297,102985034,14,"C",25,,""
2018,126835168,102985042,47,"C",20,,""
2018,126825256,102980903,14,"A",18,,""
2018,126835208,102987948,45,"C",24,,""
2018,126835211,102987950,39,"C",13,,""
2018,126825398,102985152,7,"C",18,,""
2018,126835352,102988048,47,"C",35,,""
2018,126347266,102555739,14,"C",18,,""
2018,126347270,102560842,16,"C",5,,""
2018,126347280,102555746,44,"C",20,,""
2018,126344314,102555762,23,"C",8,,""
2018,126347305,102555774,47,"C",20,,""
2018,126340376,102555786,14,"C",18,,""
2018,126347327,102555786,5,"C",18,,""
2018,126344350,102555790,49,"C",14,1,"N"
2018,126340390,102555796,2,"C",25,,""
2018,126344365,102560932,44,"C",11,,""
2018,126340398,102565279,14,"C",20,,""
2018,126344379,102555812,14,"C",7,,""
2018,126347360,102555814,2,"C",25,,""
2018,126340301,102565193,46,"C",47,,""
2018,126347252,102560827,14,"C",18,,""
2018,126340310,102560853,47,"C",20,,""
2018,126344315,102565215,16,"C",20,,""
2018,126340339,102555768,46,"C",2,,""
2018,126340352,102560885,49,"C",20,,"F"
2018,126340356,102555775,7,"C",18,,""
2018,126347314,102565239,14,"C",8,,""
2018,126344352,102560919,23,"C",24,,""
2018,126344358,102555801,47,"C",20,,""
2018,126340411,102555817,41,"C",12,,""
2018,126347365,102555817,45,"C",20,,""
2018,126838973,102998078,49,"C",20,,"F"
2018,126838982,102993879,5,"C",25,,""
2018,126838986,102998088,47,"C",20,,""
2018,126839000,102990864,16,"C",12,,""
2018,126843919,102998123,51,"C",5,,""
2018,126848927,102990931,51,"C",20,,""
2018,126839071,102990931,5,"C",20,,""
2018,126848959,102998172,36,"C",20,,""
2018,126843978,102990963,21,"C",8,,""
2018,126347248,102555728,37,"C",8,,""
2018,126347263,102555737,51,"C",20,,""
2018,126347287,102560860,29,"C",20,,""
2018,126347296,102565214,11,"C",2,,""
2018,126340347,102555770,23,"C",43,,""
2018,126340377,102560909,41,"C",7,,""
2018,126340386,102565264,23,"C",8,,""
2018,126347341,102565266,45,"C",25,,""
2018,126344364,102560930,14,"C",20,,""
2018,126344375,102560940,14,"C",25,,""
2018,126347357,102555810,23,"C",8,,""
2018,126838974,102993870,36,"C",20,,""
2018,126838988,102998089,51,"C",20,,""
2018,126839019,102993901,7,"C",20,,""
2018,126839076,102998149,21,"C",20,,""
2018,126843952,102993950,45,"C",20,,""
2018,126848952,102990944,7,"C",13,,""
2018,126843969,102990957,45,"C",23,,""
2018,126848980,102993983,51,"C",20,,""
2018,126843991,102998193,14,"C",25,,""
2018,126843990,102998193,41,"C",25,,""
2018,137075240,112129980,51,"C",14,,""
2018,126347260,102555734,16,"C",5,,""
2018,126347265,102560837,37,"C",24,,""
2018,126344290,102555742,45,"C",8,,""
2018,126347288,102560861,49,"C",20,,"F"
2018,126344300,102560861,21,"C",20,,""
2018,126344308,102560867,14,"C",18,,""
2018,126347303,102565227,41,"C",24,,""
2018,126344328,102555778,5,"C",25,,""
2018,126344360,102555803,14,"C",20,,""
2018,126340409,102565288,23,"C",43,,""
2018,137063258,112130174,37,"C",5,,""
2018,137063250,112130154,26,"C",20,,""
2018,137075435,112130177,2,"C",20,,""
2018,126830457,102981047,14,"C",20,,""
2018,126830389,102985117,23,"C",8,,""
2018,126835262,102987981,51,"C",20,,""
2018,126835263,102980998,49,"C",20,,"F"
2018,126830476,102985216,5,"C",18,,""
2018,126825512,102988058,51,"C",20,,""
2018,126843890,102990859,5,"C",5,,""
2018,126843891,102993878,16,"C",13,,""
2018,126839009,102993895,51,"C",20,,""
2018,126839017,102990885,51,"C",20,,""
2018,126839024,102993903,5,"C",20,,""
2018,126848894,102990901,46,"C",2,,""
2018,126843921,102993911,51,"C",20,,""
2018,126839112,102990949,41,"C",8,,""
2018,126843968,102990955,45,"C",8,,""
2018,126848972,102993974,23,"C",8,,""
2018,126839146,102993991,23,"C",8,,""
2018,126347257,102555735,5,"C",13,,""
2018,126347258,102555735,32,"C",13,,""
2018,126344304,102560865,41,"C",20,,""
2018,126344303,102560865,45,"C",20,,""
2018,126347301,102555763,45,"C",5,,""
2018,126340344,102565226,7,"C",13,,""
2018,126347312,102560890,47,"C",20,,""
2018,126340378,102565254,51,"C",20,,""
2018,126347329,102555787,49,"C",20,,"N"
2018,126340385,102555794,51,"C",20,,""
2018,126344362,102565270,21,"C",18,,""
2018,126347353,102560943,16,"C",13,,""
2018,126344380,102555816,14,"C",25,,""
2018,126838952,102993855,23,"C",24,,""
2018,126838953,102993857,45,"C",12,,""
2018,126843903,102990878,14,"C",20,,""
2018,126839074,102993933,51,"C",20,,""
2018,126843951,102993951,37,"C",24,,""
2018,126848955,102990946,23,"C",43,,""
2018,126839137,102998187,14,"C",14,,""
2018,126843994,102998197,23,"C",8,,""
2018,126825292,102985081,45,"C",20,,""
2018,126830310,102987914,41,"C",20,,""
2018,126835264,102987983,23,"C",8,,""
2018,126830428,102981018,45,"C",8,,""
2018,126825431,102981040,45,"C",20,,""
2018,126825477,102988036,5,"C",13,,""
2018,126825502,102988052,21,"C",13,,""
2018,126830281,102987894,16,"C",20,,""
2018,126835143,102985029,14,"C",20,,""
2018,126835160,102985035,51,"C",20,,""
2018,126835183,102980911,46,"C",20,,""
2018,126835212,102980957,46,"C",8,,""
2018,124805729,101219313,14,"C",21,,""
2018,124797760,101214691,21,"C",8,,""
2018,124797771,101214716,5,"C",20,,""
2018,124797773,101214716,50,"C",20,,""
2018,124805778,101214734,5,"C",46,,""
2018,124805792,101214752,45,"C",20,,""
2018,124805796,101221526,49,"C",20,,"F"
2018,124805810,101219372,49,"A",20,,"F"
2018,124797818,101221535,14,"C",32,,""
2018,124805815,101219380,44,"C",13,,""
2018,124801312,101214778,36,"C",20,,""
2018,124797767,101221489,14,"C",21,,""
2018,124801238,101221491,35,"C",13,,""
2018,124801239,101221491,16,"C",13,,""
2018,124797804,101214748,11,"C",8,,""
2018,124805801,101219364,45,"C",12,,""
2018,124801291,101219377,41,"C",2,,""
2018,124797756,101221479,27,"C",13,,""
2018,124801221,101214687,23,"C",8,,""
2018,124805750,101219325,45,"C",20,,""
2018,124801237,101221490,45,"C",20,,""
2018,124805762,101219334,41,"C",8,,""
2018,124801245,101219335,44,"C",21,,""
2018,124801247,101219335,45,"C",21,,""
2018,124797770,101214712,49,"C",20,,"F"
2018,124797772,101214713,11,"C",20,,""
2018,124801267,101214736,49,"C",20,,"N"
2018,124801269,101221514,45,"C",5,,""
2018,124797801,101219355,14,"C",14,,""
2018,124797805,101214751,41,"C",25,,""
2018,124801275,101219359,14,"A",20,,""
2018,124801282,101214758,56,"C",20,,""
2018,124805800,101219369,14,"C",20,,""
2018,124797816,101219373,51,"C",20,,""
2018,124801301,101214772,51,"C",18,,""
2018,124801313,101221551,45,"C",18,,""
2018,124797835,101221555,51,"C",18,,""
2018,124805830,101219398,45,"C",8,,""
2018,124805832,101221556,21,"C",18,,""
2018,126344292,102560845,23,"C",8,,""
2018,126344294,102555745,51,"C",31,,""
2018,126347295,102555758,49,"C",20,,"F"
2018,126347300,102565222,45,"C",25,,""
2018,126340346,102555769,14,"C",20,,""
2018,126344327,102560889,51,"C",20,,""
2018,126340380,102560914,45,"C",25,,""
2018,126344351,102565260,14,"C",20,,""
2018,126347345,102560928,14,"C",20,,""
2018,126340394,102565273,21,"C",20,,""
2018,126347363,102560948,47,"C",43,,""
2018,133845048,109229435,23,"C",8,,""
2018,124510135,100959345,45,"C",20,,""
2018,124801229,101214701,35,"C",18,,""
2018,124801230,101214701,16,"C",18,,""
2018,124797782,101214726,44,"C",23,,""
2018,124801260,101214731,37,"C",8,,""
2018,124805789,101214750,23,"C",8,,""
2018,124797808,101221521,44,"C",20,,""
2018,124797830,101221548,35,"C",13,,""
2018,124797833,101221553,5,"C",20,,""
2018,124801316,101219399,45,"C",20,,""
2018,124805757,101214705,14,"A",18,,""
2018,124797793,101214740,51,"C",20,,""
2018,124801280,101214757,51,"C",18,,""
2018,124805827,101219394,47,"C",20,,""
2018,124805748,101214695,14,"A",18,,""
2018,124805761,101221493,49,"C",20,,"N"
2018,124801254,101219338,51,"C",20,,""
2018,124797779,101219343,49,"C",4,,"F"
2018,124797783,101214729,5,"C",18,,""
2018,124797795,101219351,14,"C",18,,""
2018,124797796,101219351,21,"C",18,,""
2018,124805794,101221525,14,"C",14,,""
2018,124801290,101219375,46,"C",25,,""
2018,124797820,101221538,41,"C",46,,""
2018,124805727,101221472,49,"C",8,,"F"
2018,124797766,101221487,21,"C",20,,""
2018,124797769,101221496,14,"C",8,,""
2018,124801274,101214749,16,"C",24,,""
2018,124801279,101219362,16,"C",13,,""
2018,124801287,101214764,35,"C",20,,""
2018,124797817,101214764,16,"C",20,,""
2018,124510137,100959347,14,"A",20,,""
2018,124510136,100959346,45,"C",20,,""
2018,124510134,100959344,45,"C",20,,""
2018,124805736,101214685,36,"C",20,,""
2018,124797763,101219323,49,"C",20,,"F"
2018,124805756,101219330,44,"C",18,,""
2018,124797768,101221494,14,"C",20,,""
2018,124801256,101214722,5,"C",20,,""
2018,124805786,101214744,45,"C",8,,""
2018,124805790,101219356,45,"C",8,,""
2018,124805791,101214753,41,"C",8,,""
2018,124801296,101219379,44,"C",14,,""
2018,124805818,101221542,2,"C",25,,""
2018,124801309,101214777,41,"C",2,,""
2018,124797831,101221549,46,"C",20,,""
2018,124516182,100969142,28,"C",25,,""
2018,124797753,101214681,16,"A",46,,""
2018,124805733,101214683,16,"C",13,,""
2018,124805742,101221483,45,"C",8,,""
2018,124797759,101221483,37,"C",8,,""
2018,124805744,101214692,14,"A",20,,""
2018,124801227,101214697,41,"C",24,,""
2018,124805753,101219328,45,"C",8,,""
2018,124805766,101221501,49,"A",20,,"F"
2018,124805769,101214718,5,"C",13,,""
2018,124805774,101214727,45,"C",20,,""
2018,124797786,101214728,51,"C",20,,""
2018,124805777,101214732,5,"C",18,,""
2018,124797794,101214741,51,"C",20,,""
2018,124805783,101221513,41,"C",8,,""
2018,124797800,101219352,14,"A",14,,""
2018,124801278,101221522,49,"C",20,,"N"
2018,124805798,101221527,41,"A",12,,""
2018,124801293,101214766,46,"C",20,,""
2018,124801300,101214771,5,"C",18,,""
2018,124801298,101214770,5,"C",18,,""
2018,124801303,101221543,51,"C",20,,""
2018,124801304,101221544,44,"C",43,,""
2018,124801311,101221547,46,"C",2,,""
2018,124805824,101221550,51,"C",20,,""
2018,124797836,101214785,14,"C",20,,""
2018,124805731,101221475,49,"A",20,,"N"
2018,124805739,101221482,41,"C",8,,""
2018,124797761,101214693,14,"A",20,,""
2018,124805758,101214708,35,"C",18,,""
2018,124805759,101214708,16,"C",18,,""
2018,124801266,101214735,5,"C",20,,""
2018,124801284,101219363,51,"C",20,,""
2018,124805804,101219371,46,"C",20,,""
2018,124805809,101214765,14,"C",38,,""
2018,124801285,101214765,5,"C",38,,""
2018,124801294,101214767,49,"C",20,,"F"
2018,124797834,101214782,41,"C",2,,""
2018,124805834,101214788,49,"A",20,,"F"
2018,137664937,112639579,56,"C",20,,""
2018,124801219,101214682,51,"C",20,,""
2018,124801222,101219318,51,"C",20,,""
2018,124801261,101219347,45,"C",30,,""
2018,124805795,101221524,46,"C",20,,""
2018,124805797,101214756,45,"C",5,,""
2018,124805816,101219382,41,"C",8,,""
2018,124805825,101214780,45,"C",2,,""
2018,126347282,102565204,2,"C",24,,""
2018,126344302,102555753,45,"C",20,,""
2018,126340351,102565230,21,"C",20,,""
2018,126344348,102565257,41,"C",12,,""
2018,126344349,102565257,45,"C",12,,""
2018,126340391,102555798,51,"C",20,,""
2018,126347346,102565268,14,"C",20,,""
2018,126347362,102565286,2,"C",47,,""
2018,126340416,102565293,51,"C",20,,""
2018,124805741,101214689,45,"C",20,,""
2018,124797762,101221485,45,"A",4,,""
2018,124805751,101219326,51,"C",20,,""
2018,124801233,101214703,45,"C",8,,""
2018,124801243,101221492,45,"C",8,,""
2018,124805782,101214737,14,"C",20,,""
2018,124797811,101221529,45,"C",8,,""
2018,124805806,101221532,5,"C",14,,""
2018,124805813,101221536,14,"C",38,,""
2018,124797824,101219381,44,"C",22,,""
2018,124801307,101219389,7,"C",18,,""
2018,124805828,101219397,49,"C",20,,"F"
2018,124805831,101214783,49,"C",20,,"F"
2018,124801224,101214690,49,"C",20,,"F"
2018,124805752,101219329,14,"C",23,,""
2018,124805760,101219332,44,"C",5,,""
2018,124805767,101221499,51,"C",20,,""
2018,124805768,101221502,36,"C",20,,""
2018,124797789,101221509,46,"C",20,,""
2018,124797788,101221509,11,"C",30,,""
2018,124797797,101221517,27,"C",21,,""
2018,124797806,101219357,41,"C",12,,""
2018,124797814,101221531,14,"C",14,,""
2018,124801288,101221534,46,"C",25,,""
2018,124797827,101214776,51,"C",20,,""
2018,124797752,101221471,11,"C",24,,""
2018,124801253,101219337,2,"C",21,,""
2018,124805775,101214730,14,"C",14,,""
2018,124805780,101221511,35,"C",13,,""
2018,124805788,101219354,21,"C",20,,""
2018,124797815,101221533,46,"C",12,,""
2018,124801299,101221539,14,"C",20,,""
2018,124801310,101219390,49,"C",20,,"F"
2018,126347262,102555736,5,"C",20,,""
2018,126347264,102560835,46,"C",20,,""
2018,126344287,102560841,41,"C",7,,""
2018,126340312,102560856,45,"C",8,,""
2018,126344313,102560874,5,"C",20,,""
2018,126340329,102560874,51,"C",20,,""
2018,126347304,102555772,47,"C",20,,""
2018,126340355,102565236,5,"C",18,,""
2018,126340357,102565236,45,"C",18,,""
2018,126347321,102560900,47,"C",20,,""
2018,126344337,102560904,47,"C",14,,""
2018,126340381,102565256,45,"C",20,,""
2018,126344363,102565271,14,"C",20,,""
2018,126340397,102560936,14,"C",19,,""
2018,126344378,102560945,16,"C",18,,""
2018,124805740,101219316,23,"C",8,,""
2018,124801228,101219327,5,"C",10,,""
2018,124801248,101221498,46,"C",20,,""
2018,124797777,101219340,51,"C",20,,""
2018,124797798,101214745,45,"C",24,,""
2018,124797813,101219368,5,"C",25,,""
2018,124805819,101221546,14,"C",20,,""
2018,124805826,101214781,46,"C",20,,""
2018,124805734,101214684,14,"C",18,,""
2018,124797757,101214688,14,"C",8,,""
2018,124797764,101214694,5,"C",20,,""
2018,124801231,101214698,45,"C",8,,""
2018,124801241,101219333,45,"C",5,,""
2018,124801240,101219333,5,"C",5,,""
2018,124801244,101214707,5,"C",8,,""
2018,124801249,101214711,49,"C",20,,"N"
2018,124797780,101214724,44,"C",7,,""
2018,124805781,101219349,5,"C",20,,""
2018,124797791,101214738,21,"C",20,,""
2018,124797803,101221519,14,"A",20,,""
2018,124797807,101219358,47,"C",22,,""
2018,124797810,101221523,28,"C",13,,""
2018,124805802,101219365,35,"C",13,,""
2018,124805808,101214760,49,"A",20,,"F"
2018,124801292,101219378,45,"C",8,,""
2018,124797822,101219383,14,"C",20,,""
2018,124801308,101221545,45,"C",20,,""
2018,124797826,101214773,14,"C",20,,""
2018,124797825,101219387,16,"C",13,,""
2018,124797829,101214775,41,"C",2,,""
2018,124805821,101219391,14,"A",38,,""
2018,124801315,101219396,35,"C",13,,""
2018,124797837,101214786,41,"C",25,,""
2018,124797838,101219400,49,"C",20,,"F"
2018,137063241,112130122,47,"C",20,,""
2018,126848860,102990861,45,"C",24,,""
2018,126848878,102990887,23,"C",8,,""
2018,126839055,102990916,41,"C",8,,""
2018,126839108,102993955,49,"C",25,,"F"
2018,126848961,102993960,47,"C",20,,""
2018,126344283,102555738,44,"C",13,,""
2018,126344299,102560859,2,"C",20,,""
2018,126347289,102560862,14,"C",24,,""
2018,126340324,102565212,23,"C",8,,""
2018,126340331,102560873,47,"C",14,,""
2018,126340337,102555765,2,"C",20,,""
2018,126340354,102565240,49,"C",20,,"F"
2018,126344330,102560892,14,"C",18,,""
2018,126347318,102560897,49,"C",20,,"F"
2018,126344357,102560925,14,"C",20,,""
2018,137063199,112117954,14,"C",20,,""
2018,130266144,106056070,49,"C",46,,"F"
2018,130271153,106051100,45,"C",20,,""
2018,126347269,102560840,44,"C",13,,""
2018,126340335,102565221,28,"C",8,,""
2018,126340348,102555773,5,"C",20,,""
2018,126340365,102560894,2,"C",8,,""
2018,126340373,102555785,32,"C",18,,""
2018,126344359,102565269,14,"C",20,,""
2018,133844995,109229385,36,"C",25,,""
2018,130261516,106051435,41,"C",20,,""
2018,130261515,106051435,47,"C",20,,""
2018,130271140,106056072,46,"C",5,,""
2018,130271167,106056104,47,"C",20,,""
2018,126347279,102565203,47,"C",6,,""
2018,126344317,102565217,46,"C",20,,""
2018,126347316,102565243,35,"C",13,,""
2018,126344346,102565255,23,"C",8,,""
2018,126340383,102565259,37,"C",8,,""
2018,126344354,102555797,45,"C",12,,""
2018,126344367,102560933,16,"C",20,,""
2018,126340415,102565294,16,"C",13,,""
2018,126340414,102565294,35,"C",13,,""
2018,126347291,102560864,45,"C",18,,""
2018,126344311,102555759,21,"C",18,,""
2018,126340392,102565267,5,"C",20,,""
2018,126344372,102555806,14,"C",20,,""
2018,126344381,102565289,49,"C",20,,"F"
2018,126344385,102565295,7,"C",20,,""
2018,130266512,106046329,44,"C",20,,""
2018,126344309,102560868,45,"C",25,,""
2018,126344336,102560902,56,"C",20,,""
2018,126340382,102555789,14,"C",20,,""
2018,126347337,102565262,46,"C",47,,""
2018,126344355,102560923,16,"C",20,,""
2018,126344370,102565276,14,"C",18,,""
2018,126340400,102555808,23,"C",32,,""
2018,126347359,102555813,28,"C",13,,""
2018,118962858,96107272,16,"C",20,,""
2018,118962959,96107352,11,"C",2,,""
2018,118962965,96107358,14,"C",20,,""
2018,118962969,96107363,37,"C",24,,""
2018,118962985,96107375,16,"C",20,,""
2018,118963011,96107398,16,"C",8,,""
2018,118963050,96107435,36,"A",20,,""
2018,118963046,96107435,49,"C",20,,"N"
2018,118963088,96107470,16,"C",21,,""
2018,118962871,96107280,39,"C",13,,""
2018,118962867,96107280,16,"C",13,,""
2018,118962916,96107317,51,"C",20,,""
2018,118962977,96107369,11,"C",8,,""
2018,118962993,96107383,49,"A",20,,"F"
2018,118962929,96107431,45,"C",12,,""
2018,118963067,96107451,51,"C",20,,""
2018,118962866,96107275,44,"C",20,,""
2018,118962964,96107356,11,"C",2,,""
2018,118962983,96107374,16,"C",2,,""
2018,118963022,96107410,5,"C",4,,""
2018,118963031,96107418,7,"A",14,,""
2018,118963037,96107425,41,"C",20,,""
2018,118963039,96107425,18,"C",8,,""
2018,118963047,96107436,2,"C",2,,""
2018,118963068,96107455,16,"C",20,,""
2018,118962865,96107276,14,"C",20,,""
2018,118963094,96107479,16,"C",13,,""
2018,120785193,97684923,43,"C",25,,""
2018,120785201,97684935,45,"C",6,,""
2018,120785238,97684964,5,"C",20,,""
2018,120785258,97684989,44,"C",13,,""
2018,120785306,97685030,40,"C",2,,""
2018,120785387,97685097,46,"C",5,,""
2018,120785425,97685129,45,"C",20,,""
2018,120785426,97685136,5,"C",18,,""
2018,120785517,97685212,5,"C",20,,""
2018,120785531,97685225,16,"C",13,,""
2018,120785632,97685313,49,"C",20,,"F"
2018,120341976,97306851,27,"C",20,,""
2018,120341994,97306871,44,"C",25,,""
2018,120342025,97306898,45,"C",20,,""
2018,120342035,97306906,51,"C",20,,""
2018,120342079,97306953,14,"C",18,,""
2018,120342080,97306954,49,"C",20,,"N"
2018,120342099,97306970,45,"C",25,,""
2018,120342101,97306974,14,"C",5,,""
2018,120342116,97306989,46,"C",20,,""
2018,120342137,97307010,5,"C",20,,""
2018,120342152,97307024,5,"C",20,,""
2018,120342177,97307046,44,"C",43,,""
2018,120342182,97307056,45,"C",8,,""
2018,120342199,97307068,49,"C",4,,"N"
2018,119913211,96930302,2,"C",20,,""
2018,119913209,96930300,14,"C",14,,""
2018,120341984,97306858,47,"C",5,,""
2018,120341988,97306865,44,"C",20,,""
2018,120342015,97306890,5,"C",20,,""
2018,120342036,97306908,21,"C",20,,""
2018,120342059,97306932,14,"A",20,,""
2018,120342068,97306944,41,"C",25,,""
2018,118962873,96107281,16,"C",21,,""
2018,118962875,96107281,35,"C",21,,""
2018,120785198,97684929,14,"C",22,,""
2018,120785197,97684932,14,"C",22,,""
2018,120785233,97684959,5,"C",20,,""
2018,120785245,97684973,14,"A",20,,""
2018,120785269,97684997,41,"C",25,,""
2018,120785382,97685088,51,"C",20,,""
2018,120785448,97685151,14,"C",20,,""
2018,120785479,97685174,41,"C",2,,""
2018,120785481,97685179,45,"C",20,,""
2018,120785536,97685227,49,"C",5,,"F"
2018,120785584,97685269,49,"A",23,,"F"
2018,120785666,97685339,5,"C",20,,""
2018,126835130,102980866,2,"C",25,,""
2018,126830288,102987898,49,"C",20,,"F"
2018,126830317,102980909,47,"C",8,,""
2018,126825278,102987929,47,"C",20,,""
2018,126825289,102985078,45,"C",4,,""
2018,126830410,102981001,45,"C",23,,""
2018,126835283,102985164,41,"C",8,,""
2018,126835313,102988012,14,"C",18,,""
2018,126825487,102985236,7,"C",21,,""
2018,126835357,102985245,47,"C",8,,""
2018,118962919,96107323,14,"C",20,,""
2018,118963069,96107454,16,"C",20,,""
2018,118963090,96107472,2,"C",20,,""
2018,118962869,96107279,16,"C",13,,""
2018,118963072,96107457,45,"C",22,,""
2018,118963079,96107466,16,"C",13,,""
2018,118963081,96107466,35,"C",13,,""
2018,118962859,96107270,5,"C",21,,""
2018,118962881,96107287,16,"C",18,,""
2018,118962914,96107318,49,"C",5,,"N"
2018,118962922,96107326,41,"C",8,,""
2018,118962955,96107350,40,"C",8,,""
2018,118962994,96107382,51,"C",20,,""
2018,118963021,96107409,14,"C",25,,""
2018,118963032,96107419,11,"C",2,,""
2018,118963043,96107427,5,"C",20,,""
2018,130271154,106051102,37,"C",8,,""
2018,130266557,106046394,2,"C",20,,""
2018,120342077,97306950,51,"C",20,,""
2018,120342104,97306977,51,"C",14,,""
2018,120342148,97307021,14,"C",20,,""
2018,120342164,97307036,45,"C",20,,""
2018,120342173,97307044,51,"C",20,,""
2018,120341974,97306854,14,"C",13,,""
2018,120341995,97306872,28,"C",8,,""
2018,120342013,97306888,51,"C",20,,""
2018,120342010,97306888,5,"C",20,,""
2018,120342087,97306962,16,"C",14,,""
2018,120342105,97306978,45,"C",8,,""
2018,120342124,97306997,14,"C",24,,""
2018,120342128,97307002,14,"C",20,,""
2018,120342155,97307028,47,"C",14,,""
2018,120342176,97307045,51,"C",20,,""
2018,120342111,97306984,41,"C",24,,""
2018,120342183,97307053,5,"C",18,,""
2018,120341989,97306863,51,"C",20,,""
2018,120342005,97306880,14,"C",18,,""
2018,120342045,97306918,44,"C",21,,""
2018,120342115,97306988,51,"C",20,,""
2018,120342147,97307020,47,"C",20,,""
2018,120785237,97684965,14,"C",22,,""
2018,120785409,97685116,45,"C",20,,""
2018,120785473,97685176,51,"C",20,,""
2018,120785529,97685223,49,"C",20,,"N"
2018,120785585,97685273,13,"C",8,,""
2018,120785603,97685298,49,"C",20,,"F"
2018,120342119,97306992,51,"C",20,,""
2018,120342126,97306999,45,"C",20,,""
2018,120342135,97307008,14,"C",18,,""
2018,120342185,97307054,51,"C",20,,""
2018,120785231,97684957,16,"C",13,,""
2018,120785311,97685031,51,"C",20,,""
2018,120785322,97685038,44,"C",20,,""
2018,120785366,97685087,51,"C",20,,""
2018,120785407,97685112,14,"C",20,,""
2018,120785427,97685132,51,"C",8,,""
2018,120785537,97685232,51,"C",21,,""
2018,124516181,100969141,51,"C",20,,""
2018,120341987,97306862,14,"C",20,,""
2018,120342058,97306935,2,"C",21,,""
2018,120342066,97306939,5,"C",25,,""
2018,120342100,97306971,14,"C",20,,""
2018,120342142,97307015,41,"C",8,,""
2018,120342156,97307027,51,"C",20,,""
2018,120342186,97307055,44,"C",24,,""
2018,120342196,97307063,14,"A",20,,""
2018,120342204,97307072,14,"C",24,,""
2018,120342063,97306938,14,"C",20,,""
2018,120342083,97306958,44,"C",20,,""
2018,120342140,97307017,49,"C",20,,"F"
2018,120342162,97307033,45,"C",25,,""
2018,120342192,97307061,11,"C",24,,""
2018,120341977,97306852,45,"C",20,,""
2018,120342008,97306883,7,"C",8,,""
2018,120342022,97306896,47,"C",21,,""
2018,120342040,97306914,11,"C",20,,""
2018,126830387,102987967,23,"C",8,,""
2018,126835273,102987986,51,"C",20,,""
2018,126830440,102981029,45,"C",25,,""
2018,126825467,102985215,27,"C",20,,""
2018,126835329,102991072,41,"C",25,,""
2018,126825496,102985242,47,"C",20,,""
2018,118240740,95483214,35,"C",12,,""
2018,118240739,95483216,16,"C",13,,""
2018,118240770,95483241,35,"C",13,,""
2018,118240769,95483241,16,"C",13,,""
2018,118240775,95483246,16,"C",20,,""
2018,118240790,95483258,35,"C",13,,""
2018,118240799,95483268,35,"C",13,,""
2018,118240817,95483282,14,"C",20,,""
2018,118240820,95483288,7,"C",20,,""
2018,118240832,95483307,16,"C",13,,""
2018,118240844,95483309,5,"C",20,,""
2018,118240865,95483326,51,"C",3,,""
2018,118240875,95483340,16,"C",13,,""
2018,118240876,95483340,44,"C",13,,""
2018,118240902,95483364,23,"C",8,,""
2018,118240929,95483391,5,"C",20,,""
2018,118240947,95483407,21,"C",20,,""
2018,118240956,95483415,27,"C",15,,""
2018,118240966,95483424,5,"C",20,,""
2018,118240982,95483441,49,"C",20,,"N"
2018,118240998,95483453,14,"C",20,,""
2018,118241022,95483471,2,"C",20,,""
2018,130261145,106051071,49,"C",20,,"N"
2018,130266208,106051158,41,"C",2,,""
2018,130266514,106051398,45,"C",13,,""
2018,130266544,106046377,37,"C",8,,""
2018,130261537,106056323,46,"C",25,,""
2018,130266571,106051447,46,"C",20,,""
2018,130271401,106051456,2,"C",2,,""
2018,130261559,106046423,46,"C",20,,""
2018,118240757,95483229,44,"C",21,,""
2018,118240777,95483248,35,"C",21,,""
2018,118240858,95483323,5,"C",22,,""
2018,118240925,95483384,49,"C",20,,"F"
2018,118240973,95483431,21,"C",25,,""
2018,118240815,95483280,45,"C",5,,""
2018,118240824,95483290,51,"C",20,,""
2018,118240863,95483328,11,"C",2,,""
2018,118240869,95483331,51,"C",20,,""
2018,118240877,95483338,51,"C",20,,""
2018,118240901,95483359,44,"C",20,,""
2018,118240918,95483381,16,"C",7,,""
2018,118240948,95483404,44,"C",13,,""
2018,126830322,102980912,23,"C",8,,""
2018,126825340,102985109,5,"C",20,,""
2018,126830386,102987965,7,"C",18,,""
2018,126835251,102980985,51,"C",20,,""
2018,126825386,102987980,14,"C",20,,""
2018,126825417,102985171,44,"C",21,,""
2018,126835359,102988060,49,"C",20,,"F"
2018,126825523,102988068,14,"C",21,,""
2018,126347261,102560831,49,"C",20,,"F"
2018,126344282,102560834,47,"C",8,,""
2018,126340318,102565209,49,"C",20,,"F"
2018,126344312,102555760,7,"C",25,,""
2018,126340336,102560879,49,"C",20,,"F"
2018,126340340,102565225,5,"C",8,,""
2018,126340341,102565225,23,"C",8,,""
2018,126344334,102560898,23,"C",43,,""
2018,126344341,102555784,47,"C",20,,""
2018,126344345,102560912,27,"C",20,,""
2018,126347340,102555799,14,"C",20,,""
2018,137075282,112117968,37,"C",24,,""
2018,137075301,112130031,47,"C",20,,""
2018,126843856,102993858,23,"C",8,,""
2018,126843893,102993885,40,"C",43,,""
2018,126839007,102990871,21,"C",20,,""
2018,126839013,102990879,44,"C",25,,""
2018,126839043,102993910,44,"C",20,,""
2018,126848933,102993944,51,"C",14,,""
2018,126843971,102990959,45,"C",20,,""
2018,126830319,102985063,45,"C",8,,""
2018,126830388,102987970,16,"C",18,,""
2018,126835274,102985145,45,"C",13,,""
2018,126835326,102988020,51,"C",20,,""
2018,126830479,102988031,49,"C",20,,"F"
2018,126825396,102985157,23,"C",8,,""
2018,126825464,102985213,44,"C",11,,""
2018,126835330,102988030,45,"C",6,,""
2018,126843897,102990870,27,"C",20,,""
2018,126843908,102993900,14,"C",12,,""
2018,126843917,102998121,51,"C",43,,""
2018,126839042,102990907,49,"C",25,,"N"
2018,126848953,102998169,51,"C",20,,""
2018,126843988,102993990,23,"C",8,,""
2018,133841076,109235093,46,"C",25,,""
2018,130261174,106056084,49,"C",20,,"N"
2018,130261223,106051135,2,"C",29,,""
2018,130261150,106056071,14,"C",18,,""
2018,130271155,106051103,2,"C",25,,""
2018,130266171,106051113,14,"C",20,,""
2018,126843878,102998070,51,"C",21,,""
2018,126839040,102990905,14,"C",20,,""
2018,126839115,102993963,23,"C",8,,""
2018,126839123,102990954,51,"C",20,,""
2018,126843974,102990961,23,"C",8,,""
2018,126844015,102998211,45,"C",21,,""
2018,126839174,102998211,41,"C",8,,""
2018,126347251,102565195,45,"C",43,,""
2018,126347254,102560828,28,"C",13,,""
2018,126344277,102560828,7,"C",20,,""
2018,126344284,102560836,14,"C",13,,""
2018,126340315,102560858,16,"C",8,,""
2018,126347293,102555756,45,"C",25,,""
2018,126347308,102560884,14,"C",18,,""
2018,126347319,102565246,23,"C",8,,""
2018,126344338,102560906,5,"C",20,,""
2018,126344361,102560931,14,"C",8,,""
2018,126347349,102560934,44,"C",20,,""
2018,126347354,102560942,35,"C",13,,""
2018,130266212,106051162,46,"C",24,,""
2018,126843907,102990882,49,"C",20,,"F"
2018,126843914,102990897,44,"C",20,,""
2018,126843929,102998132,47,"C",20,,""
2018,126843930,102998132,51,"C",20,,""
2018,126848947,102990935,14,"C",20,,""
2018,126848986,102990975,47,"C",8,,""
2018,126839157,102990978,23,"C",43,,""
2018,130271141,106056073,45,"C",8,,""
2018,130261157,106056075,21,"C",18,,""
2018,126344278,102555732,2,"C",32,,""
2018,126344286,102560839,14,"C",25,,""
2018,126347268,102565198,14,"C",14,,""
2018,126344310,102555757,49,"C",6,,"F"
2018,126344318,102560878,45,"C",13,,""
2018,126347315,102565244,46,"C",20,,""
2018,126340363,102565244,47,"C",20,,""
2018,126344368,102565274,23,"C",8,,""
2018,126344374,102555809,14,"C",20,,""
2018,126340408,102560947,21,"C",20,,""
2018,130271355,106056282,45,"C",20,,""
2018,130266548,106051434,21,"C",30,,""
2018,130266173,106046094,46,"C",24,,""
2018,130261211,106056102,41,"C",20,,""
2018,130266218,106051168,14,"C",20,,""
2018,130261265,106051168,7,"C",20,,""
2018,130266142,106046074,47,"C",5,,""
2018,130266146,106051080,45,"C",25,,""
2018,130266164,106051104,41,"C",25,,""
2018,130261197,106046097,51,"C",20,,""
2018,130271164,106051121,2,"C",20,,""
2018,130261233,106051142,45,"C",8,,""
2018,130261151,106046073,45,"C",14,,""
2018,130271138,106056067,51,"C",20,,""
2018,130261165,106046083,41,"C",12,,""
2018,130271148,106051091,45,"C",43,,""
2018,130266161,106051097,49,"C",21,,"F"
2018,130261266,106056123,49,"C",20,,"N"
2018,130271379,106056313,44,"C",3,,""
2018,130261215,106051129,47,"C",8,,""
2018,130271177,106051150,37,"C",21,,""
2018,130266543,106056298,47,"C",20,,""
2018,126838983,102998085,11,"C",22,,""
2018,126838993,102993884,47,"C",20,,""
2018,126848881,102998109,5,"C",13,,""
2018,126843911,102993902,49,"C",20,,"F"
2018,126848907,102998128,14,"C",20,,""
2018,126848948,102998160,47,"C",20,,""
2018,126839116,102993962,51,"C",20,,""
2018,126849000,102994007,51,"C",24,,""
2018,130261167,106051090,21,"C",30,,""
2018,130261181,106056086,7,"C",25,,""
2018,130271143,106051078,35,"C",13,,""
2018,130261155,106051078,16,"C",13,,""
2018,130266156,106051089,37,"C",43,,""
2018,130261193,106056097,46,"C",20,,""
2018,130261470,106056270,2,"C",20,,""
2018,126347259,102560830,4,"C",22,,""
2018,126347272,102555743,49,"A",20,,"F"
2018,126340332,102560875,27,"C",20,,""
2018,126347302,102565223,16,"C",43,,""
2018,126347306,102560883,51,"C",20,,""
2018,126344333,102555780,49,"C",20,,"N"
2018,126347330,102560916,45,"C",20,,""
2018,126347333,102560917,51,"C",20,,""
2018,126340389,102560922,23,"C",8,,""
2018,126347343,102560926,16,"C",13,,""
2018,126340395,102565275,14,"C",18,,""
2018,130261156,106051077,36,"C",20,,""
2018,130266150,106046079,45,"C",12,,""
2018,130261514,106056304,37,"C",7,,""
2018,126839001,102990865,51,"C",20,,""
2018,126848951,102998167,23,"C",8,,""
2018,126848973,102998186,41,"C",8,,""
2018,126843888,102993877,41,"C",23,,""
2018,126848917,102990922,44,"C",36,,""
2018,126843955,102990938,47,"C",20,,""
2018,126843973,102998180,23,"C",8,,""
2018,126843981,102993988,14,"C",18,,""
2018,126848984,102998196,51,"C",20,,""
2018,126844003,102994003,47,"C",21,,""
2018,126848859,102998081,45,"C",24,,""
2018,126848861,102998094,23,"C",8,,""
2018,126848923,102990928,44,"C",8,,""
2018,126839107,102993954,23,"C",8,,""
2018,126843964,102998171,44,"C",8,,""
2018,126839113,102998174,37,"C",8,,""
2018,126843995,102993994,16,"C",13,,""
2018,126848839,102993867,2,"C",24,,""
2018,126848862,102993887,37,"C",8,,""
2018,126843904,102990880,45,"C",20,,""
2018,126839018,102998112,46,"C",20,,""
2018,126843913,102998119,13,"C",8,,""
2018,126839038,102998124,37,"C",8,,""
2018,126848960,102993959,5,"C",20,,""
2018,126344280,102560832,14,"C",18,,""
2018,126347277,102560851,41,"C",8,,""
2018,126340309,102560851,45,"C",20,,""
2018,126347278,102560851,46,"C",25,,""
2018,126340326,102560870,44,"C",21,,""
2018,126344326,102565234,49,"C",20,,"N"
2018,126340367,102560901,51,"C",20,,""
2018,126347325,102565249,51,"C",20,,""
2018,126347338,102560920,2,"C",25,,""
2018,126830399,102985126,37,"C",8,,""
2018,126825263,102985059,7,"C",18,,""
2018,126830331,102980919,46,"C",20,,""
2018,126830346,102985084,46,"C",25,,""
2018,126830352,102987942,51,"C",20,,""
2018,126825380,102980995,47,"C",14,,""
2018,126835279,102987994,5,"C",20,,""
2018,126825401,102981014,45,"C",14,,""
2018,126825456,102981061,49,"C",20,,"N"
2018,126825501,102988056,47,"C",20,,""
2018,126830323,102980914,11,"C",2,,""
2018,126825393,102987989,45,"C",21,,""
2018,126830419,102987989,41,"C",21,,""
2018,126825423,102985174,28,"C",13,,""
2018,126835324,102985204,44,"C",20,,""
2018,126830480,102985218,41,"C",20,,""
2018,126825497,102991086,51,"C",20,,""
2018,126848817,102998072,41,"C",20,,""
2018,126838990,102993882,45,"C",25,,""
2018,126839034,102998118,23,"C",8,,""
2018,126839044,102990908,23,"C",8,,""
2018,126839106,102990943,40,"C",18,,""
2018,126848829,102993862,23,"C",32,,""
2018,126843881,102993869,5,"C",20,,""
2018,126848858,102998080,51,"C",20,,""
2018,126838998,102990863,46,"C",25,,""
2018,126848935,102998153,47,"C",5,,""
2018,126843963,102990948,14,"C",12,,""
2018,126843962,102990948,41,"C",7,,""
2018,126848963,102993964,45,"C",14,,""
2018,126848971,102998179,14,"C",20,,""
2018,126843996,102993997,7,"C",20,,""
2018,126849006,102998213,14,"C",13,,""
2018,126848934,102998154,5,"C",20,,""
2018,126848857,102993876,5,"C",20,,""
2018,126839031,102998115,7,"C",4,,""
2018,126839045,102993916,51,"C",20,,""
2018,126839063,102990920,46,"C",25,,""
2018,126843948,102993941,5,"C",20,,""
2018,126843982,102993985,47,"C",20,,""
2018,126839148,102998194,23,"C",8,,""
2018,126848818,102990843,47,"C",20,,""
2018,126848848,102998073,46,"C",2,,""
2018,126838994,102998092,51,"C",20,,""
2018,126848886,102990888,21,"C",20,,""
2018,126843927,102993921,44,"C",20,,""
2018,126839084,102993942,21,"C",20,,""
2018,126843959,102998170,47,"C",20,,""
2018,126839154,102990979,45,"C",21,,""
2018,126849002,102998207,47,"C",24,,""
2018,126838972,102998077,46,"C",8,,""
2018,126838971,102998077,28,"C",8,,""
2018,126843877,102998077,2,"C",24,,""
2018,126838981,102998084,45,"C",25,,""
2018,126838984,102998087,45,"C",21,,""
2018,126848863,102998095,7,"C",20,,""
2018,126848880,102998106,7,"C",20,,""
2018,126839014,102990886,14,"C",20,,""
2018,126843924,102990912,46,"C",2,,""
2018,126839048,102993925,23,"C",24,,""
2018,126848956,102990947,44,"C",8,,""
2018,126839111,102990947,5,"C",8,,""
2018,126839152,102998198,23,"C",8,,""
2018,120342060,97306933,44,"C",20,,""
2018,120342071,97306943,2,"C",8,,""
2018,120342108,97306981,45,"C",3,,""
2018,120342141,97307012,49,"C",20,,"N"
2018,120341990,97306864,14,"A",18,,""
2018,120342023,97306900,11,"C",8,,""
2018,120342191,97307062,51,"C",20,,""
2018,120785196,97684927,51,"C",25,,""
2018,120785225,97684958,44,"C",18,,""
2018,120785229,97684958,45,"C",18,,""
2018,120785270,97684994,44,"C",20,,""
2018,120785363,97685076,14,"C",14,,""
2018,120785424,97685131,45,"C",2,,""
2018,120785449,97685159,49,"C",20,,"N"
2018,120785553,97685240,51,"C",20,,""
2018,120785602,97685284,5,"C",20,,""
2018,120341981,97306866,14,"C",20,,""
2018,120341999,97306876,7,"C",18,,""
2018,120342019,97306891,14,"C",20,,""
2018,120342054,97306927,46,"C",24,,""
2018,120342103,97306976,46,"A",25,,""
2018,120342113,97306987,51,"C",20,,""
2018,120342144,97307018,2,"C",20,,""
2018,120342188,97307057,44,"C",20,,""
2018,120785224,97684951,44,"C",8,,""
2018,120785286,97685006,51,"C",18,,""
2018,120785346,97685057,51,"C",20,,""
2018,120785368,97685081,49,"C",20,,"F"
2018,126825216,102985020,44,"C",20,,""
2018,126835162,102980894,47,"C",20,,""
2018,126835184,102987920,51,"C",20,,""
2018,126825293,102987938,45,"C",21,,""
2018,126830345,102987939,49,"C",20,,"F"
2018,126835257,102987979,27,"C",20,,""
2018,126835265,102985140,14,"C",20,,""
2018,126825426,102981034,16,"C",18,,""
2018,126835353,102991087,14,"C",20,,""
2018,120342006,97306882,44,"C",21,,""
2018,120342021,97306897,2,"C",20,,""
2018,120342075,97306951,46,"C",20,,""
2018,120342085,97306959,41,"C",13,,""
2018,120342096,97306969,49,"C",20,,"F"
2018,120342112,97306985,45,"C",25,,""
2018,120342134,97307007,2,"C",20,,""
2018,120342198,97307064,37,"C",8,,""
2018,120785228,97684955,5,"C",20,,""
2018,120785275,97684998,41,"C",8,,""
2018,120785299,97685018,51,"C",13,,""
2018,120785356,97685070,28,"C",13,,""
2018,120785420,97685123,5,"C",20,,""
2018,120785518,97685210,51,"C",21,,""
2018,120785573,97685259,14,"C",14,,""
2018,120785637,97685319,51,"C",20,,""
2018,120785673,97685348,14,"C",20,,""
2018,120785677,97685353,49,"C",20,,"F"
2018,126344274,102565191,51,"C",8,,""
2018,126340304,102565199,23,"C",8,,""
2018,126347276,102560846,51,"C",13,,""
2018,126340321,102565208,41,"C",8,,""
2018,126340323,102565211,45,"C",20,,""
2018,126347313,102565238,46,"C",25,,""
2018,126340371,102555782,5,"C",43,,""
2018,126347339,102565263,14,"C",20,,""
2018,126340393,102555804,23,"C",43,,""
2018,126344369,102555805,14,"C",18,,""
2018,126347361,102555815,44,"C",13,,""
2018,133841037,109225172,14,"C",18,,""
2018,133850601,109235050,51,"C",20,,""
2018,133841072,109225207,41,"C",19,,""
2018,130271142,106046075,16,"C",25,,""
2018,126347249,102565192,23,"C",8,,""
2018,126347253,102555730,11,"C",21,,""
2018,126347286,102565205,5,"C",20,,""
2018,126347297,102565218,46,"C",47,,""
2018,126340343,102565224,51,"C",20,,""
2018,126340362,102565242,45,"C",22,,""
2018,126340364,102560895,47,"C",20,,""
2018,126340369,102560903,23,"C",8,,""
2018,126340372,102565250,51,"C",20,,""
2018,126347351,102565277,14,"C",20,,""
2018,130271332,106056265,5,"C",20,,""
2018,130266568,106056331,46,"C",8,,""
2018,136132409,111310709,14,"C",21,,""
2018,136132413,111318240,44,"C",20,,""
2018,133850657,109229470,37,"C",2,,""
2018,130261555,106056339,47,"C",21,,""
2018,138221699,113144399,45,"C",30,,""
2018,140148597,115242331,37,"C",46,,""
2018,140148605,115237273,36,"C",20,,""
2018,137659180,112643858,28,"C",15,,""
2018,137664930,112643858,2,"C",21,,""
2018,140148601,115242334,41,"C",20,,""
2018,138214626,113144401,27,"C",13,,""
2018,130261144,106051067,56,"C",20,,""
2018,130261179,106046089,45,"C",21,,""
2018,118240718,95483193,14,"C",20,,""
2018,118240726,95483203,51,"C",25,,""
2018,118240727,95483204,21,"C",14,,""
2018,118240778,95483255,16,"C",13,,""
2018,118240780,95483255,35,"C",13,,""
2018,118240788,95483260,5,"C",20,,""
2018,118240793,95483262,14,"C",13,,""
2018,118240803,95483270,5,"C",20,,""
2018,118240807,95483274,39,"C",5,,""
2018,118240818,95483285,14,"C",14,,""
2018,118240814,95483284,14,"C",14,,""
2018,118240825,95483292,41,"C",25,,""
2018,118240833,95483300,41,"C",20,,""
2018,118240835,95483301,49,"C",46,,"N"
2018,118240846,95483312,14,"C",18,,""
2018,118240852,95483317,49,"C",20,,"N"
2018,118240866,95483329,44,"C",25,,""
2018,118240882,95483345,11,"C",2,,""
2018,118240891,95483353,51,"C",7,,""
2018,118240886,95483348,51,"C",20,,""
2018,118240906,95483367,28,"C",13,,""
2018,118240911,95483372,49,"C",17,,"F"
2018,118240917,95483379,41,"C",7,,""
2018,118240916,95483380,14,"C",24,,""
2018,118240919,95483388,49,"C",20,,"F"
2018,118240931,95483393,43,"C",8,,""
2018,118240946,95483405,44,"C",25,,""
2018,118240949,95483409,14,"C",25,,""
2018,118240958,95483417,14,"C",25,,""
2018,118240963,95483423,5,"C",13,,""
2018,118240972,95483430,47,"C",25,,""
2018,118240970,95483430,49,"C",25,,"F"
2018,118240974,95483432,51,"C",20,,""
2018,118240976,95483434,51,"C",20,,""
2018,118241013,95483463,44,"C",2,,""
2018,120785252,97684977,21,"C",18,,""
2018,120785254,97684979,23,"C",8,,""
2018,120785357,97685084,45,"C",25,,""
2018,120785410,97685118,14,"C",20,,""
2018,120785408,97685118,41,"C",8,,""
2018,120785474,97685171,14,"C",25,,""
2018,120785483,97685185,28,"C",8,,""
2018,120785513,97685206,11,"C",12,,""
2018,120785519,97685213,51,"C",20,,""
2018,120785559,97685257,40,"C",20,,""
2018,120785645,97685322,45,"C",21,,""
2018,120785675,97685345,62,"C",18,,""
2018,120785672,97685347,2,"C",14,,""
2018,126344296,102565202,49,"C",20,,"N"
2018,126347292,102565210,23,"C",8,,""
2018,126344321,102555771,45,"C",8,,""
2018,126340350,102560882,23,"C",24,,""
2018,126340366,102560896,14,"C",20,,""
2018,126347320,102560899,51,"C",20,,""
2018,118240725,95483202,51,"C",21,,""
2018,118240771,95483242,44,"C",23,,""
2018,118240842,95483308,51,"C",20,,""
2018,118240867,95483332,51,"C",24,,""
2018,118240889,95483352,16,"C",19,,""
2018,118240914,95483378,49,"C",20,,"N"
2018,118240938,95483399,35,"C",20,,""
2018,118240937,95483399,16,"C",20,,""
2018,118240965,95483429,14,"C",25,,""
2018,118241010,95483461,5,"C",25,,""
2018,126830481,102985223,47,"C",8,,""
2018,126835355,102985243,21,"C",20,,""
2018,126825499,102985243,41,"C",20,,""
2018,118240773,95483243,14,"C",20,,""
2018,118240816,95483283,21,"C",5,,""
2018,118240859,95483324,41,"C",12,,""
2018,118240873,95483337,5,"C",20,,""
2018,118240885,95483347,44,"C",22,,""
2018,118240909,95483369,49,"C",25,,"F"
2018,126344276,102560826,51,"C",20,,""
2018,126347267,102560838,45,"C",8,,""
2018,126347274,102560843,23,"C",24,,""
2018,126344293,102565201,44,"C",20,,""
2018,126344316,102560877,2,"C",25,,""
2018,126344332,102565245,23,"C",8,,""
2018,126347331,102565258,49,"C",20,,"N"
2018,126347335,102565261,7,"C",5,,""
2018,126344373,102555807,14,"C",20,,""
2018,126347356,102565284,47,"C",20,,""
2018,120785212,97684967,14,"C",21,,""
2018,120785310,97685029,5,"C",18,,""
2018,120785312,97685032,16,"C",13,,""
2018,120785319,97685040,49,"A",20,,"F"
2018,120785361,97685072,11,"C",2,,""
2018,120785406,97685114,49,"C",20,,"F"
2018,120785442,97685148,14,"C",14,,""
2018,120785480,97685187,14,"C",18,,""
2018,120785510,97685202,45,"C",12,,""
2018,120785524,97685221,49,"C",20,,"F"
2018,120785629,97685311,44,"C",43,,""
2018,120785644,97685321,7,"C",18,,""
2018,120785682,97685356,46,"A",20,,""
2018,118240730,95483206,51,"C",20,,""
2018,118240732,95483208,49,"C",20,,"F"
2018,118240742,95483217,46,"C",20,,""
2018,118240754,95483226,51,"C",20,,""
2018,118240760,95483235,16,"C",13,,""
2018,118240762,95483236,16,"C",13,,""
2018,118240764,95483236,35,"C",13,,""
2018,118240776,95483247,51,"C",20,,""
2018,118240787,95483256,14,"C",20,,""
2018,118240797,95483265,44,"C",25,,""
2018,118240801,95483269,44,"C",13,,""
2018,118240804,95483273,35,"C",8,,""
2018,118240802,95483273,16,"C",8,,""
2018,118240812,95483279,16,"C",5,,""
2018,118240819,95483286,14,"C",14,,""
2018,118240823,95483291,40,"C",8,,""
2018,118240836,95483306,16,"C",13,,""
2018,118240845,95483311,45,"C",14,,""
2018,118240853,95483318,35,"C",13,,""
2018,118240851,95483318,16,"C",13,,""
2018,118240855,95483320,21,"C",20,,""
2018,118240861,95483330,2,"C",2,,""
2018,118240860,95483330,11,"C",2,,""
2018,118240871,95483333,51,"C",13,,""
2018,118240874,95483339,5,"C",20,,""
2018,118240895,95483354,51,"C",20,,""
2018,118240910,95483371,49,"C",24,,"F"
2018,118240915,95483377,51,"C",20,,""
2018,118240920,95483386,49,"C",20,,"F"
2018,118240935,95483398,39,"C",20,,""
2018,118240936,95483397,41,"A",25,,""
2018,118240934,95483397,11,"C",25,,""
2018,118240941,95483401,51,"C",20,,""
2018,118240939,95483402,16,"C",13,,""
2018,118240945,95483408,16,"C",13,,""
2018,118240952,95483411,11,"C",21,,""
2018,118240951,95483412,16,"C",13,,""
2018,118240955,95483414,14,"C",25,,""
2018,118240969,95483428,28,"C",14,,""
2018,118240975,95483433,51,"C",20,,""
2018,118240977,95483435,51,"C",13,,""
2018,118240983,95483440,41,"C",8,,""
2018,118241017,95483467,51,"C",20,,""
2018,126835138,102985015,45,"C",20,,""
2018,126835280,102981008,14,"C",20,,""
2018,126835309,102981043,45,"C",8,,""
2018,126835340,102985228,7,"C",18,,""
2018,138214628,113144402,14,"C",20,,""
2018,138221697,113144395,46,"C",24,,""
2018,140152694,115237277,47,"C",25,,""
2018,138216166,113131616,2,"C",20,,""
2018,138221698,113131614,46,"C",20,,""
2018,118962904,96107308,16,"C",10,,""
2018,118962913,96107316,46,"C",20,,""
2018,118962928,96107330,16,"C",24,,""
2018,118962930,96107330,35,"C",24,,""
2018,118963036,96107420,21,"C",8,,""
2018,118962933,96107438,35,"C",18,,""
2018,118963049,96107438,16,"C",18,,""
2018,118963059,96107444,47,"C",20,,""
2018,130271151,106051099,5,"C",13,,""
2018,130261210,106051126,45,"C",20,,""
2018,130261236,106046128,2,"C",20,,""
2018,126340308,102560850,41,"C",20,,""
2018,126340307,102560850,45,"C",20,,""
2018,126340345,102560880,28,"C",25,,""
2018,126344322,102565231,49,"A",20,,"N"
2018,126340361,102565241,16,"C",8,,""
2018,126340388,102560921,14,"C",20,,""
2018,126347347,102560929,14,"C",20,,""
2018,126344382,102565290,23,"C",8,,""
2018,118962899,96107304,14,"C",25,,""
2018,118962910,96107312,21,"C",20,,""
2018,118962923,96107327,2,"C",20,,""
2018,118962937,96107335,28,"C",23,,""
2018,118962939,96107339,16,"C",23,,""
2018,118962940,96107339,35,"C",23,,""
2018,118962942,96107339,39,"C",23,,""
2018,118962963,96107355,14,"C",20,,""
2018,118962988,96107378,5,"C",20,,""
2018,118962986,96107378,51,"C",20,,""
2018,118962997,96107384,5,"C",24,,""
2018,118962995,96107385,14,"C",8,,""
2018,118963012,96107400,14,"C",21,,""
2018,118963013,96107399,14,"C",20,,""
2018,118963023,96107411,44,"C",20,,""
2018,118963029,96107416,7,"A",14,,""
2018,118963033,96107422,16,"C",14,,""
2018,118963034,96107422,35,"C",14,,""
2018,118962894,96107300,28,"C",14,,""
2018,118962936,96107334,23,"C",24,,""
2018,118962943,96107338,51,"C",20,,""
2018,118962948,96107344,16,"C",8,,""
2018,118962949,96107344,35,"C",8,,""
2018,118962987,96107377,16,"C",20,,""
2018,118963044,96107428,5,"C",20,,""
2018,118963086,96107473,14,"C",24,,""
2018,118962968,96107360,14,"C",20,,""
2018,118962991,96107381,16,"C",15,,""
2018,118963018,96107406,21,"C",20,,""
2018,118963025,96107415,16,"C",46,,""
2018,118963026,96107415,35,"C",46,,""
2018,118962927,96107430,2,"C",20,,""
2018,118963055,96107442,16,"C",8,,""
2018,118963082,96107464,56,"C",20,,""
2018,118963095,96107477,47,"C",20,,""
2018,118962909,96107311,44,"C",20,,""
2018,118963064,96107450,41,"C",25,,""
2018,118963078,96107462,5,"C",21,,""
2018,118963091,96107475,16,"C",13,,""
2018,137664931,112643859,5,"C",20,,""
2018,119913210,96930301,21,"C",14,,""
2018,119913208,96930301,45,"C",14,,""
2018,118240765,95483234,2,"C",2,,""
2018,118240798,95483266,5,"C",20,,""
2018,118240854,95483319,16,"C",21,,""
2018,118240879,95483341,44,"C",13,,""
2018,118240899,95483360,5,"C",20,,""
2018,118240794,95483374,14,"C",25,,""
2018,118240930,95483394,49,"C",20,,"F"
2018,118240980,95483438,45,"C",20,,""
2018,118240993,95483450,49,"C",20,,"N"
2018,118962884,96107288,41,"C",12,,""
2018,118962925,96107325,35,"C",12,,""
2018,118962944,96107340,14,"C",20,,""
2018,118962973,96107364,51,"C",20,,""
2018,118962989,96107376,14,"C",20,,""
2018,118963006,96107397,14,"C",20,,""
2018,118963010,96107403,29,"C",14,,""
2018,118963009,96107403,40,"C",14,,""
2018,118963024,96107413,16,"C",23,,""
2018,120785288,97685011,45,"C",29,,""
2018,120785293,97685013,44,"C",20,,""
2018,120785301,97685021,46,"C",20,,""
2018,120785320,97685039,5,"C",8,,""
2018,119913202,96930295,14,"C",14,,""
2018,118962911,96107314,16,"C",25,,""
2018,118963071,96107456,5,"C",20,,""
2018,118963085,96107469,41,"C",8,,""
2018,118962898,96107301,44,"C",10,,""
2018,118962935,96107333,5,"C",20,,""
2018,118962938,96107336,41,"C",21,,""
2018,118962946,96107342,44,"C",46,,""
2018,118962970,96107362,51,"C",22,,""
2018,118962999,96107389,49,"C",20,,"N"
2018,118963019,96107407,16,"C",13,,""
2018,118963074,96107458,51,"C",20,,""
2018,118962862,96107274,23,"C",12,,""
2018,118962901,96107305,16,"C",25,,""
2018,118962924,96107329,16,"C",20,,""
2018,118962941,96107337,16,"C",13,,""
2018,118962960,96107354,16,"C",14,,""
2018,118962961,96107354,35,"C",14,,""
2018,118962976,96107367,41,"C",20,,""
2018,118962992,96107380,51,"C",20,,""
2018,118963003,96107392,49,"C",20,,"F"
2018,118963027,96107412,5,"C",21,,""
2018,118963076,96107461,11,"C",2,,""
2018,118963096,96107476,51,"C",20,,""
2018,118962900,96107302,16,"C",8,,""
2018,118962947,96107343,14,"C",20,,""
2018,118962957,96107353,49,"C",20,,"N"
2018,118963030,96107417,51,"C",20,,""
2018,118963057,96107445,14,"C",24,,""
2018,120785324,97685042,51,"C",20,,""
2018,120785411,97685117,44,"C",20,,""
2018,120785421,97685125,5,"C",20,,""
2018,120785466,97685164,51,"C",24,,""
2018,120785471,97685169,45,"C",20,,""
2018,120785486,97685186,5,"C",10,,""
2018,120785497,97685191,51,"C",13,,""
2018,120785523,97685216,62,"C",18,,""
2018,120785546,97685235,5,"C",20,,""
2018,118962868,96107277,44,"C",5,,""
2018,118962880,96107286,11,"C",21,,""
2018,118962920,96107322,51,"C",20,,""
2018,118962958,96107349,44,"C",8,,""
2018,118962975,96107366,21,"C",14,,""
2018,118962982,96107373,2,"C",20,,""
2018,118963002,96107391,51,"C",13,,""
2018,118963004,96107394,14,"C",20,,""
2018,118963062,96107446,51,"C",20,,""
2018,118962878,96107285,16,"C",13,,""
2018,118962879,96107285,35,"C",13,,""
2018,118963048,96107433,51,"C",13,,""
2018,118963058,96107443,46,"C",20,,""
2018,118963073,96107459,14,"C",25,,""
2018,118963089,96107471,35,"C",13,,""
2018,118962998,96107387,2,"C",20,,""
2018,118963015,96107402,2,"C",21,,""
2018,118963070,96107453,51,"C",20,,""
2018,118963093,96107478,14,"C",21,,""
2018,120785227,97684961,21,"C",13,,""
2018,118962863,96107271,51,"C",20,,""
2018,118962883,96107289,16,"C",13,,""
2018,118962918,96107321,51,"C",25,,""
2018,118962945,96107341,14,"C",20,,""
2018,118962996,96107386,16,"C",20,,""
2018,118963017,96107404,16,"C",20,,""
2018,118963083,96107467,44,"C",5,,""
2018,118962870,96107283,14,"C",24,,""
2018,118962902,96107306,44,"C",20,,""
2018,118962915,96107320,49,"C",20,,"F"
2018,118962934,96107331,45,"C",20,,""
2018,118962952,96107345,5,"C",20,,""
2018,118962966,96107359,51,"C",20,,""
2018,118962974,96107365,35,"C",13,,""
2018,118963000,96107388,14,"C",12,,""
2018,118963035,96107426,51,"C",13,,""
2018,118963051,96107437,11,"C",2,,""
2018,118963092,96107474,47,"C",20,,""
2018,118962860,96107273,14,"C",24,,""
2018,118962891,96107298,49,"C",5,,"F"
2018,118962887,96107292,51,"C",20,,""
2018,118962951,96107346,5,"C",21,,""
2018,118962950,96107346,14,"C",21,,""
2018,118962962,96107357,49,"C",20,,"F"
2018,118962980,96107370,35,"C",13,,""
2018,118962978,96107370,16,"C",13,,""
2018,118963005,96107393,16,"C",13,,""
2018,118963014,96107401,28,"C",13,,""
2018,118963020,96107408,14,"C",20,,""
2018,118963038,96107421,28,"C",20,,""
2018,118963056,96107440,51,"C",20,,""
2018,118962956,96107351,11,"C",2,,""
2018,118962967,96107361,14,"C",20,,""
2018,118962972,96107368,45,"C",20,,""
2018,118962971,96107368,41,"C",20,,""
2018,118963001,96107390,49,"C",20,,"F"
2018,118963007,96107395,51,"C",20,,""
2018,118963028,96107414,44,"C",22,,""
2018,118963042,96107429,5,"C",5,,""
2018,118962932,96107432,51,"C",20,,""
2018,118963065,96107448,51,"C",20,,""
2018,120785236,97684962,56,"C",20,,""
2018,120785239,97684969,14,"C",38,,""
2018,120785278,97685002,46,"A",25,,""
2018,120785294,97685022,49,"C",20,,"F"
2018,120785300,97685025,49,"C",20,,"N"
2018,120785333,97685048,45,"C",25,,""
2018,120785351,97685066,14,"C",14,,""
2018,120785343,97685059,46,"C",43,,""
2018,120785338,97685059,41,"C",20,,""
2018,120785341,97685059,45,"C",20,,""
2018,120785395,97685103,45,"C",13,,""
2018,120785401,97685109,51,"C",20,,""
2018,120785405,97685111,14,"C",19,,""
2018,120785416,97685128,21,"C",13,,""
2018,120785430,97685137,45,"C",38,,""
2018,120785463,97685165,45,"C",4,,""
2018,120785472,97685166,51,"C",20,,""
2018,120785493,97685192,14,"C",18,,""
2018,120785506,97685197,51,"C",36,,""
2018,120785509,97685203,45,"C",16,,""
2018,120785521,97685214,45,"C",8,,""
2018,120785539,97685228,51,"C",20,,""
2018,120785587,97685270,14,"A",18,,""
2018,120785590,97685274,16,"C",13,,""
2018,120785607,97685291,41,"C",20,,""
2018,120785627,97685308,16,"C",25,,""
2018,120785649,97685326,51,"C",20,,""
2018,120785656,97685333,2,"C",14,,""
2018,120785657,97685341,5,"C",18,,""
2018,120785663,97685341,51,"C",20,,""
2018,118963053,96107439,35,"C",13,,""
2018,118963052,96107439,16,"C",13,,""
2018,118963063,96107447,35,"C",20,,""
2018,120785207,97684939,14,"C",13,,""
2018,120785221,97684950,5,"C",20,,""
2018,120785243,97684971,49,"C",4,,"F"
2018,120785284,97685023,40,"C",20,,""
2018,120785369,97685079,14,"C",14,,""
2018,120785384,97685093,49,"A",20,,"F"
2018,120785418,97685134,14,"C",32,,""
2018,120785452,97685158,16,"C",13,,""
2018,120785490,97685189,41,"C",8,,""
2018,120785484,97685189,45,"C",18,,""
2018,120785516,97685208,14,"C",13,,""
2018,120785586,97685275,45,"C",20,,""
2018,120785626,97685310,40,"C",2,,""
2018,120785647,97685323,14,"C",20,,""
2018,120785669,97685342,21,"C",20,,""
2018,120785676,97685350,46,"C",20,,""
2018,118240751,95483225,16,"C",11,,""
2018,118240923,95483390,40,"C",13,,""
2018,118240967,95483426,18,"C",24,,""
2018,118240990,95483446,49,"C",20,,"F"
2018,118240784,95483251,51,"C",14,,""
2018,118240792,95483261,5,"C",5,,""
2018,118240829,95483296,14,"A",20,,""
2018,118240848,95483314,11,"C",2,,""
2018,118240888,95483355,16,"C",13,,""
2018,118240932,95483395,2,"C",21,,""
2018,118240954,95483413,35,"C",13,,""
2018,118240953,95483413,16,"C",13,,""
2018,118240979,95483437,41,"C",24,,""
2018,118241005,95483454,39,"C",13,,""
2018,137664935,112639575,51,"C",20,,""
2018,126830441,102988001,45,"C",23,,""
2018,126835159,102980889,14,"C",20,,""
2018,126830339,102985077,14,"C",13,,""
2018,126825299,102980934,23,"C",8,,""
2018,126825307,102980947,45,"C",14,,""
2018,126830373,102987953,51,"C",21,,""
2018,126825351,102987963,23,"C",8,,""
2018,126825391,102985149,44,"C",12,,""
2018,126825435,102988014,51,"C",21,,""
2018,126830283,102987893,23,"C",8,,""
2018,126835157,102985032,51,"C",20,,""
2018,126825235,102980887,5,"C",18,,""
2018,126825238,102980888,45,"C",20,,""
2018,126825242,102987906,21,"C",7,,""
2018,126830300,102985043,14,"C",20,,""
2018,126825253,102985049,14,"C",18,,""
2018,126835173,102985054,21,"C",20,,""
2018,126825265,102985064,46,"C",25,,""
2018,126825267,102987924,45,"C",20,,""
2018,126825268,102987924,41,"C",20,,""
2018,126825271,102985070,49,"C",20,,"F"
2018,126830332,102987932,23,"C",8,,""
2018,126825300,102985086,47,"C",20,,""
2018,126830347,102987940,47,"C",22,,""
2018,126835207,102987945,41,"C",20,,""
2018,126830363,102987952,16,"C",13,,""
2018,126835224,102987961,49,"C",20,,"F"
2018,126835232,102980975,23,"C",24,,""
2018,126825356,102985125,47,"C",22,,""
2018,126825378,102987978,44,"C",18,,""
2018,126830405,102985135,23,"C",8,,""
2018,126835267,102985141,41,"C",20,,""
2018,126825389,102981003,49,"C",24,,"N"
2018,126835276,102981004,14,"C",18,,""
2018,126835289,102981021,16,"C",13,,""
2018,126825416,102985172,5,"C",20,,""
2018,126830438,102981026,44,"C",8,,""
2018,126830446,102981033,45,"C",20,,""
2018,126825439,102988013,51,"C",20,,""
2018,126825448,102985203,45,"C",8,,""
2018,126825454,102985207,49,"C",20,,"F"
2018,126830464,102985208,37,"C",21,,""
2018,126835328,102981065,47,"C",22,,""
2018,126825458,102981063,23,"C",12,,""
2018,126830477,102985219,46,"C",20,,""
2018,126825479,102985231,14,"C",18,,""
2018,126835344,102985233,7,"C",18,,""
2018,126835350,102991082,2,"C",25,,""
2018,126825518,102988063,16,"C",7,,""
2018,126830503,102988064,7,"C",18,,""
2018,126825206,102985012,43,"C",20,,""
2018,126830286,102980869,44,"C",18,,""
2018,126835140,102985021,16,"C",11,,""
2018,126830287,102985021,37,"C",24,,""
2018,126825212,102985031,40,"C",2,,""
2018,126825247,102980895,45,"C",18,,""
2018,126835167,102980895,14,"C",18,,""
2018,126825251,102985051,44,"C",22,,""
2018,126835171,102980900,2,"C",2,,""
2018,126825257,102980907,45,"C",5,,""
2018,126830315,102987918,21,"C",14,,""
2018,126830326,102987925,11,"C",2,,""
2018,126830362,102985092,5,"C",20,,""
2018,126830364,102980954,16,"C",7,,""
2018,126830384,102980969,23,"C",8,,""
2018,126825354,102985119,45,"C",14,,""
2018,126825355,102985122,23,"C",8,,""
2018,126825379,102980993,23,"C",24,,""
2018,126835272,102985144,51,"C",20,,""
2018,126830417,102987988,44,"C",8,,""
2018,126825411,102985160,23,"C",8,,""
2018,126830431,102985170,47,"C",20,,""
2018,126835287,102985169,16,"C",24,,""
2018,126830436,102985173,46,"C",25,,""
2018,126830450,102981036,49,"C",25,,"F"
2018,126825438,102981041,44,"C",13,,""
2018,126830456,102988011,44,"C",14,,""
2018,126830451,102985193,14,"C",18,,""
2018,126830455,102988015,23,"C",43,,""
2018,126830461,102981056,14,"C",14,,""
2018,126825452,102985205,51,"C",20,,""
2018,126825466,102988024,45,"C",14,,""
2018,126830478,102985221,49,"C",20,,"F"
2018,126835337,102988033,45,"C",5,,""
2018,126825500,102988051,46,"C",20,,""
2018,126835358,102988055,47,"C",20,,""
2018,118240728,95483205,5,"C",20,,""
2018,118240782,95483254,16,"C",13,,""
2018,118240795,95483263,45,"C",20,,""
2018,118240810,95483277,16,"C",15,,""
2018,118240821,95483287,51,"C",20,,""
2018,118240826,95483293,46,"C",20,,""
2018,118240841,95483304,41,"C",8,,""
2018,118240847,95483313,16,"C",11,,""
2018,118240862,95483325,5,"C",20,,""
2018,118240890,95483350,49,"A",20,,"N"
2018,118240897,95483365,16,"A",12,,""
2018,118240900,95483365,11,"C",12,,""
2018,118240908,95483370,16,"C",13,,""
2018,118240924,95483387,46,"C",5,,""
2018,118240981,95483439,46,"C",2,,""
2018,118240805,95483271,44,"C",24,,""
2018,118240840,95483305,41,"C",20,,""
2018,118240838,95483305,49,"C",20,,"N"
2018,118240880,95483342,51,"C",20,,""
2018,118240905,95483362,35,"C",20,,""
2018,118240791,95483373,14,"C",20,,""
2018,118240922,95483382,35,"C",20,,""
2018,118240942,95483403,51,"C",13,,""
2018,118240950,95483410,51,"C",13,,""
2018,118240971,95483425,23,"C",8,,""
2018,126835131,102987892,36,"C",20,,""
2018,126830296,102985033,2,"C",13,,""
2018,126835166,102985053,23,"C",8,,""
2018,126835192,102987933,16,"C",25,,""
2018,126825287,102980928,5,"C",25,,""
2018,126835195,102980928,50,"C",25,,""
2018,126825302,102987943,49,"C",20,,"N"
2018,126830371,102985100,45,"C",25,,""
2018,126835235,102985114,23,"C",8,,""
2018,126830394,102987969,23,"C",8,,""
2018,126830393,102987974,5,"C",20,,""
2018,126835266,102987982,27,"C",13,,""
2018,126835268,102981000,35,"C",18,,""
2018,126830486,102985232,5,"C",20,,""
2018,126830493,102985241,51,"C",20,,""
2018,126830411,102981000,16,"C",18,,""
2018,126825405,102985161,14,"C",20,,""
2018,126825412,102985166,51,"C",21,,""
2018,126830437,102981027,23,"C",8,,""
2018,126830453,102985188,44,"C",24,,""
2018,126835314,102985195,47,"C",20,,""
2018,126835331,102991068,49,"C",30,,"N"
2018,126825515,102988061,14,"C",20,,""
2018,118962874,96107282,16,"C",20,,""
2018,118962876,96107282,35,"C",20,,""
2018,118962896,96107303,35,"C",13,,""
2018,118962895,96107303,16,"C",13,,""
2018,118963054,96107441,16,"C",22,,""
2018,118963061,96107452,11,"C",13,,""
2018,118963060,96107452,16,"C",13,,""
2018,120785253,97684980,45,"C",20,,""
2018,120785287,97685010,46,"C",20,,""
2018,120785316,97685034,44,"C",18,,""
2018,120785380,97685090,47,"C",20,,""
2018,120785381,97685096,40,"C",43,,""
2018,120785393,97685104,49,"C",20,,"N"
2018,120785429,97685133,51,"C",13,,""
2018,120785475,97685170,51,"C",20,,""
2018,120785470,97685177,49,"C",20,,"F"
2018,120785489,97685193,49,"C",20,,"F"
2018,120785526,97685220,45,"C",8,,""
2018,120785545,97685238,45,"C",20,,""
2018,120785581,97685264,5,"C",14,,""
2018,120785625,97685306,5,"C",20,,""
2018,120785631,97685314,16,"C",13,,""
2018,118962861,96107269,5,"C",20,,""
2018,118962877,96107290,51,"C",20,,""
2018,118962908,96107310,2,"C",8,,""
2018,118962917,96107319,45,"C",25,,""
2018,118962926,96107328,14,"C",21,,""
2018,118962954,96107348,14,"C",23,,""
2018,118963040,96107423,5,"C",8,,""
2018,118240753,95483232,16,"C",13,,""
2018,118240756,95483232,39,"C",13,,""
2018,118240800,95483267,39,"C",20,,""
2018,118240809,95483276,14,"C",20,,""
2018,118240831,95483297,14,"C",20,,""
2018,118240843,95483310,49,"C",20,,"N"
2018,118240872,95483335,51,"C",20,,""
2018,118240894,95483357,47,"C",20,,""
2018,118241024,95483475,49,"C",20,,"N"
2018,118240781,95483249,45,"C",3,,""
2018,118240828,95483294,23,"C",8,,""
2018,118240893,95483358,35,"C",19,,""
2018,118240892,95483358,16,"C",20,,""
2018,118241014,95483466,5,"C",25,,""
2018,118962864,96107278,27,"C",13,,""
2018,118962931,96107332,16,"C",25,,""
2018,118962953,96107347,21,"C",18,,""
2018,118962984,96107372,8,"C",20,,""
2018,118963008,96107396,5,"C",20,,""
2018,118963016,96107405,16,"C",13,,""
2018,118963041,96107424,51,"C",20,,""
2018,118963066,96107449,27,"C",20,,""
2018,118963084,96107465,47,"C",14,,""
2018,118240774,95483245,44,"C",7,,""
2018,118240785,95483257,40,"C",8,,""
2018,118240857,95483322,14,"C",6,,""
2018,118240864,95483327,11,"C",2,,""
2018,118240878,95483343,14,"C",18,,""
2018,118240896,95483356,51,"C",20,,""
2018,118240733,95483209,44,"C",5,,""
2018,118240743,95483220,16,"C",13,,""
2018,118240744,95483220,35,"C",13,,""
2018,118240779,95483252,28,"C",20,,""
2018,118240834,95483298,49,"C",20,,"F"
2018,118240839,95483302,13,"C",21,,""
2018,118240849,95483315,23,"C",8,,""
2018,118240884,95483349,14,"C",25,,""
2018,118240903,95483363,16,"C",13,,""
2018,118240912,95483375,23,"C",8,,""
2018,118240943,95483406,51,"C",20,,""
2018,118240944,95483406,5,"C",20,,""
2018,118240957,95483416,5,"C",14,,""
2018,118240964,95483419,5,"C",20,,""
2018,118240961,95483420,16,"C",13,,""
2018,118240991,95483449,49,"C",20,,"F"
2018,118240759,95483230,35,"C",8,,""
2018,118240806,95483272,51,"C",20,,""
2018,118240830,95483299,16,"C",13,,""
2018,118240870,95483334,47,"C",20,,""
2018,118241021,95483470,45,"C",20,,""
2018,126848820,102993860,45,"C",24,,""
2018,126843889,102998082,50,"C",25,,""
2018,126848887,102990889,23,"C",24,,""
2018,126839093,102990933,2,"C",21,,""
2018,126848964,102993967,46,"C",20,,""
2018,126848967,102990956,51,"C",20,,""
2018,126844005,102990982,16,"C",20,,""
2018,126848996,102990982,35,"C",20,,""
2018,118240738,95483210,14,"C",14,,""
2018,118240750,95483223,35,"C",13,,""
2018,118240749,95483223,16,"C",13,,""
2018,118240763,95483233,5,"C",20,,""
2018,118240772,95483244,16,"C",21,,""
2018,118240827,95483295,35,"C",13,,""
2018,118240837,95483303,47,"C",25,,""
2018,118240881,95483344,14,"C",18,,""
2018,118240907,95483368,16,"C",14,,""
2018,118240933,95483396,16,"C",14,,""
2018,118240940,95483400,16,"C",13,,""
2018,118241012,95483462,2,"C",20,,""
2018,118240729,95483212,45,"C",25,,""
2018,118240786,95483253,51,"C",20,,""
2018,118240811,95483278,5,"C",20,,""
2018,118240856,95483321,5,"C",13,,""
2018,118240887,95483351,44,"C",20,,""
2018,118240904,95483366,49,"C",20,,"F"
2018,118240926,95483385,51,"C",20,,""
2018,118240968,95483427,49,"C",7,,"F"
2018,118240997,95483452,46,"C",20,,""
2018,118240724,95483201,51,"C",20,,""
2018,118240731,95483207,51,"C",20,,""
2018,118240741,95483215,23,"C",8,,""
2018,118240747,95483221,51,"C",25,,""
2018,118240752,95483228,49,"C",20,,"F"
2018,118240767,95483239,14,"C",20,,""
2018,118240783,95483250,5,"C",20,,""
2018,118240789,95483259,35,"C",4,,""
2018,118240796,95483264,47,"C",22,,""
2018,118240822,95483289,14,"C",14,,""
2018,118240850,95483316,16,"C",14,,""
2018,118240868,95483336,49,"C",20,,"F"
2018,118240883,95483346,16,"C",13,,""
2018,118240898,95483361,5,"C",22,,""
2018,118240913,95483376,35,"C",20,,""
2018,118240921,95483383,49,"C",20,,"F"
2018,118240927,95483389,11,"C",14,,""
2018,118240928,95483392,49,"C",20,,"N"
2018,118240959,95483418,16,"C",13,,""
2018,118240962,95483421,5,"C",25,,""
2018,118240960,95483422,16,"C",25,,""
2018,118240978,95483436,51,"C",20,,""
2018,118240994,95483448,49,"C",20,,"F"
2018,118241002,95483455,44,"C",20,,""
2018,118241009,95483460,5,"C",20,,""
2018,118241011,95483469,5,"C",25,,""
2018,120785389,97685100,41,"C",2,,""
2018,120785434,97685139,51,"C",20,,""
2018,120785520,97685215,11,"C",24,,""
2018,120785636,97685316,11,"C",21,,""
2018,133844996,109235048,21,"C",18,,""
2018,126344291,102555744,21,"C",7,,""
2018,126344295,102560849,45,"C",6,,""
2018,126347283,102555748,14,"C",25,,""
2018,126340316,102565206,23,"C",8,,""
2018,126340325,102560871,44,"C",8,,""
2018,126340327,102560872,21,"C",18,,""
2018,126347350,102565278,14,"C",20,,""
2018,126340401,102560941,45,"C",24,,""
2018,126340406,102565285,5,"C",20,,""
2018,120341986,97306861,45,"C",20,,""
2018,120342017,97306889,14,"C",20,,""
2018,120342049,97306922,37,"C",30,,""
2018,120342056,97306931,45,"C",7,,""
2018,120341997,97306877,46,"C",20,,""
2018,120342032,97306911,5,"C",20,,""
2018,120342073,97306946,41,"C",5,,""
2018,120785208,97684940,5,"C",20,,""
2018,120785371,97685080,49,"C",25,,"F"
2018,120785437,97685140,14,"C",14,,""
2018,120785458,97685161,51,"C",20,,""
2018,120785525,97685218,2,"C",20,,""
2018,120785582,97685266,45,"C",12,,""
2018,120785621,97685304,41,"C",25,,""
2018,120785687,97685359,5,"C",20,,""
2018,120785304,97685028,14,"C",20,,""
2018,120785345,97685058,45,"C",25,,""
2018,120785396,97685105,47,"C",20,,""
2018,120785624,97685305,51,"C",20,,""
2018,120785643,97685320,51,"C",18,,""
2018,120785651,97685331,49,"C",20,,"N"
2018,120341983,97306869,49,"C",20,,"F"
2018,120342007,97306893,5,"C",24,,""
2018,120342003,97306893,45,"C",24,,""
2018,120342039,97306913,49,"C",20,,"N"
2018,120342046,97306919,37,"C",25,,""
2018,120342180,97307048,46,"C",2,,""
2018,120342201,97307070,14,"C",20,,""
2018,126835139,102985017,44,"C",13,,""
2018,126825282,102987931,16,"C",12,,""
2018,126825375,102985131,49,"C",20,,"N"
2018,126825372,102985131,51,"C",20,,""
2018,126830475,102988027,14,"C",20,,""
2018,126825471,102988032,47,"C",20,,""
2018,126825503,102985247,45,"C",8,,""
2018,126344275,102565194,11,"C",2,,""
2018,126347281,102560852,51,"C",20,,""
2018,126347290,102560863,51,"C",20,,""
2018,126347298,102565219,11,"C",2,,""
2018,126347309,102565232,41,"C",2,,""
2018,126344329,102560891,23,"C",8,,""
2018,126347322,102565247,41,"C",23,,""
2018,126340368,102565247,45,"C",25,,""
2018,126347326,102565253,14,"C",21,,""
2018,126347332,102555791,23,"C",8,,""
2018,126344353,102565265,14,"C",20,,""
2018,126347342,102560924,23,"C",8,,""
2018,126344371,102560937,14,"C",18,,""
2018,126340407,102560946,5,"C",13,,""
2018,120341971,97306849,2,"C",13,,""
2018,120341991,97306867,29,"C",20,,""
2018,120342031,97306904,49,"C",20,,"F"
2018,120342048,97306921,47,"C",20,,""
2018,120342078,97306952,45,"C",20,,""
2018,120342121,97306993,51,"C",20,,""
2018,120342132,97307004,14,"C",18,,""
2018,120342143,97307014,45,"C",2,,""
2018,120342151,97307022,2,"C",20,,""
2018,120342200,97307067,51,"C",20,,""
2018,120341996,97306873,5,"C",13,,""
2018,120342004,97306881,46,"C",20,,""
2018,120342184,97307051,23,"C",8,,""
2018,120785184,97684924,44,"C",20,,""
2018,120785188,97684924,51,"C",20,,""
2018,120785250,97684975,2,"C",24,,""
2018,120785342,97685053,49,"C",20,,"F"
2018,120785417,97685121,49,"C",20,,"N"
2018,120785630,97685309,51,"C",20,,""
2018,120785660,97685336,2,"C",20,,""
2018,120785678,97685352,51,"C",20,,""
2018,120341985,97306859,44,"C",13,,""
2018,120342000,97306874,14,"C",12,,""
2018,120341998,97306879,40,"C",20,,""
2018,120342024,97306902,14,"C",20,,""
2018,120342041,97306915,45,"C",11,,""
2018,120342107,97306980,45,"C",3,,""
2018,120342154,97307026,49,"C",20,,"N"
2018,120342161,97307032,40,"C",7,,""
2018,120342169,97307043,46,"C",5,,""
2018,120342171,97307043,14,"C",18,,""
2018,120341978,97306855,44,"C",24,,""
2018,120342050,97306924,47,"C",20,,""
2018,120342061,97306934,2,"C",20,,""
2018,120342069,97306945,45,"C",38,,""
2018,120342109,97306983,51,"C",20,,""
2018,120342145,97307016,45,"C",38,,""
2018,120342159,97307034,14,"C",20,,""
2018,120342174,97307042,51,"C",20,,""
2018,120342189,97307059,14,"C",18,,""
2018,120785376,97685091,40,"C",20,,""
2018,120785659,97685338,14,"C",18,,""
2018,120341973,97306850,45,"C",24,,""
2018,120342027,97306903,14,"C",20,,""
2018,120342062,97306936,45,"C",8,,""
2018,120342091,97306964,49,"C",20,,"N"
2018,120342120,97306994,11,"C",12,,""
2018,120342158,97307030,47,"C",20,,""
2018,120342197,97307065,21,"C",20,,""
2018,120342203,97307071,45,"C",18,,""
2018,120342034,97306907,14,"C",20,,""
2018,120342065,97306937,41,"C",8,,""
2018,120342082,97306956,51,"C",25,,""
2018,120342089,97306966,14,"C",20,,""
2018,120342092,97306966,21,"C",20,,""
2018,120342106,97306979,2,"C",17,,""
2018,120342110,97306982,45,"C",25,,""
2018,120342118,97306991,21,"C",20,,""
2018,120342129,97307001,51,"C",20,,""
2018,120342138,97307013,49,"C",25,,"F"
2018,120342153,97307025,51,"C",20,,""
2018,120342165,97307038,44,"C",20,,""
2018,120342070,97306942,51,"C",21,,""
2018,120342088,97306961,49,"C",20,,"N"
2018,120342095,97306968,37,"C",24,,""
2018,120342131,97307005,40,"C",18,,""
2018,120342163,97307035,45,"C",18,,""
2018,120342170,97307040,45,"C",20,,""
2018,120342187,97307058,44,"C",20,,""
2018,120785214,97684946,14,"C",20,,""
2018,120785264,97684984,49,"C",20,,"F"
2018,120785355,97685067,14,"C",18,,""
2018,120785447,97685147,46,"C",20,,""
2018,120785469,97685167,45,"C",20,,""
2018,120785528,97685222,51,"C",20,,""
2018,120785599,97685279,5,"C",20,,""
2018,120785679,97685351,14,"C",18,,""
2018,126340333,102560876,44,"C",13,,""
2018,126344323,102565233,41,"C",8,,""
2018,126347311,102565235,45,"C",2,,""
2018,126347310,102565235,11,"C",2,,""
2018,126344331,102560893,45,"C",23,,""
2018,126347328,102560913,41,"C",20,,""
2018,126344356,102555800,51,"C",20,,""
2018,126347348,102555802,14,"C",20,,""
2018,126344383,102565291,16,"C",13,,""
2018,126340412,102565291,35,"C",13,,""
2018,120341982,97306857,51,"C",20,,""
2018,120342016,97306894,16,"C",13,,""
2018,120785331,97685047,45,"C",20,,""
2018,120785403,97685115,16,"C",14,,""
2018,120785468,97685172,45,"C",20,,""
2018,120785527,97685219,46,"C",20,,""
2018,120785552,97685246,45,"C",43,,""
2018,120785583,97685268,44,"C",20,,""
2018,120785674,97685349,16,"C",25,,""
2018,120342014,97306885,44,"C",20,,""
2018,120342043,97306917,45,"C",2,,""
2018,120342053,97306928,47,"C",20,,""
2018,120342076,97306949,51,"C",20,,""
2018,120342084,97306957,46,"C",24,,""
2018,120342094,97306967,47,"C",20,,""
2018,120342097,97306973,37,"C",8,,""
2018,120342125,97306998,28,"C",20,,""
2018,120342166,97307037,21,"C",25,,""
2018,120342167,97307041,41,"C",46,,""
2018,120342172,97307041,45,"C",25,,""
2018,120342181,97307050,14,"C",20,,""
2018,120342193,97307066,5,"C",18,,""
2018,120342195,97307066,51,"C",18,,""
2018,120342194,97307066,45,"C",18,,""
2018,120341975,97306853,41,"C",20,,""
2018,120342001,97306875,51,"C",20,,""
2018,120342020,97306895,47,"C",20,,""
2018,120342033,97306909,5,"C",20,,""
2018,120342057,97306930,45,"C",21,,""
2018,120341980,97306856,51,"C",20,,""
2018,120342026,97306899,51,"C",13,,""
2018,120342052,97306926,14,"C",20,,""
2018,120342064,97306941,49,"C",20,,"F"
2018,120342093,97306965,51,"C",20,,""
2018,120342102,97306975,44,"C",20,,""
2018,120342146,97307019,41,"C",8,,""
2018,120342168,97307039,51,"C",20,,""
2018,120785216,97684948,14,"C",32,,""
2018,120785491,97685190,45,"C",25,,""
2018,120785635,97685315,46,"C",20,,""
2018,120785640,97685325,45,"C",8,,""
2018,120785234,97684960,14,"C",21,,""
2018,120785372,97685078,41,"C",24,,""
2018,120785435,97685135,51,"C",20,,""
2018,120785514,97685211,47,"C",30,,""
2018,120785593,97685277,41,"C",12,,""
2018,120785620,97685299,51,"C",46,,""
2018,120785634,97685317,49,"C",20,,"F"
2018,120342009,97306884,5,"C",38,,""
2018,120342072,97306947,16,"C",13,,""
2018,120342086,97306960,51,"C",8,,""
2018,120342098,97306972,11,"C",5,,""
2018,120342114,97306986,49,"C",20,,"F"
2018,120342133,97307006,14,"C",18,,""
2018,120342139,97307011,44,"C",8,,""
2018,120342037,97306912,14,"C",20,,""
2018,120342067,97306940,51,"C",21,,""
2018,120342090,97306963,44,"C",22,,""
2018,120342123,97306996,41,"C",2,,""
2018,120342202,97307069,5,"C",25,,""
2018,120342012,97306887,51,"C",20,,""
2018,120342038,97306910,51,"C",13,,""
2018,120342122,97306995,49,"A",12,,"F"
2018,120342136,97307009,51,"C",20,,""
2018,120342160,97307031,5,"C",20,,""
2018,120342190,97307060,45,"C",21,,""
2018,120341972,97306848,51,"C",20,,""
2018,120342018,97306892,2,"C",20,,""
2018,120342051,97306925,45,"C",20,,""
2018,120342179,97307052,47,"C",20,,""
