"DATA_YEAR","VICTIM_ID","OFFENDER_ID","RELATIONSHIP_ID","NIBRS_VICTIM_OFFENDER_ID"
2018,104542074,107758114,24,31568323
2018,104542167,107758230,24,31568353
2018,104542349,107758432,24,31568431
2018,104542445,107758541,3,31568495
2018,104542445,107758542,25,31568497
2018,104542446,107758541,25,31568499
2018,104542446,107758542,3,31568498
2018,109268067,112579797,24,33058772
2018,109268067,112579798,24,33052557
2018,109268067,112576757,24,33052558
2018,109268104,112579831,18,33052581
2018,111643169,114974526,24,33859724
2018,111630080,114984244,24,33862583
2018,126049309,129560097,24,39172263
2018,126053470,129560043,24,39163431
2018,126053477,129555095,24,39163439
2018,126049298,129549225,24,39172250
2018,126049300,129549226,18,39172251
2018,126049301,129549232,24,39172256
2018,126049301,129549231,24,39172255
2018,126049304,129549234,24,39172259
2018,126049267,129549184,24,39172205
2018,126049284,129560057,24,39172234
2018,126058151,129555095,24,39163438
2018,126053526,129560099,24,39168560
2018,126053526,129560101,24,39168561
2018,126049328,129549259,24,39172279
2018,126058172,129560063,24,39168535
2018,126058184,129560085,24,39168552
2018,126058166,129555131,24,39163469
2018,126053500,129549221,24,39172242
2018,126058177,129560078,24,39168546
2018,126058147,129560042,24,39168515
2018,126058150,129560044,24,39168517
2018,126049281,129549202,24,39172223
2018,126058162,129555123,24,39163462
2018,126053499,129555146,24,39163474
2018,126058173,129560068,24,39168537
2018,126058178,129560077,24,39168547
2018,126053532,129549252,24,39163506
2018,126053532,129549249,24,39163504
2018,126053532,129549251,24,39163505
2018,126053532,129549248,24,39172270
2018,126058202,129560115,24,39168568
2018,126058215,129555232,24,39168581
2018,126058153,129549200,24,39168521
2018,126058163,129560053,24,39168529
2018,126053495,129549218,24,39163470
2018,126053501,129555147,24,39163475
2018,126058183,129560084,24,39168551
2018,126053519,129549229,24,39172253
2018,126049305,129555165,24,39172260
2018,126053556,129555197,24,39163528
2018,126058208,129555209,24,39163539
2018,116061428,119373254,24,35330275
2018,116061428,119383405,24,35345276
2018,116054417,119373234,24,35330257
2018,116061406,119373234,24,35340373
2018,116061429,119383405,24,35340400
2018,116061429,119373254,24,35340399
2018,116054431,119383405,24,35340398
2018,116054431,119373254,24,35330274
2018,116061413,119383393,24,35330266
2018,116061413,119373239,24,35340380
2018,116061413,119383392,24,35340381
2018,116061413,119383390,24,35330265
2018,116061413,119383394,9,35340382
2018,116061413,119383391,24,35335506
2018,116054469,119383450,24,35340431
2018,116061372,119373184,24,35340347
2018,116061482,119383454,24,35340447
2018,126058148,129555092,24,39168516
2018,126058158,129560049,24,39168526
2018,126053498,129555144,24,39163473
2018,126049297,129549224,24,39172248
2018,126053508,129549224,24,39172249
2018,126053509,129555155,24,39163486
2018,126053517,129555160,24,39163492
2018,126053515,129555160,24,39163490
2018,126053520,129555162,18,39163493
2018,126053522,129560091,24,39168555
2018,126058193,129560102,24,39168562
2018,126053533,129549250,24,39163507
2018,126053542,129555182,24,39163516
2018,126053549,129555193,24,39163524
2018,126053555,129549261,24,39163527
2018,126053538,129555176,24,39163512
2018,126053561,129560123,24,39168572
2018,126053482,129555118,24,39168527
2018,126053487,129555125,24,39163464
2018,126058165,129555132,24,39168530
2018,126049308,129549236,24,39172262
2018,126049307,129549236,24,39172261
2018,126049306,129549236,24,39163496
2018,126053474,129555094,24,39163437
2018,126053473,129555094,24,39163436
2018,126053478,129555115,24,39163444
2018,126053478,129555114,24,39168523
2018,126053486,129555124,24,39163463
2018,126053491,129555130,24,39163466
2018,126053507,129560076,24,39163485
2018,126053506,129560076,24,39163484
2018,116061530,119373394,24,35340495
2018,116061502,119373366,24,35340472
2018,116061534,119383516,24,35335597
2018,116061480,119373324,24,35335549
2018,116061480,119378827,24,35335551
2018,116061480,119378826,24,35335550
2018,116061480,119378828,24,35345313
2018,116061480,119373325,24,35340446
2018,116061479,119378825,24,35340445
2018,116049984,119383446,24,35335531
2018,116049993,119383456,24,35345316
2018,116049993,119378829,24,35345315
2018,116049993,119383457,24,35340448
2018,116054428,119373249,24,35340391
2018,116054428,119373248,24,35340390
2018,116054428,119373250,24,35330272
2018,116054428,119373247,24,35340389
2018,116054428,119373251,24,35340392
2018,116054482,119378836,24,35335564
2018,116054482,119378835,24,35335562
2018,116054482,119373344,24,35335560
2018,116054482,119383469,24,35345332
2018,116061535,119373400,24,35335599
2018,116061378,119378735,24,35340351
2018,116061477,119378824,1,35340442
2018,116061420,119383398,24,35330269
2018,116061467,119383443,1,35345304
2018,126058152,129560046,24,39172212
2018,126053469,129549187,18,39172207
2018,126049280,129555112,24,39172222
2018,126058159,129560050,24,39172224
2018,116054427,119373246,24,35330270
2018,116061422,119383396,24,35335511
2018,116061422,119373244,24,35340387
2018,116061422,119373245,24,35340388
2018,116061422,119383397,24,35330271
2018,116061427,119378789,24,35340395
2018,116061427,119383402,25,35340396
2018,116061425,119378789,25,35340393
2018,116061425,119383402,24,35330273
2018,126053471,129549191,24,39172211
2018,126053471,129549190,24,39163433
2018,126049282,129549205,24,39172225
2018,126053490,129560054,24,39163465
2018,126053493,129560054,24,39163468
2018,126049285,129549217,24,39172235
2018,126053503,129560071,24,39163477
2018,126053510,129555156,24,39163487
2018,126053512,129555157,24,39163489
2018,126053516,129560088,24,39163491
2018,126053537,129560105,24,39163511
2018,126053545,129555185,24,39163518
2018,126053565,129555211,24,39163541
2018,126053568,129560129,24,39163543
2018,126053615,129555265,24,39163589
2018,116049965,119373270,1,35340404
2018,116061450,119373286,24,35345293
2018,116054455,119373289,24,35340420
2018,116054456,119373290,24,35340421
2018,116054456,119373291,24,35345294
2018,116054460,119378809,24,35345299
2018,116054460,119373294,24,35345298
2018,116049979,119378811,18,35335526
2018,116049992,119373331,24,35335553
2018,116049992,119373327,24,35345314
2018,116049992,119373329,24,35335552
2018,116054495,119383488,24,35340466
2018,116061506,119378858,24,35335582
2018,116061507,119378858,24,35340474
2018,123572448,127031475,24,38109127
2018,124786320,128268367,24,38605132
2018,124786317,128268362,24,38605126
2018,124786318,128268362,24,38605127
2018,123572721,127049730,24,38118412
2018,126053626,129555274,24,39163603
2018,114309254,117654837,1,34726855
2018,114309216,117650033,1,34726812
2018,114309216,117647074,1,34730990
2018,114309216,117650034,1,34722617
2018,114309154,117649961,24,34722562
2018,114309154,117649963,26,34726754
2018,114309154,117649962,24,34722564
2018,114311606,117654839,24,34726856
2018,114311522,117649955,24,34722567
2018,114311522,117649957,24,34722568
2018,114311522,117649952,24,34722566
2018,114311522,117649959,24,34730940
2018,114304393,117649959,24,34722565
2018,114304393,117649955,24,34722560
2018,114304393,117649957,24,34722563
2018,114304393,117649952,24,34726752
2018,114304367,117654685,24,34726720
2018,114311556,117647054,24,34730970
2018,114311556,117647055,24,34730971
2018,114311556,117647053,24,34730969
2018,114311556,117654765,24,34726791
2018,114311556,117647051,24,34722599
2018,114311556,117647056,24,34730972
2018,114311556,117647052,24,34722600
2018,114311573,117650036,24,34726815
2018,114304414,117654740,24,34722590
2018,114304414,117649991,24,34722591
2018,114304414,117654741,24,34726775
2018,114309127,117646980,24,34722538
2018,114309132,117654701,1,34722543
2018,114309132,117646984,1,34726730
2018,114309132,117646983,1,34722546
2018,114309132,117649926,1,34722544
2018,114309132,117649927,1,34722545
2018,114309174,117654739,24,34730951
2018,114304461,117647121,24,34722643
2018,114304461,117647118,24,34722640
2018,114304461,117647120,24,34726839
2018,114304461,117647119,24,34722642
2018,114304461,117650051,24,34722641
2018,114304462,117647119,24,34722646
2018,114304462,117650051,24,34722645
2018,114304462,117647120,24,34722647
2018,114304462,117647118,24,34722644
2018,114304462,117647121,24,34726840
2018,114304381,117649928,18,34722547
2018,114304428,117650014,24,34722598
2018,109268139,112576836,24,33052601
2018,114304466,117654824,24,34726844
2018,109272210,112570413,16,33052595
2018,109272239,112570453,24,33054490
2018,109275785,112576858,3,33052607
2018,110973150,114307190,1,33611846
2018,110964376,114307096,24,33608257
2018,110973217,114303674,24,33603048
2018,109538486,112861366,18,33150099
2018,109538486,112856316,18,33150100
2018,114304417,117654745,24,34722592
2018,109275758,112579841,24,33058796
2018,109268126,112579851,16,33052591
2018,114304487,117650072,24,34731020
2018,109542263,112861392,24,33141498
2018,109542277,112856368,24,33141506
2018,109542277,112856365,24,33146257
2018,109542277,112856367,24,33146260
2018,109542277,112856366,24,33146258
2018,109538543,112856391,3,33150141
2018,109547069,112861494,24,33146314
2018,109547072,112861494,24,33146315
2018,106624211,109869888,24,32198589
2018,106624164,109869848,24,32198565
2018,106624191,109869867,24,32198579
2018,106624261,109869939,24,32198612
2018,106624261,109869946,24,32198614
2018,110964436,114298565,24,33611839
2018,110964436,114298566,24,33611840
2018,110973104,114307123,24,33611811
2018,109538532,112856379,24,33141508
2018,109542236,112861362,24,33141478
2018,109538527,112861402,24,33141505
2018,109538527,112861404,24,33150131
2018,109538527,112861403,24,33150130
2018,109538533,112856378,24,33150139
2018,109542303,112861442,18,33141520
2018,104542017,107758024,26,31568255
2018,104542399,107758487,24,31568461
2018,104542399,107758486,24,31568460
2018,104542449,107758548,18,31568503
2018,104542075,107758115,24,31568324
2018,106623903,109869588,24,32198456
2018,106623972,109869656,1,32198487
2018,106623972,109869657,25,32198488
2018,106623971,109869657,1,32198485
2018,106623971,109869656,25,32198486
2018,106624019,109869702,24,32198505
2018,106624206,109869884,24,32198588
2018,106624209,109869884,24,32198591
2018,110964401,114307129,24,33608274
2018,110969679,114307295,24,33611895
2018,110969654,114307262,24,33611877
2018,109538498,112856325,12,33150105
2018,109538569,112861458,25,33146292
2018,109538569,112861459,24,33146291
2018,109542311,112861458,24,33146293
2018,109542311,112861459,25,33150153
2018,105255824,108479495,24,31783341
2018,105256099,108479772,24,31783437
2018,105256025,108479698,24,31783394
2018,105256056,108479732,3,31783406
2018,105256061,108479741,24,31783414
2018,104542332,107758401,24,31568426
2018,104542332,107758399,24,31568424
2018,104542459,107758559,25,31568509
2018,104542459,107758558,24,31568508
2018,104542460,107758558,25,31568511
2018,104542460,107758559,24,31568510
2018,104542028,107758054,24,31568270
2018,105829810,109061382,24,31955819
2018,110972999,114306981,24,33611733
2018,110972999,114306980,24,33608156
2018,110972999,114306982,24,33611734
2018,105829340,109060879,24,31955571
2018,105829340,109060877,24,31955572
2018,105829722,109061277,3,31955757
2018,110973006,114298339,24,33602894
2018,110973006,114306990,24,33602893
2018,104542433,107758528,1,31568491
2018,104542429,107758523,24,31568484
2018,104542032,107758065,24,31568286
2018,103695885,106903165,24,31323751
2018,104542335,107758417,24,31568427
2018,104542034,107758066,24,31568292
2018,104542426,107758516,24,31568481
2018,103696034,106903351,16,31323875
2018,103695949,106903246,24,31323803
2018,109547046,112865523,24,33146295
2018,109547045,112865523,24,33141528
2018,103695998,106903313,24,31323855
2018,103695939,106903236,24,31323796
2018,103695993,106903302,24,31323844
2018,103696041,106903360,24,31323882
2018,103696041,106903358,24,31323880
2018,103696041,106903359,24,31323881
2018,103696040,106903360,24,31323879
2018,103696040,106903358,24,31323877
2018,103696040,106903359,24,31323878
2018,103695881,106903159,24,31323750
2018,103695888,106903169,24,31323753
2018,103696023,106903338,24,31323869
2018,103696020,106903338,24,31323866
2018,103696844,106904282,24,31324301
2018,103696050,106903373,3,31323890
2018,103696083,106903419,24,31323929
2018,112430123,115799007,3,34134429
2018,112437075,115803264,24,34134425
2018,112437071,115798964,24,34140532
2018,112437071,115798965,24,34140533
2018,112437071,115798963,24,34140531
2018,112430102,115798973,24,34137069
2018,112430102,115798975,24,34134417
2018,112430129,115799017,18,34134434
2018,112437091,115803284,24,34134438
2018,104542027,107758051,24,31568269
2018,104542048,107758078,24,31568299
2018,104542050,107758078,24,31568302
2018,103695892,106903174,24,31323754
2018,103695910,106903192,24,31323768
2018,103696093,106903437,24,31323939
2018,109538478,112865433,24,33150096
2018,109538482,112865437,25,33141479
2018,109538482,112865436,1,33141477
2018,109538483,112865436,25,33146230
2018,109538483,112865437,1,33146229
2018,103696052,106903375,24,31323891
2018,103695903,106903186,16,31323763
2018,103695905,106903186,16,31323765
2018,103695904,106903186,16,31323764
2018,104542400,107758490,1,31568462
2018,105829885,109061470,24,31955866
2018,105829885,109061468,24,31955864
2018,105829885,109061465,24,31955863
2018,105829885,109061473,1,31955868
2018,105829885,109061472,24,31955867
2018,105829587,109061142,24,31955692
2018,105829801,109061373,3,31955814
2018,105829837,109061418,24,31955835
2018,105829861,109061442,24,31955852
2018,105829195,109060737,24,31955522
2018,105829309,109060844,16,31955558
2018,105829309,109060846,16,31955559
2018,104542434,107758529,24,31568492
2018,103695872,106903152,24,31323747
2018,103695938,106903235,3,31323795
2018,103696843,106904278,24,31324299
2018,109546994,112861396,24,33150127
2018,109538516,112861390,24,33150123
2018,109547013,112861420,24,33146275
2018,109542299,112856402,24,33141518
2018,109547027,112861446,24,33150149
2018,109538561,112865508,24,33141521
2018,109538568,112861455,24,33150151
2018,105829488,109061033,24,31955640
2018,105829793,109061365,9,31955810
2018,105829807,109061379,24,31955817
2018,109268132,112576832,24,33054467
2018,109272217,112576835,24,33058804
2018,103696100,106903442,24,31323946
2018,109272252,112570459,24,33054495
2018,109542331,112856438,24,33141542
2018,103695898,106903177,24,31323758
2018,103695898,106903178,24,31323759
2018,103695898,106903179,24,31323760
2018,104542430,107758526,24,31568488
2018,104542430,107758525,24,31568486
2018,104542430,107758524,24,31568485
2018,104542435,107758533,1,31568493
2018,109272050,112570216,24,33058695
2018,109538560,112865506,1,33146284
2018,109538560,112856403,1,33146282
2018,109538560,112865505,1,33146283
2018,105829385,109060927,24,31955600
2018,103695948,106903245,24,31323802
2018,110972972,114306957,24,33608152
2018,110964233,114303388,24,33611726
2018,110969424,114306972,24,33602883
2018,105829762,109061326,24,31955787
2018,110973143,114303614,24,33602984
2018,105829811,109061383,24,31955820
2018,110964351,114298448,18,33611788
2018,105829857,109061440,24,31955849
2018,110969529,114298467,24,33608252
2018,110969529,114298468,24,33608253
2018,110964375,114303540,24,33608256
2018,103696022,106903340,24,31323867
2018,103696027,106903345,24,31323874
2018,104542418,107758508,24,31568474
2018,109542323,112861474,24,33150162
2018,109542325,112865538,24,33150163
2018,109547062,112856436,25,33146306
2018,109547062,112865540,1,33146305
2018,109547061,112856436,1,33146303
2018,109547061,112865540,25,33146304
2018,112437102,115803301,24,34137109
2018,103696789,106904219,24,31324295
2018,112437133,115807903,24,34140634
2018,105829310,109060850,24,31955560
2018,105829720,109061276,24,31955755
2018,105829719,109061276,24,31955752
2018,105829728,109061288,24,31955763
2018,103696345,106903767,24,31324141
2018,103695886,106903166,24,31323752
2018,105829124,109060649,25,31955498
2018,105829124,109060634,16,31955496
2018,105829122,109060649,16,31955493
2018,105829122,109060634,25,31955494
2018,105829625,109061177,24,31955705
2018,105829653,109061192,24,31955716
2018,116050046,119378913,24,35335629
2018,116050046,119378914,24,35335630
2018,116050046,119373459,24,35335631
2018,116050047,119378918,24,35335632
2018,116050047,119378917,24,35335633
2018,105829755,109061315,24,31955781
2018,105829758,109061315,24,31955784
2018,105829868,109061449,18,31955855
2018,105829868,109061451,16,31955854
2018,109538459,112856284,24,33150077
2018,109538493,112865447,16,33150102
2018,109546993,112865472,24,33146251
2018,109547008,112856370,24,33150138
2018,109547008,112865482,24,33146266
2018,109547008,112865480,24,33146264
2018,109547008,112865481,24,33146265
2018,103696964,106904395,24,31324319
2018,109542316,112856419,24,33150154
2018,109542324,112865536,24,33141535
2018,110964224,114298302,24,33611723
2018,110972993,114298316,24,33602884
2018,110972995,114298319,24,33602886
2018,110972995,114298318,24,33602885
2018,110964238,114298319,24,33608155
2018,110964238,114298318,24,33602887
2018,110969607,114298575,24,33608313
2018,110964460,114307214,24,33611863
2018,110964460,114307212,24,33603007
2018,109275697,112579756,24,33058746
2018,109268033,112570300,16,33052516
2018,109268033,112570301,24,33052517
2018,109268038,112576720,24,33058752
2018,109272126,112576723,24,33054386
2018,109272126,112576725,24,33054388
2018,109272126,112576724,24,33054387
2018,109272127,112570308,24,33054389
2018,109272127,112570306,24,33052520
2018,109272127,112570307,24,33052521
2018,103696021,106903341,24,31323868
2018,103695902,106903185,24,31323762
2018,103696079,106903409,24,31323924
2018,103696079,106903407,24,31323925
2018,105829795,109061367,24,31955811
2018,105829756,109061320,24,31955782
2018,105829841,109061422,24,31955837
2018,109542212,112865396,24,33141467
2018,103695849,106903129,24,31323737
2018,103695848,106903129,24,31323736
2018,111637397,114979183,24,33861883
2018,111628427,114981984,24,33859207
2018,111628424,114981984,24,33866839
2018,111628425,114981984,24,33859206
2018,103695846,106903129,24,31323734
2018,103695845,106903129,24,31323733
2018,103695979,106903287,24,31323836
2018,103696059,106903389,3,31323900
2018,109546963,112865440,24,33146233
2018,105829284,109060824,24,31955550
2018,105829351,109060898,24,31955583
2018,105829501,109061056,24,31955656
2018,105829859,109061439,24,31955850
2018,105256126,108479803,24,31783454
2018,105256148,108479827,24,31783471
2018,105256204,108479899,24,31783507
2018,105256087,108479761,24,31783430
2018,105256294,108480014,24,31783581
2018,105255826,108479498,24,31783343
2018,105256096,108479769,24,31783435
2018,109272253,112570461,3,33054496
2018,109272253,112570462,25,33054497
2018,109272255,112570462,3,33054499
2018,109272255,112570461,25,33054500
2018,105256173,108479862,12,31783485
2018,105256264,108479984,24,31783574
2018,105256311,108480029,24,31783584
2018,105256265,108479979,18,31783573
2018,105256265,108479978,18,31783571
2018,105256265,108479982,18,31783575
2018,105256405,108480144,24,31783604
2018,105256408,108480144,24,31783605
2018,105256174,108479863,24,31783486
2018,109275610,112576607,1,33054300
2018,105256067,108479745,24,31783418
2018,105256106,108479779,24,31783441
2018,105256138,108479816,24,31783461
2018,105256299,108480020,24,31783583
2018,126049318,129549253,18,39172271
2018,126049325,129555181,24,39172278
2018,126053551,129555194,24,39168570
2018,126053564,129555210,24,39163540
2018,105256222,108479924,24,31783524
2018,105256211,108479909,24,31783517
2018,111628310,114981810,24,33866711
2018,111637345,114981844,24,33861845
2018,111637345,114981840,24,33861842
2018,111637345,114972763,24,33861841
2018,111637345,114981842,24,33861843
2018,111637345,114981846,24,33861847
2018,111637345,114981845,24,33861846
2018,111637345,114981843,24,33861844
2018,111634180,114981854,24,33866741
2018,109267952,112570196,24,33058682
2018,109267952,112570195,24,33058681
2018,109267952,112579660,24,33058683
2018,109267952,112576613,24,33058684
2018,111634164,114981821,24,33866728
2018,111634111,114981767,24,33861809
2018,111634168,114972750,24,33859128
2018,111637287,114979060,24,33866689
2018,111637329,114972744,24,33866729
2018,111637329,114972745,24,33861834
2018,105256246,108479957,3,31783557
2018,111634122,114979066,24,33866693
2018,111634124,114979066,24,33859115
2018,111634123,114979066,24,33859114
2018,105256431,108480172,24,31783620
2018,105256127,108479804,24,31783455
2018,105255856,108479516,24,31783352
2018,110964378,114298489,24,33611803
2018,110964378,114298488,24,33602942
2018,110964378,114298487,24,33608258
2018,105256074,108479751,24,31783422
2018,105256115,108479787,24,31783445
2018,105256224,108479929,24,31783528
2018,105256251,108479965,24,31783563
2018,105256085,108479759,24,31783428
2018,105256123,108479802,3,31783451
2018,105256093,108479766,24,31783434
2018,105256233,108479944,5,31783547
2018,105256235,108479944,3,31783548
2018,105256139,108479814,16,31783460
2018,105256250,108479964,24,31783562
2018,105256250,108479963,24,31783561
2018,105256078,108479753,24,31783424
2018,105256075,108479753,24,31783423
2018,109272038,112576597,18,33054297
2018,109275628,112570222,24,33058705
2018,109275628,112579682,24,33058704
2018,109275629,112579682,24,33058706
2018,109275629,112570222,24,33058707
2018,105256199,108479894,24,31783502
2018,105256201,108479894,1,31783504
2018,105256263,108479983,24,31783572
2018,111628444,114982021,24,33861955
2018,111628444,114982020,18,33861954
2018,106198222,109432079,24,32069000
2018,106198224,109432079,24,32069002
2018,106197881,109431672,24,32068784
2018,106197881,109431670,24,32068781
2018,106197881,109431669,24,32068780
2018,106197881,109431671,24,32068782
2018,106197886,109431671,24,32068790
2018,106197886,109431672,24,32068791
2018,106197886,109431669,24,32068788
2018,106197886,109431670,24,32068789
2018,106198008,109431851,3,32068907
2018,106198053,109431898,24,32068940
2018,106198053,109431900,24,32068941
2018,106197952,109431757,26,32068842
2018,106197894,109431683,24,32068796
2018,106197893,109431683,24,32068795
2018,106197970,109431781,24,32068853
2018,106197970,109431780,24,32068854
2018,109275616,112579662,24,33054305
2018,109275616,112579661,24,33054304
2018,109275616,112579663,24,33052454
2018,109272046,112579662,24,33054302
2018,109272046,112579663,24,33054303
2018,109272046,112579661,24,33058686
2018,109267966,112579691,24,33054330
2018,109267966,112579686,24,33052464
2018,109267966,112579688,24,33054329
2018,109267966,112579687,24,33054328
2018,106197926,109431707,24,32068808
2018,106197941,109431741,24,32068830
2018,106198069,109431920,24,32068946
2018,112433452,115807772,24,34137043
2018,112437043,115807773,24,34137046
2018,112437049,115807783,24,34134396
2018,105829788,109061358,24,31955806
2018,112433458,115798925,24,34137052
2018,109272223,112570431,24,33054470
2018,106197891,109431679,24,32068792
2018,106197891,109431681,24,32068794
2018,106197891,109431680,24,32068793
2018,106198130,109431987,24,32068974
2018,106623492,109869141,24,32198244
2018,106623536,109869177,24,32198266
2018,106623639,109869278,24,32198315
2018,106623645,109869278,24,32198317
2018,106623637,109869278,24,32198314
2018,106623732,109869387,24,32198369
2018,106623817,109869499,24,32198408
2018,106623923,109869606,24,32198461
2018,106623925,109869608,1,32198462
2018,106623933,109869619,24,32198465
2018,106624074,109869746,16,32198530
2018,106624074,109869748,16,32198532
2018,106624067,109869746,16,32198526
2018,106624067,109869748,24,32198528
2018,106624221,109869899,24,32198597
2018,106624221,109869898,24,32198595
2018,106624250,109869944,16,32198610
2018,105829849,109061428,24,31955840
2018,105829849,109061431,24,31955841
2018,105829190,109060728,24,31955519
2018,105829361,109060905,24,31955590
2018,106623474,109869113,24,32198231
2018,106623650,109869282,24,32198321
2018,106624397,109870083,24,32198681
2018,106623590,109869244,24,32198293
2018,106623754,109869408,16,32198377
2018,106624027,109869716,24,32198508
2018,106624087,109869771,24,32198537
2018,106624246,109869933,24,32198608
2018,106624246,109869935,24,32198609
2018,106624364,109870042,24,32198656
2018,106197882,109431673,24,32068783
2018,106197964,109431773,1,32068850
2018,106198331,109432202,18,32069048
2018,106623716,109869379,24,32198357
2018,106623953,109869634,25,32198474
2018,106623953,109869641,24,32198473
2018,106623962,109869634,24,32198479
2018,106623962,109869641,25,32198480
2018,106623609,109869259,1,32198299
2018,106623811,109869487,3,32198402
2018,106624078,109869768,16,32198535
2018,106624509,109870188,24,32198733
2018,106197978,109431794,24,32068858
2018,106198052,109431896,24,32068939
2018,106198050,109431896,24,32068938
2018,106197903,109431697,16,32068798
2018,106623449,109869088,24,32198215
2018,106623457,109869097,24,32198219
2018,106623496,109869146,24,32198248
2018,106623496,109869148,24,32198246
2018,106623587,109869230,24,32198289
2018,106623587,109869234,24,32198292
2018,106624169,109869851,18,32198568
2018,106624260,109869953,24,32198615
2018,106624445,109870126,24,32198706
2018,105829775,109061342,24,31955797
2018,105829780,109061348,24,31955801
2018,105829487,109061030,24,31955639
2018,105829862,109061446,24,31955853
2018,105829887,109061478,3,31955870
2018,105829604,109061160,24,31955701
2018,105829714,109061270,24,31955746
2018,106197932,109431734,3,32068824
2018,106197988,109431806,24,32068868
2018,106198029,109431872,24,32068921
2018,106198029,109431873,25,32068922
2018,106198031,109431873,24,32068923
2018,106198031,109431872,25,32068924
2018,126049332,129549262,24,39172280
2018,106197966,109431778,16,32068852
2018,126053559,129555200,24,39163535
2018,126049337,129560124,24,39172284
2018,106198046,109431895,24,32068934
2018,106198336,109432198,24,32069051
2018,106198337,109432198,24,32069052
2018,106198328,109432198,24,32069047
2018,126049338,129555208,24,39172285
2018,126053594,129549274,24,39168582
2018,106197865,109431653,24,32068759
2018,106198044,109431891,24,32068933
2018,106623489,109869138,24,32198243
2018,106623564,109869218,24,32198276
2018,106623694,109869347,24,32198341
2018,106623782,109869449,24,32198386
2018,106624234,109869907,16,32198601
2018,106624234,109869911,16,32198603
2018,106624234,109869909,16,32198602
2018,106623481,109869126,24,32198236
2018,106623481,109869124,24,32198234
2018,106623481,109869125,24,32198235
2018,106623481,109869127,24,32198237
2018,106623430,109869070,1,32198206
2018,106623485,109869128,24,32198238
2018,106623485,109869130,24,32198241
2018,106623485,109869129,24,32198240
2018,106623498,109869147,24,32198250
2018,106623663,109869315,24,32198328
2018,106623723,109869383,24,32198366
2018,106623723,109869373,24,32198361
2018,106623723,109869376,24,32198364
2018,106624314,109870006,24,32198633
2018,106624318,109870006,24,32198635
2018,106624316,109870006,24,32198634
2018,106624321,109870006,24,32198636
2018,106624425,109870107,24,32198697
2018,106624532,109870209,1,32198743
2018,106623584,109869240,24,32198290
2018,106624217,109869892,24,32198593
2018,106197905,109431699,24,32068799
2018,106197910,109431699,24,32068800
2018,106197934,109431733,24,32068825
2018,106197936,109431733,24,32068826
2018,106198351,109432221,24,32069058
2018,109272133,112576732,16,33052530
2018,109272133,112576738,24,33052534
2018,109272133,112576731,16,33058757
2018,109272133,112576734,16,33052531
2018,109272133,112576735,24,33052532
2018,109272133,112576737,24,33052533
2018,109272133,112576739,24,33052536
2018,109275711,112570330,24,33052553
2018,109268071,112570341,24,33058773
2018,109275734,112570350,24,33058778
2018,105829689,109061209,24,31955735
2018,105829689,109061212,24,31955736
2018,105829689,109061237,24,31955737
2018,106624438,109870118,24,32198705
2018,111637338,114981836,7,33866732
2018,111628381,114979196,24,33866802
2018,111634243,114979208,18,33866805
2018,111634243,114979206,18,33866804
2018,111634243,114972843,18,33866806
2018,111634260,114981964,24,33866817
2018,111634260,114972873,24,33861918
2018,111634260,114972872,24,33861917
2018,111634284,114979263,24,33866837
2018,106197983,109431802,24,32068866
2018,106623958,109869632,16,32198475
2018,106623958,109869629,16,32198476
2018,106623948,109869632,16,32198467
2018,106623948,109869629,16,32198470
2018,106624113,109869806,24,32198551
2018,106624505,109870192,3,32198731
2018,106624545,109870229,24,32198750
2018,106623741,109869401,24,32198373
2018,106623885,109869446,24,32198444
2018,106623885,109869455,24,32198446
2018,106623885,109869450,24,32198445
2018,106623885,109869430,24,32198439
2018,106623885,109869428,24,32198437
2018,106623885,109869458,24,32198448
2018,106623885,109869436,24,32198441
2018,106623885,109869443,24,32198442
2018,106623885,109869427,24,32198435
2018,106623885,109869435,24,32198440
2018,106623870,109869427,24,32198414
2018,106623870,109869450,24,32198432
2018,106623870,109869436,24,32198426
2018,106623870,109869428,24,32198415
2018,106623870,109869455,24,32198433
2018,106623870,109869446,24,32198430
2018,106623870,109869430,24,32198422
2018,106623870,109869461,24,32198434
2018,106623870,109869435,24,32198424
2018,106623870,109869443,24,32198429
2018,106623954,109869642,24,32198472
2018,106197871,109431659,25,32068770
2018,106197871,109431658,24,32068769
2018,106197871,109431657,24,32068768
2018,106197869,109431658,24,32068763
2018,106197869,109431659,24,32068762
2018,106197869,109431657,25,32068764
2018,106197870,109431659,24,32068765
2018,106197870,109431657,24,32068766
2018,106197870,109431658,25,32068767
2018,106197876,109431664,25,32068774
2018,106197876,109431665,24,32068773
2018,106197880,109431664,24,32068775
2018,106197880,109431665,25,32068779
2018,106198004,109431848,24,32068906
2018,106198152,109432007,1,32068982
2018,106623437,109869074,24,32198211
2018,106197877,109431666,24,32068776
2018,106198034,109431877,24,32068925
2018,106198118,109431979,24,32068972
2018,106198314,109432187,24,32069038
2018,106624226,109869908,1,32198600
2018,106623523,109869176,1,32198258
2018,106624045,109869730,24,32198521
2018,106624112,109869796,24,32198550
2018,106624112,109869798,24,32198545
2018,106624112,109869797,24,32198548
2018,106624207,109869887,24,32198590
2018,106623712,109869352,24,32198353
2018,106623712,109869346,24,32198348
2018,106623712,109869350,24,32198350
2018,106623712,109869356,24,32198354
2018,106624048,109869732,3,32198522
2018,106197866,109431654,24,32068760
2018,106623424,109869062,24,32198205
2018,106623464,109869109,24,32198226
2018,106623486,109869135,24,32198242
2018,106623501,109869150,24,32198252
2018,106623558,109869209,24,32198274
2018,106623607,109869261,24,32198300
2018,106624197,109869878,1,32198585
2018,111628278,114979020,24,33859096
2018,111628278,114979022,24,33859098
2018,111628278,114979021,24,33859097
2018,111634142,114981800,24,33866709
2018,111637327,114979112,24,33861833
2018,111634167,114979113,24,33866730
2018,106624049,109869731,24,32198523
2018,106624258,109869948,24,32198613
2018,106624258,109869947,24,32198611
2018,111637365,114979150,24,33866761
2018,111637388,114981899,24,33866784
2018,111637388,114981900,24,33866785
2018,106624598,109870273,24,32198771
2018,106624598,109870272,24,32198770
2018,106624598,109870274,24,32198772
2018,106624598,109870271,24,32198769
2018,106623600,109869256,3,32198295
2018,106197950,109431756,24,32068839
2018,106198315,109432178,24,32069039
2018,106198315,109432182,24,32069040
2018,106198313,109432182,24,32069037
2018,106198313,109432178,24,32069036
2018,106198317,109432178,24,32069041
2018,106198317,109432182,24,32069042
2018,106623450,109869086,24,32198214
2018,106624367,109870049,16,32198661
2018,106197912,109431700,24,32068801
2018,106197951,109431755,24,32068840
2018,106197951,109431752,24,32068837
2018,106197951,109431754,24,32068838
2018,106198225,109432082,24,32069003
2018,106623739,109869397,24,32198372
2018,106623739,109869393,16,32198371
2018,106198081,109431933,16,32068950
2018,106198195,109432054,24,32068990
2018,106198338,109432207,24,32069053
2018,106623419,109869057,24,32198201
2018,106623505,109869157,24,32198254
2018,106624549,109870223,24,32198752
2018,114311545,117650001,24,34730956
2018,114311547,117647039,24,34726783
2018,114311547,117647040,24,34730957
2018,114311547,117647038,24,34726782
2018,106623463,109869098,24,32198223
2018,106623463,109869099,24,32198224
2018,106623463,109869100,24,32198225
2018,106623533,109869170,24,32198265
2018,106623533,109869174,24,32198264
2018,106623947,109869635,24,32198469
2018,106624335,109870012,24,32198643
2018,106624331,109870012,24,32198642
2018,106624329,109870012,24,32198639
2018,110969387,114306875,16,33611681
2018,110972916,114306877,24,33602824
2018,110969416,114306943,24,33608147
2018,110969416,114306942,24,33611711
2018,110972968,114303382,24,33608150
2018,110972968,114303381,24,33611719
2018,110972979,114298301,24,33608153
2018,110972979,114298300,24,33602876
2018,110964232,114298309,24,33611727
2018,110964232,114298308,24,33602882
2018,110972921,114306882,24,33602828
2018,110972962,114306938,24,33608141
2018,110964222,114298297,24,33611720
2018,110964347,114303512,24,33611786
2018,110972917,114306876,1,33602823
2018,110972957,114298282,24,33611707
2018,110964217,114298291,24,33611715
2018,110964220,114306955,23,33611718
2018,110972919,114306878,24,33602826
2018,114304394,117647007,24,34722569
2018,114304438,117654791,3,34726813
2018,109275611,112576606,24,33052450
2018,109275667,112570250,24,33058726
2018,109267996,112579727,24,33054346
2018,109267996,112579726,24,33054345
2018,109267996,112576678,24,33052492
2018,109272085,112579727,24,33052490
2018,109272085,112579726,24,33052489
2018,109272085,112576678,24,33052491
2018,109275693,112570278,24,33058744
2018,109275699,112570284,1,33054367
2018,109268021,112570285,24,33052512
2018,109268021,112570286,25,33052513
2018,109272116,112570285,25,33052511
2018,109272116,112570286,24,33052510
2018,109268034,112570297,24,33052518
2018,109268034,112570296,24,33054381
2018,109272124,112576721,24,33054385
2018,109272128,112576727,24,33052522
2018,109272129,112579774,24,33054390
2018,109268051,112576741,1,33052535
2018,109272132,112570316,24,33054394
2018,109268066,112570332,24,33058770
2018,109268066,112570334,24,33054416
2018,109268066,112570333,24,33058771
2018,109272149,112576763,24,33052560
2018,109272149,112579803,24,33052561
2018,109268087,112570354,24,33058779
2018,109268092,112576791,24,33052574
2018,109272170,112576803,24,33052579
2018,109275751,112576804,24,33052582
2018,109272174,112570366,24,33054440
2018,109272179,112570371,24,33054443
2018,109272216,112579860,24,33054469
2018,109272247,112576868,18,33052611
2018,109272249,112576866,24,33054493
2018,109272249,112576865,24,33054492
2018,109272249,112576867,24,33054494
2018,109275788,112576872,18,33058815
2018,114304386,117646992,24,34726738
2018,114304386,117646991,24,34730931
2018,114311515,117654699,24,34730925
2018,114311515,117646982,24,34730926
2018,114309160,117647011,24,34726755
2018,109272084,112576676,24,33052483
2018,109272084,112579720,24,33058723
2018,109272084,112570248,24,33054343
2018,109272084,112576677,24,33058722
2018,109272130,112579772,24,33054391
2018,109272130,112579773,24,33054392
2018,109268047,112579773,24,33058754
2018,109268047,112579772,24,33052526
2018,109272180,112576810,24,33054445
2018,109272189,112570382,24,33058793
2018,109272189,112579838,24,33054448
2018,109272188,112579838,24,33052585
2018,109272188,112570382,24,33054447
2018,109275771,112570415,24,33058802
2018,123582064,127045589,16,38113409
2018,114304382,117654702,24,34722549
2018,114304382,117646986,24,34722548
2018,109267941,112576596,3,33052445
2018,109275606,112579656,24,33058676
2018,109275606,112576598,24,33058675
2018,109275606,112576600,24,33058678
2018,109275606,112576599,24,33058677
2018,109275606,112576601,24,33058679
2018,109267945,112570194,24,33052447
2018,109267976,112579697,1,33052469
2018,109275609,112570191,24,33058680
2018,109275676,112570258,24,33058730
2018,109272115,112570282,24,33054361
2018,109272115,112579760,24,33058749
2018,109272115,112576704,24,33054363
2018,109272115,112579761,24,33058750
2018,109272115,112576705,24,33054366
2018,109272115,112570283,24,33054362
2018,109268061,112570328,1,33054407
2018,109268062,112570328,1,33052549
2018,114311555,117647058,24,34730968
2018,109275622,112579673,24,33058688
2018,109275689,112570270,24,33058738
2018,109275689,112576693,24,33058742
2018,109275689,112576694,24,33058743
2018,109275689,112570274,24,33054357
2018,109275689,112579745,24,33058739
2018,109275689,112570272,24,33058741
2018,109272100,112576693,24,33054355
2018,109272100,112576694,24,33054356
2018,109272100,112570270,16,33054352
2018,109272100,112570274,24,33058736
2018,109272100,112579745,24,33054353
2018,109272100,112570272,24,33054354
2018,109267985,112579710,3,33058715
2018,114304385,117654712,24,34726733
2018,114304385,117654713,24,34726735
2018,114304385,117649932,24,34722550
2018,114304387,117654712,24,34726736
2018,114304387,117654713,24,34726737
2018,114304387,117649932,24,34722551
2018,114311525,117647013,24,34726759
2018,123572720,127031810,24,38109369
2018,123572377,127045642,16,38109069
2018,123579816,127045590,3,38109031
2018,124050551,127532671,24,38306988
2018,124050551,127524903,24,38306987
2018,124050551,127536802,24,38316436
2018,124050551,127532669,24,38316435
2018,124050548,127532661,24,38316426
2018,112430064,115798931,24,34140510
2018,111634091,114979020,16,33866655
2018,111634091,114979021,9,33859095
2018,111634091,114979022,16,33866656
2018,123572284,127045511,1,38108957
2018,123572284,127045509,1,38108956
2018,123572284,127045508,1,38118072
2018,124042752,127532668,3,38306980
2018,124042754,127524902,24,38306984
2018,124042754,127536801,24,38316432
2018,124042754,127536800,24,38316431
2018,124042754,127524901,24,38306986
2018,124054887,127532676,24,38316438
2018,123579860,127045636,24,38118187
2018,123572447,127031474,12,38109126
2018,109272112,112576702,16,33052508
2018,109275703,112570298,24,33058751
2018,109272178,112576806,24,33054444
2018,109272200,112570396,24,33054458
2018,109267956,112576618,24,33054313
2018,109267956,112576620,24,33052457
2018,109267956,112570201,24,33054312
2018,109267956,112576619,24,33052456
2018,109267956,112576621,24,33052458
2018,109267956,112579669,24,33054314
2018,109267956,112576622,24,33052459
2018,109272048,112576621,24,33054310
2018,109272048,112576620,24,33052455
2018,109272048,112576622,24,33054311
2018,109272048,112579669,24,33054308
2018,109272048,112576618,24,33054307
2018,109272048,112576619,24,33054309
2018,109272048,112570201,24,33054306
2018,109275691,112576697,3,33054358
2018,109272110,112579757,24,33052507
2018,109268017,112579757,24,33058747
2018,109268023,112570294,1,33052514
2018,109268032,112579765,24,33054378
2018,109268032,112579764,24,33054377
2018,109268032,112576718,24,33054380
2018,109268032,112576716,24,33054376
2018,109268032,112576717,24,33054379
2018,109268041,112576728,16,33052523
2018,109275705,112579775,24,33054395
2018,109275762,112579848,24,33058799
2018,109546973,112856330,24,33150108
2018,109542304,112861445,24,33150148
2018,109267991,112579716,24,33058721
2018,109267948,112576605,24,33052449
2018,109267947,112576605,24,33052448
2018,109267953,112579664,24,33054301
2018,109272081,112579717,24,33052481
2018,109267994,112570247,24,33052487
2018,109267994,112570249,24,33052488
2018,109267994,112579721,24,33058728
2018,109268029,112570295,24,33054375
2018,109272161,112579813,24,33052570
2018,109272161,112570352,24,33054426
2018,109272161,112576787,24,33054428
2018,109272161,112576788,24,33054430
2018,109272161,112570353,24,33054427
2018,109268097,112576800,21,33052578
2018,109268137,112570425,25,33052597
2018,109268137,112579862,24,33052598
2018,109268138,112579862,25,33052600
2018,109268138,112570425,24,33052599
2018,109272226,112570433,24,33054472
2018,109272226,112570434,24,33054473
2018,109272228,112570437,24,33054476
2018,109272230,112570437,24,33054477
2018,109268157,112576862,24,33052609
2018,109268157,112576861,24,33052608
2018,109538537,112865484,24,33141509
2018,109547070,112861486,1,33150170
2018,109547070,112865551,24,33146313
2018,109547070,112865548,24,33150172
2018,109547070,112861488,24,33150174
2018,109547070,112865547,24,33150171
2018,109547070,112865550,24,33146312
2018,109547070,112865549,24,33150173
2018,109546935,112856271,24,33146208
2018,109542232,112856313,24,33141474
2018,109542235,112861361,24,33141476
2018,110969393,114303350,24,33608124
2018,110969395,114298246,24,33608126
2018,110972923,114298248,24,33602831
2018,110972924,114306886,24,33611686
2018,110972924,114306885,24,33611685
2018,110972924,114306887,24,33611688
2018,110964184,114306887,24,33602830
2018,110964184,114306885,24,33611683
2018,110964184,114306886,24,33611684
2018,110964242,114303400,24,33608162
2018,110964242,114303399,24,33608161
2018,110973021,114303435,24,33602905
2018,109275736,112570351,16,33054423
2018,109275736,112576786,16,33054424
2018,109272186,112570378,24,33054446
2018,109268129,112570409,24,33052593
2018,109268129,112570407,24,33052594
2018,112437098,115803292,24,34134451
2018,112433520,115803302,24,34140602
2018,109547011,112865486,24,33141512
2018,109538585,112856430,24,33150164
2018,109538585,112856429,24,33146299
2018,112430178,115803334,24,34137140
2018,109547074,112861496,24,33141548
2018,112430180,115799080,24,34140627
2018,112433544,115807893,16,34134486
2018,112433551,115799094,3,34134491
2018,112437135,115799101,24,34137153
2018,112433556,115807909,24,34134494
2018,109275619,112579670,24,33054316
2018,109275619,112576623,24,33054315
2018,109275619,112576624,24,33054317
2018,109275632,112576636,24,33058708
2018,109267997,112570251,3,33052493
2018,109275669,112579729,24,33052494
2018,109275753,112570367,24,33054442
2018,109275772,112579861,1,33058803
2018,114304384,117646990,24,34726734
2018,109546985,112861386,24,33146240
2018,109546995,112856359,24,33141502
2018,109538530,112861410,16,33150136
2018,109538530,112856374,16,33150135
2018,109538503,112856329,24,33146237
2018,109538503,112856331,24,33146239
2018,109538503,112861376,24,33146238
2018,109542247,112856329,24,33150111
2018,109542247,112856331,24,33141491
2018,109542247,112861376,24,33141490
2018,109546984,112856343,24,33150118
2018,109542265,112856351,24,33141499
2018,109542329,112856439,24,33146307
2018,109547084,112856453,24,33146328
2018,109542210,112861338,24,33141464
2018,109542210,112861339,24,33141466
2018,109546981,112861385,24,33141496
2018,109546988,112856345,24,33150121
2018,109546988,112865463,24,33146243
2018,109547023,112861438,24,33150145
2018,109547024,112865500,24,33150146
2018,109538531,112856377,1,33150137
2018,109546942,112861347,24,33141468
2018,109546992,112856354,25,33146250
2018,109546992,112856355,3,33146249
2018,109538519,112856354,3,33146247
2018,109538519,112856355,25,33146248
2018,109538535,112861414,24,33146270
2018,109538535,112856380,24,33146271
2018,109538593,112865553,24,33141546
2018,109267950,112576610,23,33052452
2018,109267950,112576609,24,33052451
2018,109267967,112579689,24,33052465
2018,109267967,112579684,24,33054331
2018,109267967,112579685,24,33054332
2018,109267967,112579690,24,33052466
2018,109267973,112576641,24,33052468
2018,109268084,112579812,24,33054421
2018,109272163,112579821,24,33054431
2018,109272165,112576795,24,33058785
2018,109268020,112576701,24,33052509
2018,109268020,112576700,24,33058748
2018,109268025,112576710,16,33054369
2018,109268025,112576712,16,33054368
2018,109268106,112570368,24,33052583
2018,109272204,112570403,24,33054460
2018,109268133,112570421,24,33052596
2018,109272114,112579758,24,33054364
2018,109272114,112579759,24,33054365
2018,109268044,112570311,24,33052524
2018,109268050,112579770,24,33058753
2018,109268050,112570314,24,33052528
2018,109268050,112570315,24,33052529
2018,109268050,112579771,24,33058755
2018,109268050,112570313,24,33052527
2018,109268050,112570312,24,33058756
2018,109272142,112579792,25,33052556
2018,109272142,112579793,9,33052555
2018,109272141,112579792,9,33052554
2018,109272141,112579793,25,33058768
2018,109546936,112865395,24,33146209
2018,109546948,112865409,24,33141469
2018,109546937,112861344,24,33150065
2018,109546937,112865393,23,33150066
2018,109546937,112861343,24,33150064
2018,109546937,112865394,24,33150067
2018,109546937,112861342,24,33150063
2018,109546944,112856283,1,33150076
2018,109546965,112856318,3,33150103
2018,109542246,112856332,1,33150109
2018,109542276,112861401,24,33141504
2018,109542326,112865537,24,33141536
2018,109542330,112856440,24,33150165
2018,109546986,112856341,24,33141497
2018,109546986,112856342,24,33146241
2018,109275756,112570385,3,33058790
2018,109272248,112579881,24,33058814
2018,109272248,112579880,24,33058813
2018,109275653,112576655,24,33052474
2018,109268002,112570259,24,33054349
2018,109542209,112861340,24,33141465
2018,109546938,112856274,24,33150069
2018,109546938,112856273,24,33150068
2018,109546938,112861345,24,33146211
2018,109546938,112856275,24,33146210
2018,109547001,112856369,3,33146261
2018,109547001,112865479,25,33146262
2018,109547000,112856369,25,33146259
2018,109547000,112865479,3,33150132
2018,109547034,112861451,24,33146287
2018,109268101,112579827,24,33052580
2018,109275750,112579827,24,33054433
2018,109272182,112579833,24,33058789
2018,109268122,112576824,24,33052589
2018,109546976,112861383,24,33141495
2018,109547040,112856416,24,33146290
2018,109538599,112861498,24,33150181
2018,109538449,112865400,24,33150071
2018,109538449,112865401,24,33150072
2018,109538449,112865397,24,33150070
2018,109538525,112865478,24,33150129
2018,109547007,112861411,24,33146268
2018,109547007,112861412,24,33146269
2018,109546933,112856267,24,33146207
2018,109546949,112865410,24,33146216
2018,109546949,112856291,24,33150079
2018,109538510,112861387,24,33150119
2018,109546987,112861387,24,33150120
2018,109546989,112856350,24,33146245
2018,109542275,112856362,24,33146255
2018,109542275,112856363,24,33146256
2018,109547003,112861407,16,33146263
2018,109538559,112861443,24,33150147
2018,109542309,112865512,3,33141524
2018,109275659,112576661,3,33054338
2018,109268037,112570302,24,33054382
2018,109268037,112570304,24,33054383
2018,109275713,112579795,18,33054414
2018,109268088,112579815,24,33054425
2018,109275678,112579734,24,33054348
2018,109275678,112579733,24,33052497
2018,109272120,112576711,24,33054374
2018,109275722,112570345,24,33054420
2018,109275722,112576768,24,33054419
2018,109275722,112576767,24,33058774
2018,109268116,112576818,24,33054452
2018,109546967,112856321,24,33141487
2018,109546969,112861370,24,33146236
2018,109547039,112856415,24,33146289
2018,109272119,112570287,24,33052515
2018,109268096,112579824,24,33052577
2018,109275641,112570232,24,33058710
2018,109272080,112576668,24,33054340
2018,109272080,112576669,24,33054341
2018,109267990,112576669,24,33058720
2018,109267990,112576668,24,33058719
2018,109268004,112576683,24,33052498
2018,109268089,112579816,24,33052572
2018,109546964,112865444,24,33141481
2018,109546964,112865445,24,33141482
2018,109538610,112856457,24,33146334
2018,109275602,112576590,24,33052444
2018,109267959,112576626,24,33054324
2018,109268046,112576730,24,33052525
2018,109275719,112579801,24,33052559
2018,109275724,112570347,16,33052562
2018,109272194,112570389,24,33058797
2018,109272194,112576821,24,33058798
2018,109268120,112576821,24,33052588
2018,109268120,112570389,24,33054453
2018,109275681,112570262,24,33058731
2018,109268134,112576834,24,33054468
2018,109538452,112856277,1,33150073
2018,109542258,112856347,24,33150122
2018,109542291,112861422,24,33150140
2018,109542291,112856389,24,33146277
2018,109542291,112856390,24,33141513
2018,109547073,112856444,3,33150177
2018,109538501,112861373,24,33150107
2018,109546939,112861346,24,33146212
2018,109538511,112865462,24,33146242
2018,109547004,112861405,16,33150134
2018,109547025,112865504,24,33146281
2018,109275623,112579674,18,33058689
2018,109275631,112579692,24,33058709
2018,109272075,112570243,24,33058717
2018,109275746,112579825,24,33058786
2018,109268098,112579825,24,33058787
2018,110964499,114298646,24,33603044
2018,110969671,114307282,24,33608351
2018,110969671,114307281,24,33603052
2018,110969671,114307280,24,33608350
2018,110973221,114307280,24,33611884
2018,110973221,114307281,24,33611885
2018,110973221,114307282,24,33603051
2018,110972982,114306968,24,33608154
2018,110969428,114298329,24,33608159
2018,110969428,114303398,24,33611737
2018,110969428,114306986,24,33608160
2018,110973017,114307009,24,33602900
2018,110973022,114307019,18,33602906
2018,110973022,114307018,18,33608185
2018,110973028,114298394,1,33608205
2018,110973028,114298395,1,33602911
2018,110964389,114303550,24,33611808
2018,110964500,114298648,24,33603045
2018,110972963,114303371,24,33602871
2018,110972987,114303386,24,33602880
2018,110972987,114303387,24,33602881
2018,110964245,114303402,24,33608165
2018,110969432,114298340,24,33608166
2018,110973007,114298338,24,33611742
2018,110973007,114306989,24,33608167
2018,110973007,114298337,24,33611741
2018,110973007,114306991,24,33602895
2018,110964249,114306997,24,33608168
2018,110964266,114307004,24,33611751
2018,110973037,114303469,24,33602917
2018,110964317,114307047,24,33611780
2018,110964365,114303531,24,33611798
2018,110964365,114303529,24,33611797
2018,110964365,114303532,24,33602940
2018,110964365,114303530,24,33608254
2018,110973096,114307106,16,33608264
2018,110969546,114298507,24,33602948
2018,110973134,114307177,24,33602981
2018,111637487,114979308,24,33861959
2018,111637487,114972929,24,33861957
2018,111637488,114972929,24,33861960
2018,111637488,114979308,24,33861961
2018,111630118,114984298,1,33862630
2018,111630118,114984297,1,33862629
2018,111630118,114984299,1,33859751
2018,111630142,114974590,18,33859759
2018,111630143,114974590,18,33859760
2018,111630145,114984352,24,33859761
2018,111639634,114984237,24,33862567
2018,111639643,114988295,1,33862582
2018,111639712,114984323,24,33859758
2018,111639717,114984333,24,33862650
2018,111639723,114984339,1,33862652
2018,111643209,114974575,12,33862633
2018,111643259,114984396,24,33862677
2018,111639771,114988418,24,33862681
2018,124786316,128273597,24,38605125
2018,110969622,114307197,24,33602992
2018,110969622,114307196,24,33602991
2018,110969622,114307194,24,33608319
2018,110969622,114307195,24,33608320
2018,110964452,114303626,24,33611852
2018,110964452,114303625,24,33611851
2018,110973215,114298649,24,33603046
2018,110973214,114298649,24,33611883
2018,110964509,114303686,24,33611894
2018,110964235,114303390,24,33611728
2018,110973002,114298330,3,33611738
2018,110969447,114303419,24,33608175
2018,110964449,114298585,24,33611849
2018,110969415,114306944,24,33611710
2018,110969415,114306945,24,33611712
2018,110964210,114306945,24,33602867
2018,110964210,114306944,24,33602868
2018,110964279,114303439,3,33611761
2018,110964277,114307017,14,33611758
2018,110969478,114298405,24,33608213
2018,110969478,114298406,24,33608214
2018,110969478,114303461,24,33602914
2018,110969478,114298407,24,33602913
2018,110969478,114298404,24,33608212
2018,110969603,114298570,24,33608309
2018,110969603,114303605,24,33611842
2018,110969603,114298571,24,33608310
2018,110969603,114298572,24,33602982
2018,110969603,114303604,24,33611841
2018,110964453,114298591,3,33611853
2018,110973163,114307203,24,33608322
2018,110973163,114298597,24,33602998
2018,110973163,114307204,24,33602997
2018,110973163,114298598,16,33602999
2018,110973168,114303629,1,33603003
2018,110973165,114303629,1,33603001
2018,110973167,114303629,1,33603002
2018,110964190,114298252,24,33611692
2018,110964190,114298253,24,33611693
2018,110969409,114298281,24,33608136
2018,110972964,114303373,24,33602872
2018,110964241,114298328,24,33602888
2018,110969439,114298347,24,33608170
2018,110969442,114307002,3,33608173
2018,110969450,114303421,24,33608177
2018,110964276,114307013,24,33608184
2018,110964276,114303427,24,33608182
2018,110964276,114307015,24,33602902
2018,110964276,114303430,24,33602904
2018,110964276,114303429,24,33602903
2018,110964276,114307014,24,33602901
2018,110964276,114307012,24,33608183
2018,110964278,114303433,24,33611759
2018,110964278,114303434,24,33611760
2018,110964278,114303431,24,33608187
2018,110964278,114303428,24,33602907
2018,110964278,114307016,24,33608186
2018,110964298,114303460,24,33611773
2018,110973098,114307109,24,33602946
2018,110973098,114307108,24,33602945
2018,110973116,114307139,24,33602962
2018,110964503,114307283,24,33611886
2018,110964512,114298663,24,33608364
2018,111634200,114972797,24,33866760
2018,111637382,114981895,18,33861875
2018,111637418,114981936,24,33861901
2018,111637418,114981935,24,33861900
2018,111637423,114981950,24,33859184
2018,111634325,114982023,24,33861956
2018,111634106,114972700,24,33861802
2018,111634106,114972701,24,33861803
2018,111634106,114972702,24,33859109
2018,111634106,114972699,24,33861801
2018,111637277,114972701,24,33866673
2018,111637277,114972699,24,33866671
2018,111637277,114972702,24,33866674
2018,111637277,114972700,24,33866672
2018,111637278,114972700,24,33861798
2018,111637278,114972702,24,33866675
2018,111637278,114972701,24,33861799
2018,111637278,114972699,24,33861797
2018,111634118,114981776,24,33861814
2018,111634118,114979061,24,33861813
2018,111637299,114981785,1,33861817
2018,111637402,114981915,24,33861890
2018,111634285,114981982,4,33866838
2018,111628435,114972911,24,33859222
2018,111630069,114988268,24,33862566
2018,111639646,114988299,25,33867993
2018,111639646,114988297,9,33867992
2018,111643153,114988299,9,33867989
2018,111643153,114988297,25,33867991
2018,111643166,114974522,24,33868000
2018,111643235,114984369,3,33859765
2018,111630202,114988444,5,33859809
2018,111630203,114988444,21,33859810
2018,111634102,114979043,24,33866664
2018,111634108,114972705,24,33866679
2018,111634108,114981764,24,33866682
2018,111634108,114972707,24,33861807
2018,111634108,114981763,24,33866681
2018,111634108,114972706,24,33861806
2018,111634108,114972708,24,33866680
2018,111634295,114981991,24,33861936
2018,111634295,114979285,24,33861937
2018,111634295,114981992,24,33866845
2018,111634295,114979284,24,33861941
2018,111634295,114979282,24,33861938
2018,111634295,114979283,24,33861940
2018,111637415,114972830,24,33861897
2018,111634246,114979215,18,33866811
2018,111634300,114981999,24,33866851
2018,111637486,114982025,24,33861958
2018,111643200,114974563,24,33862625
2018,111643200,114988355,24,33862624
2018,111639707,114984316,24,33868057
2018,111630181,114988413,24,33862678
2018,111630181,114984397,24,33859789
2018,111639800,114988453,24,33862704
2018,111639800,114988455,24,33862706
2018,111639800,114988454,24,33862705
2018,111639800,114988452,24,33862703
2018,110972967,114306953,24,33611717
2018,110973014,114298365,24,33608180
2018,110964391,114303551,24,33611809
2018,110964391,114303554,24,33608268
2018,110964391,114303552,24,33611810
2018,110969548,114298509,24,33602950
2018,110973101,114298509,24,33602949
2018,110973108,114307134,24,33602959
2018,110973161,114298594,24,33602996
2018,110964457,114307211,24,33611859
2018,110964457,114307213,24,33611860
2018,111634079,114972663,24,33859080
2018,111634079,114972666,24,33859081
2018,111634079,114972665,24,33859083
2018,111637275,114979045,24,33861796
2018,111628303,114972719,24,33866691
2018,111634131,114972727,24,33866701
2018,111628328,114972772,24,33866740
2018,111628339,114972784,24,33859149
2018,111634208,114981884,1,33866767
2018,111634208,114981881,1,33866765
2018,111634208,114981880,1,33866764
2018,111634208,114981882,1,33866766
2018,111628387,114979207,24,33859183
2018,111628387,114979209,24,33866807
2018,111628387,114979211,24,33861908
2018,111628387,114972844,24,33866808
2018,111628387,114981946,24,33866809
2018,111637466,114979286,24,33861939
2018,111634297,114981996,1,33861942
2018,112430060,115803230,16,34140503
2018,112437067,115803251,24,34137065
2018,112430073,115807791,24,34140519
2018,112433492,115799003,24,34140563
2018,112433528,115799053,16,34137119
2018,112433528,115803309,16,34134468
2018,112437046,115798921,24,34134395
2018,112437048,115798921,24,34137049
2018,112433454,115798921,24,34134394
2018,112437047,115798921,24,34137048
2018,112433461,115803238,24,34134405
2018,112430124,115799009,24,34140567
2018,112430124,115807825,24,34134432
2018,112430124,115799010,24,34134431
2018,112430127,115799011,24,34140570
2018,112433502,115807830,24,34134437
2018,112430136,115799029,24,34140590
2018,112433522,115803307,24,34134464
2018,112433541,115799076,24,34134485
2018,112433465,115798932,24,34137057
2018,112430069,115807792,24,34140517
2018,112437060,115798951,3,34137062
2018,111628275,114972678,24,33859093
2018,111628275,114972679,24,33861786
2018,111628275,114972680,24,33859094
2018,111637303,114979072,1,33861819
2018,111637337,114972762,24,33861840
2018,111637337,114981834,1,33859132
2018,111637337,114972761,16,33859133
2018,111634196,114972790,1,33866757
2018,111634196,114972787,24,33866756
2018,111634196,114972789,1,33859156
2018,111634196,114972788,1,33859155
2018,111634195,114972790,24,33859153
2018,111634195,114972788,24,33861863
2018,111634195,114972789,24,33859152
2018,111634195,114972787,18,33859154
2018,111637367,114979154,18,33861865
2018,111637422,114981949,24,33859185
2018,111637422,114972851,24,33859186
2018,111637442,114979230,16,33866818
2018,111637445,114979234,1,33861920
2018,111637445,114979233,1,33866819
2018,111637445,114979235,1,33861921
2018,112430125,115803277,24,34140568
2018,112430157,115803303,3,34140603
2018,112437052,115803235,24,34134404
2018,112437052,115803233,24,34137054
2018,112437052,115803234,24,34134403
2018,112437052,115803236,24,34137055
2018,112437052,115803232,24,34137053
2018,112437052,115798922,24,34134400
2018,112437052,115798923,24,34137051
2018,112430072,115803245,24,34140520
2018,112433478,115807803,3,34137066
2018,112430099,115798970,24,34140537
2018,112430139,115807844,24,34137101
2018,112430139,115807843,1,34137100
2018,112430151,115807857,24,34134460
2018,112430151,115799044,24,34134459
2018,112430151,115799042,24,34134457
2018,112430151,115807858,24,34134461
2018,112430151,115799043,24,34134458
2018,112430159,115803305,24,34140604
2018,112433521,115803305,24,34134463
2018,112437107,115799050,24,34137114
2018,112437107,115807863,24,34137115
2018,112430179,115799072,24,34140622
2018,112430179,115799073,24,34140623
2018,112433539,115807887,18,34134481
2018,112433539,115807886,18,34134480
2018,112433540,115803338,3,34134483
2018,112433547,115807896,24,34134489
2018,112433559,115799100,24,34134495
2018,112433559,115799099,16,34137154
2018,112433453,115803228,24,34134392
2018,112430065,115807787,24,34140511
2018,112430152,115799041,24,34140600
2018,112437114,115803325,16,34137132
2018,111637265,114972683,24,33866660
2018,111637268,114981751,24,33861790
2018,111639714,114984330,24,33862648
2018,111639714,114984329,24,33862647
2018,111639714,114984327,24,33862645
2018,111639714,114984328,24,33862646
2018,111637308,114981795,24,33866705
2018,111637333,114981828,24,33861836
2018,111643145,114988288,24,33867982
2018,111639721,114984338,24,33862651
2018,112430190,115799093,24,34140632
2018,111639814,114988464,24,33868120
2018,111639840,114984474,1,33862736
2018,111639840,114984473,1,33862735
2018,111639843,114984477,24,33862741
2018,111639850,114984485,24,33862744
2018,126049333,129549263,24,39172281
2018,126053609,129555259,24,39163585
2018,111630077,114974497,1,33859711
2018,111643202,114988358,25,33868043
2018,111643202,114988357,17,33862631
2018,111643203,114988357,25,33868045
2018,111643203,114988358,5,33868044
2018,111639728,114984343,18,33862655
2018,111639727,114984343,18,33862654
2018,111639735,114984351,24,33862657
2018,111630228,114989694,16,33868130
2018,111630235,114989703,24,33859828
2018,111639836,114984465,16,33862732
2018,111634078,114972660,24,33866644
2018,111637283,114979054,24,33861808
2018,111628319,114981826,3,33861837
2018,111637336,114981833,24,33861838
2018,111628330,114979129,24,33866742
2018,111628402,114972861,24,33859190
2018,111634298,114972914,24,33866847
2018,111634298,114972912,25,33861943
2018,111628437,114972912,24,33866849
2018,111628437,114972914,25,33866850
2018,110964201,114303359,24,33608133
2018,110969396,114306884,24,33602829
2018,110964200,114303361,26,33611701
2018,110964209,114303370,24,33608145
2018,110972983,114306967,24,33602879
2018,110972983,114306965,24,33602877
2018,110972983,114306966,24,33602878
2018,110969462,114303441,24,33602909
2018,110969514,114307064,24,33602926
2018,110969555,114303562,24,33608275
2018,110969554,114303562,24,33602958
2018,110964459,114298600,24,33611862
2018,110964459,114303630,24,33603006
2018,110964205,114298278,24,33611706
2018,111628285,114972688,24,33859105
2018,111637273,114979044,24,33866670
2018,111634105,114979050,24,33866676
2018,111637320,114981814,18,33859124
2018,111634179,114972771,24,33866739
2018,111634179,114979124,24,33859136
2018,111634179,114979125,24,33866738
2018,111637354,114981859,24,33859137
2018,111637354,114981864,24,33861856
2018,111637354,114972776,24,33859139
2018,111637354,114979132,24,33859138
2018,111634217,114981901,24,33866789
2018,111634216,114981901,3,33866788
2018,111643178,114984261,24,33868017
2018,111643217,114984354,24,33862659
2018,111643217,114984353,24,33862660
2018,111639777,114988431,24,33862683
2018,111639777,114984407,24,33862684
2018,111630217,114984435,24,33868118
2018,111639839,114989725,18,33868149
2018,111639839,114989723,18,33868146
2018,111639839,114988488,18,33868150
2018,111639839,114989724,18,33868148
2018,111639848,114984484,24,33862743
2018,112430053,115803224,16,34140498
2018,112437051,115798927,24,34134402
2018,112437056,115803246,24,34140522
2018,112430090,115803248,24,34140528
2018,112437064,115803248,24,34137063
2018,112437068,115803250,24,34134413
2018,112433476,115803250,24,34140530
2018,112433479,115798968,24,34134415
2018,112433483,115807805,24,34134418
2018,112433483,115807806,24,34134419
2018,112433483,115798974,24,34134420
2018,110969421,114303378,24,33608149
2018,110972996,114306978,24,33611730
2018,110972996,114298321,24,33611731
2018,110969544,114303546,24,33608265
2018,112437042,115798913,9,34137044
2018,112437042,115803227,9,34137045
2018,112437099,115807852,24,34137105
2018,112437099,115807851,24,34140597
2018,112433533,115807875,24,34137131
2018,112430052,115798909,24,34140497
2018,112430062,115807785,24,34137056
2018,112437073,115798981,24,34137071
2018,112430116,115803267,24,34137074
2018,112433488,115803267,24,34134426
2018,112437079,115803267,24,34140548
2018,112437082,115798992,24,34140555
2018,112437082,115798994,24,34140557
2018,112437082,115798995,24,34140558
2018,112437082,115798993,24,34140556
2018,112433490,115798995,24,34140560
2018,112433490,115798992,24,34137077
2018,112433490,115798993,24,34137078
2018,112433490,115798994,24,34137079
2018,112433498,115803278,24,34137087
2018,112433515,115807850,24,34134454
2018,112433517,115807850,24,34134455
2018,112430135,115807839,24,34140589
2018,112430135,115807838,24,34134446
2018,112430135,115807837,24,34134445
2018,112437101,115803299,24,34137107
2018,112433519,115807860,24,34137110
2018,112437131,115799091,3,34137150
2018,112430193,115807912,24,34140637
2018,123579852,127044330,3,38118180
2018,111630111,114974561,24,33862618
2018,111630111,114988348,16,33868038
2018,111630111,114988347,16,33868037
2018,111639711,114984322,24,33862644
2018,111639715,114984331,24,33862649
2018,111639724,114984340,24,33862653
2018,111630156,114984367,24,33868066
2018,111639755,114984386,24,33868084
2018,111639788,114984415,24,33862695
2018,111639803,114988456,24,33859815
2018,111639803,114988457,24,33859816
2018,111639830,114989707,24,33859833
2018,111639830,114984454,24,33859832
2018,111639831,114988485,9,33868142
2018,111643218,114974591,3,33862658
2018,111643218,114988376,16,33868058
2018,111639760,114984391,24,33868087
2018,111643286,114984416,24,33868104
2018,111643287,114984416,24,33868105
2018,111643332,114989726,24,33868147
2018,111643332,114984469,24,33862733
2018,111634219,114981904,25,33861879
2018,111634219,114981905,12,33861878
2018,111634218,114981904,12,33859163
2018,111634218,114981905,25,33866790
2018,111634259,114981961,24,33866816
2018,111634301,114982003,24,33861945
2018,126053541,129555180,24,39168565
2018,126053479,129549203,24,39163445
2018,111628269,114981731,24,33861774
2018,111628272,114972672,24,33859086
2018,111628273,114972671,24,33861782
2018,111628276,114972681,24,33866653
2018,111637264,114979026,24,33861787
2018,111628293,114981762,24,33859108
2018,111637279,114972704,24,33866677
2018,111637279,114979048,24,33861800
2018,111637279,114979049,24,33866678
2018,111637279,114981761,24,33861804
2018,111637279,114972703,24,33861805
2018,111628297,114979059,24,33866687
2018,111628297,114981771,24,33859110
2018,111628297,114979058,24,33859111
2018,111637300,114981786,24,33861818
2018,111634129,114981789,9,33866697
2018,111628308,114979080,24,33861821
2018,111628308,114979081,24,33861822
2018,111628308,114979082,24,33861823
2018,111628308,114979083,24,33866708
2018,111634147,114981805,24,33861824
2018,111634148,114979095,24,33861826
2018,111634159,114979106,24,33866724
2018,111637334,114981830,16,33859130
2018,111628325,114979115,24,33861839
2018,111634174,114979116,24,33859134
2018,111637348,114972766,24,33861849
2018,111637348,114979120,24,33866733
2018,111637348,114972767,24,33861851
2018,111637348,114972765,24,33866734
2018,111637348,114979121,24,33861852
2018,111628331,114979134,18,33866747
2018,111628332,114972775,24,33861855
2018,111628332,114981860,24,33859140
2018,111628332,114979133,24,33859141
2018,111637363,114981875,24,33859159
2018,111634206,114972801,24,33866763
2018,111637368,114979157,24,33866769
2018,111637368,114979156,24,33866768
2018,111637373,114979162,24,33861868
2018,111637381,114981893,24,33866780
2018,111637381,114972809,24,33866781
2018,111637381,114981892,24,33866779
2018,111637381,114972810,24,33859161
2018,111637399,114979185,24,33866794
2018,111637408,114981918,24,33861892
2018,111637413,114979197,24,33861893
2018,111637430,114979222,24,33861912
2018,111634264,114979236,24,33866820
2018,111634270,114979244,24,33866824
2018,111634275,114972886,24,33866827
2018,111634276,114979250,24,33866828
2018,111634276,114979251,24,33859200
2018,111634276,114979249,24,33866826
2018,111634276,114972885,24,33859201
2018,111637454,114972892,16,33861928
2018,111634292,114981988,3,33859211
2018,111634292,114972908,25,33866840
2018,111637464,114981988,25,33859215
2018,111637464,114972908,3,33859214
2018,111634176,114972768,24,33866735
2018,111634184,114981857,24,33861854
2018,111634184,114981856,24,33866746
2018,111634184,114981858,24,33866748
2018,111634184,114981855,24,33866745
2018,111637380,114979165,24,33861872
2018,111637380,114979164,24,33866775
2018,111634211,114979164,24,33866772
2018,111634211,114979165,24,33866774
2018,111637421,114972847,24,33866810
2018,111634278,114979252,24,33866830
2018,111634278,114981975,24,33866829
2018,111634278,114981976,24,33866831
2018,111634321,114979300,24,33859229
2018,111634321,114982016,24,33861952
2018,111634321,114982017,24,33866866
2018,111634322,114982019,24,33859230
2018,111634322,114979301,24,33866863
2018,111634322,114972928,24,33866865
2018,111634326,114979305,24,33866867
2018,111634328,114979307,24,33866868
2018,111628357,114979174,24,33866782
2018,111637395,114972817,24,33859165
2018,111628379,114981924,24,33866801
2018,111628429,114981987,24,33859209
2018,111637475,114982006,25,33866853
2018,111637475,114972917,24,33859224
2018,111634308,114972917,25,33866857
2018,111634308,114982006,24,33866854
2018,111630070,114988270,24,33867970
2018,111630070,114988272,24,33867969
2018,111630070,114988271,24,33867971
2018,111643133,114988269,5,33859701
2018,111630074,114988278,24,33859703
2018,111643137,114974491,24,33867974
2018,111630076,114974493,24,33859707
2018,111630076,114988281,24,33867977
2018,111639633,114988282,24,33867978
2018,111643143,114984240,24,33867981
2018,111643143,114988287,24,33859710
2018,111643143,114988285,24,33859708
2018,111643143,114974495,24,33867980
2018,111643143,114988286,24,33859709
2018,111643143,114974494,24,33867979
2018,111639640,114988294,24,33862574
2018,111639642,114974499,1,33862575
2018,111639642,114974502,1,33862578
2018,111639642,114974500,1,33867986
2018,111639642,114974503,1,33862579
2018,111639642,114974504,1,33862580
2018,111639642,114984241,1,33862576
2018,111639642,114974501,1,33862577
2018,111639642,114984242,1,33862581
2018,111643147,114974505,16,33867987
2018,111643149,114974508,24,33862586
2018,111643149,114974507,24,33862585
2018,111643149,114974506,24,33859713
2018,111643152,114984248,24,33867988
2018,111643152,114988298,24,33867990
2018,111630083,114974512,24,33862587
2018,111643154,114974512,24,33859714
2018,111643156,114974512,24,33867994
2018,111639650,114988303,24,33862595
2018,111639650,114988302,24,33862594
2018,111643167,114974521,24,33868001
2018,111643168,114974524,24,33868002
2018,111643168,114974523,24,33859723
2018,111630084,114974523,24,33868003
2018,111630084,114974524,24,33868004
2018,111639653,114974523,24,33859721
2018,111639653,114974524,24,33859722
2018,111639656,114988309,24,33868005
2018,111643180,114974531,18,33859729
2018,111643186,114988330,18,33868024
2018,111630099,114988334,24,33868027
2018,111639673,114974550,25,33862609
2018,111639673,114974549,1,33862610
2018,111639672,114974550,1,33862608
2018,111639672,114974549,25,33862607
2018,111630106,114974554,24,33868033
2018,111643196,114974553,3,33862615
2018,111639682,114974560,24,33859747
2018,111643204,114984301,24,33868046
2018,111639690,114974569,24,33868047
2018,111643210,114984311,24,33859753
2018,111639698,114988365,24,33862634
2018,111643211,114988365,24,33862635
2018,111639701,114988365,24,33859754
2018,111630134,114974582,24,33868055
2018,111630134,114974583,24,33862640
2018,111643219,114974593,24,33868059
2018,111639738,114984355,24,33862662
2018,111643222,114984355,24,33862663
2018,111639737,114984355,3,33862661
2018,114309247,117650053,24,34726843
2018,111639741,114988382,24,33868064
2018,111639741,114984358,24,33862665
2018,111639741,114988383,24,33868065
2018,111639742,114984361,24,33862666
2018,114311566,117650027,24,34730986
2018,111643233,114974599,24,33868068
2018,111630158,114974605,24,33868076
2018,111643238,114974607,24,33868081
2018,111643238,114974606,24,33868080
2018,111630162,114984376,24,33862669
2018,111630162,114974611,24,33859777
2018,111630162,114984377,24,33862670
2018,111643253,114988406,24,33868088
2018,111643255,114988409,24,33868090
2018,111643255,114988408,9,33868089
2018,111643264,114984400,24,33862680
2018,123580167,127031864,16,38118439
2018,123580167,127031863,16,38109402
2018,111643267,114988421,3,33859791
2018,111639774,114984404,16,33859792
2018,111639783,114988434,24,33862691
2018,111643278,114988435,24,33868099
2018,111643279,114988436,24,33868100
2018,111643282,114989659,18,33868101
2018,111630199,114988440,24,33859805
2018,111639786,114988437,24,33862692
2018,111643284,114988437,24,33862694
2018,111643289,114989661,24,33859807
2018,111643289,114984417,24,33859806
2018,111643297,114989666,24,33862702
2018,111639799,114989666,24,33862701
2018,111643298,114984426,24,33868112
2018,111630209,114984427,24,33859813
2018,111643300,114988458,24,33868113
2018,111639807,114989675,24,33868116
2018,111630216,114988462,24,33862713
2018,111643306,114984443,3,33868127
2018,111643307,114989691,24,33862718
2018,111643308,114988472,24,33868129
2018,111630226,114989692,24,33859823
2018,111630229,114989695,24,33868131
2018,111643318,114988483,24,33868140
2018,111628333,114972778,24,33859143
2018,111628333,114972780,24,33859145
2018,111628333,114972779,24,33859144
2018,111628340,114981868,24,33859150
2018,111628340,114972783,24,33861858
2018,111628391,114972850,24,33861909
2018,111637447,114979239,3,33861923
2018,111634294,114981993,24,33866844
2018,111643327,114989717,24,33862730
2018,111643327,114989716,24,33868143
2018,111643327,114989714,24,33862731
2018,111630242,114989714,24,33868144
2018,111630242,114989717,24,33859834
2018,111630242,114989716,24,33868145
2018,111639837,114984468,24,33859835
2018,111643336,114989732,24,33868152
2018,111637257,114981742,1,33859085
2018,111637257,114981741,1,33859084
2018,111634290,114979272,24,33861932
2018,111637484,114979302,24,33861953
2018,111634183,114979130,24,33866743
2018,111634183,114979131,24,33866744
2018,111637389,114979178,24,33866786
2018,111634214,114979178,24,33866783
2018,111637393,114972815,21,33861880
2018,126049312,129560098,24,39168559
2018,126058195,129555172,24,39163503
2018,126058197,129555175,16,39172275
2018,126058201,129549258,24,39168567
2018,126053546,129555188,24,39163520
2018,126058213,129549266,24,39168580
2018,111637250,114981730,25,33861770
2018,111637250,114981729,1,33861769
2018,111637251,114981729,25,33861772
2018,111637251,114981730,1,33861771
2018,111637255,114981736,24,33859082
2018,111637285,114972715,24,33861810
2018,111637285,114972716,24,33861811
2018,111637377,114981888,24,33861869
2018,111637377,114981887,24,33866773
2018,111634257,114972871,24,33866815
2018,111637468,114981995,16,33859221
2018,111639668,114984284,24,33868025
2018,111630132,114974580,24,33862637
2018,111630132,114974581,24,33862638
2018,111630160,114984374,24,33868079
2018,111639749,114974614,24,33859776
2018,111643299,114989672,16,33859814
2018,111630248,114988490,24,33859837
2018,111630248,114989727,24,33859838
2018,111630248,114988489,24,33859836
2018,111639752,114988394,24,33868083
2018,111639764,114988412,24,33862676
2018,111639795,114984424,24,33862697
2018,111639794,114984424,24,33868111
2018,111637330,114972753,24,33861835
2018,111637351,114972770,24,33861853
2018,111634254,114972853,24,33859188
2018,111643138,114974492,25,33867976
2018,111643138,114974490,3,33867975
2018,111643136,114974490,25,33859705
2018,111643136,114974492,3,33859704
2018,111630078,114988292,24,33862570
2018,111639669,114988332,24,33868026
2018,111639677,114988346,24,33862617
2018,111630131,114974578,24,33862636
2018,111630136,114984319,24,33859756
2018,111643239,114974613,24,33862668
2018,111630190,114989644,24,33859796
2018,111630190,114988430,24,33859795
2018,111630189,114989644,24,33859794
2018,111630189,114988430,24,33859793
2018,111639785,114984413,24,33859802
2018,111639785,114984412,24,33859801
2018,114311486,117646957,24,34726715
2018,110969460,114303437,24,33608190
2018,110969460,114298369,24,33608188
2018,110969460,114303438,24,33608191
2018,110969460,114298371,24,33608189
2018,110969460,114298370,24,33602908
2018,110973099,114307111,3,33602947
2018,110964431,114303601,24,33611838
2018,110972915,114298241,24,33602822
2018,110969453,114307005,1,33608178
2018,110969459,114307011,24,33611757
2018,110969459,114303426,24,33608181
2018,110973065,114303514,24,33608238
2018,110964463,114303634,24,33611866
2018,111634207,114979153,24,33861864
2018,111637371,114981886,24,33866770
2018,111637390,114981902,3,33866787
2018,111634304,114979291,24,33866855
2018,111628439,114979291,24,33866858
2018,111630072,114984234,24,33859702
2018,111630095,114974543,24,33859731
2018,111630095,114974542,24,33862605
2018,111643213,114988368,24,33862639
2018,111639747,114984370,25,33868071
2018,111639747,114984372,24,33868070
2018,111643236,114984372,25,33868073
2018,111643236,114984370,24,33868072
2018,111643134,114984235,24,33867973
2018,111639649,114974511,24,33859715
2018,111639649,114988300,24,33862592
2018,111639649,114974515,24,33862591
2018,111639649,114984249,24,33859716
2018,111639649,114984250,24,33862589
2018,111639649,114974514,24,33862590
2018,111630108,114974556,24,33868035
2018,111630191,114984406,18,33859797
2018,111639778,114989649,24,33862685
2018,111639778,114989650,24,33862686
2018,111630193,114989650,24,33859800
2018,111630193,114989649,24,33859799
2018,111630192,114989649,24,33862689
2018,111630192,114989650,24,33862690
2018,111639779,114989650,24,33862688
2018,111639779,114989649,24,33862687
2018,111634089,114981748,7,33866654
2018,111637311,114981796,24,33861820
2018,111628311,114981806,24,33866713
2018,111628311,114972731,24,33861827
2018,111628311,114981809,24,33861829
2018,111628311,114981808,24,33866715
2018,111637356,114979139,24,33859147
2018,111628337,114979139,24,33861857
2018,111628388,114981947,24,33866812
2018,110964187,114303352,24,33608127
2018,110964208,114298284,24,33611709
2018,110964211,114298289,24,33602869
2018,110969441,114307001,24,33608172
2018,110969440,114307001,24,33608171
2018,110969443,114303412,24,33608174
2018,110969524,114307076,16,33611789
2018,110964367,114298480,24,33611799
2018,110964369,114298479,24,33602941
2018,110964454,114298592,26,33611854
2018,110973171,114298604,24,33603005
2018,110964461,114298611,3,33611864
2018,110973175,114298610,24,33608328
2018,110973175,114298609,24,33608325
2018,110969667,114303671,24,33603047
2018,110964515,114298665,24,33611898
2018,110964515,114298666,24,33611897
2018,110964515,114307297,24,33611896
2018,110969418,114306949,24,33602873
2018,110969418,114306950,24,33608148
2018,110964225,114298303,24,33611724
2018,110973103,114307120,24,33608271
2018,112437072,115803254,16,34140535
2018,112430108,115798980,4,34140540
2018,110973164,114307205,24,33611858
2018,110973164,114307206,24,33608323
2018,110973164,114307207,24,33603000
2018,112437110,115803317,24,34140606
2018,112430171,115807878,24,34137137
2018,111630146,114988374,24,33859762
2018,110964240,114298324,24,33611736
2018,110964240,114303395,24,33608158
2018,110964240,114306979,24,33611735
2018,110964240,114303394,24,33611732
2018,110964355,114307077,18,33608243
2018,110973075,114303522,24,33602930
2018,110969615,114298580,24,33611847
2018,110964446,114298580,24,33611848
2018,112430056,115798914,24,34134390
2018,112430056,115798915,24,34134391
2018,112430056,115798916,24,34140500
2018,112430071,115803242,24,34140516
2018,112433474,115798956,1,34134412
2018,112437070,115798962,24,34134414
2018,112430097,115803253,3,34140534
2018,112430150,115803298,24,34137106
2018,112430150,115803297,24,34140599
2018,112433525,115799052,24,34134465
2018,112433537,115803333,24,34134479
2018,112437121,115807891,24,34137143
2018,111634082,114979015,24,33866646
2018,111637289,114972720,24,33861815
2018,111634166,114972751,1,33859127
2018,111634172,114981829,24,33859129
2018,111634277,114972888,24,33859202
2018,123579755,127044213,24,38118098
2018,123579771,127031266,24,38118115
2018,123579771,127045549,24,38118112
2018,123579771,127031265,24,38118113
2018,123579771,127045550,24,38118116
2018,111634190,114979142,24,33866753
2018,111634198,114972792,24,33866758
2018,111628356,114979167,24,33866776
2018,111628356,114979169,24,33866778
2018,111628356,114979168,24,33866777
2018,111628413,114981972,1,33859198
2018,111628413,114981971,1,33859197
2018,111634272,114979247,24,33866825
2018,111634272,114979246,24,33861924
2018,111639647,114974516,24,33862588
2018,111630110,114988349,24,33868036
2018,111630110,114984293,24,33859745
2018,111630173,114984387,24,33859785
2018,111630173,114989623,24,33859784
2018,114304365,117646961,3,34722525
2018,111639787,114988439,25,33862693
2018,111639787,114988438,24,33859804
2018,111643283,114988439,24,33868102
2018,111643283,114988438,25,33868103
2018,111630225,114988469,24,33859822
2018,111630252,114988492,24,33859841
2018,111630251,114988492,24,33859840
2018,111639845,114984482,24,33862742
2018,114309255,117647145,24,34731018
2018,123572515,127045769,24,38109176
2018,112430066,115798933,24,34140512
2018,112437083,115799005,24,34134430
2018,112437083,115803271,24,34137085
2018,112437083,115798996,24,34140565
2018,112437083,115803272,24,34137086
2018,112437083,115798999,24,34137081
2018,112437083,115799002,24,34137082
2018,112437083,115803269,24,34137083
2018,112437083,115798997,24,34140566
2018,112437083,115803270,24,34137084
2018,112430165,115799054,16,34137129
2018,112430183,115803340,24,34134487
2018,112430183,115803342,24,34134488
2018,112430183,115803339,24,34137145
2018,112437134,115803351,24,34137152
2018,110969408,114298274,1,33611705
2018,110969408,114298273,1,33611704
2018,110969427,114298325,24,33608157
2018,110969449,114303420,24,33608176
2018,110969616,114303620,24,33602988
2018,110973181,114307230,24,33603013
2018,110964497,114303670,24,33608344
2018,110969664,114303670,24,33608345
2018,111639694,114974574,24,33868050
2018,111643271,114988427,24,33868096
2018,111643271,114988428,24,33868097
2018,111639797,114988451,24,33862700
2018,111639810,114988459,24,33862711
2018,111639809,114988459,24,33862710
2018,111639811,114988459,24,33862712
2018,111639806,114988459,24,33862708
2018,110969527,114303525,24,33608248
2018,110964399,114303561,24,33608272
2018,110973136,114303608,24,33608308
2018,110973155,114307199,24,33608318
2018,112433486,115803262,1,34134422
2018,112433486,115803263,24,34134423
2018,110973159,114303624,24,33602995
2018,110973160,114298593,24,33611855
2018,112433457,115807775,16,34137050
2018,112433457,115807778,18,34134397
2018,112433457,115807779,18,34134398
2018,112433457,115807781,18,34134401
2018,112433457,115807777,18,34140506
2018,112433457,115807780,18,34134399
2018,112433457,115807776,18,34140505
2018,111634103,114972697,24,33866668
2018,111634103,114979041,24,33866665
2018,111634103,114972695,24,33866666
2018,111634103,114979040,24,33866663
2018,111634103,114972696,24,33866667
2018,111634103,114979039,24,33861792
2018,111628334,114981867,24,33866752
2018,111628334,114979135,24,33866750
2018,111628334,114979136,24,33859146
2018,111628334,114981862,24,33866749
2018,111628334,114981866,24,33866751
2018,111628334,114981863,24,33859142
2018,111637416,114972832,24,33859177
2018,111637476,114972921,24,33861950
2018,111634316,114972922,24,33866861
2018,111634316,114982009,24,33866862
2018,123572336,127045582,24,38109023
2018,123572336,127045583,16,38109021
2018,123572336,127045581,24,38109022
2018,111628270,114979011,24,33861775
2018,111628270,114981732,24,33861776
2018,111628270,114981733,24,33861777
2018,111628270,114981734,24,33861778
2018,111628270,114981735,24,33859079
2018,111637262,114981745,24,33866651
2018,111628280,114979028,24,33866659
2018,111628280,114979029,24,33859100
2018,111628280,114979030,24,33859102
2018,111628280,114981749,24,33861788
2018,111628280,114979031,24,33859104
2018,111628280,114981750,24,33861789
2018,111628280,114979027,24,33866658
2018,111637270,114981755,24,33866662
2018,111637270,114981756,24,33861791
2018,111634117,114981774,24,33861812
2018,111637326,114981822,16,33861832
2018,111628323,114972756,3,33859131
2018,111634173,114981835,24,33866731
2018,111634175,114979119,23,33861850
2018,111628351,114979155,16,33861866
2018,111628351,114972804,16,33861867
2018,111628353,114979171,18,33861874
2018,111628353,114979170,18,33861873
2018,111637379,114979170,18,33861871
2018,111637379,114979171,18,33861870
2018,111628360,114981896,18,33859162
2018,111637385,114972813,24,33861876
2018,111634225,114972820,16,33859167
2018,111628386,114981945,24,33859182
2018,111628386,114981943,24,33861905
2018,111628386,114981941,24,33861903
2018,111628386,114981942,24,33861904
2018,111628386,114981944,24,33861906
2018,111634245,114972846,24,33861907
2018,111628392,114979216,24,33859187
2018,111637436,114972866,24,33859191
2018,111637436,114972867,24,33861913
2018,111628408,114981965,24,33859194
2018,111628408,114972874,24,33859192
2018,111628408,114981967,24,33861919
2018,111628408,114972875,24,33859193
2018,111637446,114979238,16,33859196
2018,111634303,114972916,24,33861948
2018,111634303,114982004,24,33861946
2018,111634303,114972915,24,33861949
2018,111634303,114982002,24,33861947
2018,111634303,114982005,24,33866852
2018,110973141,114303612,1,33602983
2018,110969609,114303616,24,33608314
2018,110964244,114298320,24,33602889
2018,110964244,114306984,24,33602891
2018,110964244,114303397,24,33608163
2018,110964244,114298327,24,33602890
2018,110964244,114298326,24,33608164
2018,110964244,114303393,24,33611739
2018,110969437,114298344,24,33611746
2018,110969454,114303424,24,33611752
2018,110969480,114298408,24,33608216
2018,111630263,114989746,18,33859846
2018,111630263,114989745,18,33859845
2018,111630127,114988364,24,33868051
2018,111630133,114988367,24,33859755
2018,111639762,114989635,24,33868091
2018,112433472,115798957,24,34134409
2018,112433472,115798955,24,34134408
2018,112433472,115798958,24,34134410
2018,112433472,115807801,24,34134411
2018,112430096,115803255,24,34137068
2018,112430111,115807809,24,34140542
2018,112430149,115803296,3,34134456
2018,112433557,115799098,24,34140636
2018,112433557,115799095,24,34134492
2018,112433557,115799096,24,34140635
2018,112433557,115807904,24,34134493
2018,111630090,114984263,24,33862598
2018,111630090,114984262,24,33862597
2018,111630096,114988329,24,33859738
2018,111630096,114988325,24,33859734
2018,111630096,114988327,24,33859736
2018,111630096,114984279,24,33859733
2018,111630096,114988328,24,33859737
2018,111630096,114984278,24,33859732
2018,111630096,114988326,24,33859735
2018,111630198,114989656,24,33859803
2018,111643290,114988441,24,33859808
2018,111643292,114984418,18,33868106
2018,110969390,114298244,24,33602827
2018,110969390,114303349,24,33608123
2018,110972981,114298305,24,33611725
2018,110964252,114303407,3,33602898
2018,110973145,114303617,24,33602985
2018,110973149,114298579,24,33602987
2018,110973035,114307029,24,33602916
2018,110973082,114303526,1,33602935
2018,110973082,114298465,1,33611792
2018,110964360,114303526,1,33602934
2018,110964360,114298465,3,33608251
2018,110969551,114298511,3,33608270
2018,110969628,114303632,24,33608324
2018,110973223,114298654,24,33608352
2018,112430057,115798917,16,34137047
2018,112430057,115798918,16,34140501
2018,112430057,115798919,16,34140502
2018,112433463,115798929,24,34140508
2018,112433463,115798930,24,34140509
2018,112430067,115807789,24,34140513
2018,112430067,115807788,24,34137058
2018,112430067,115807790,24,34140514
2018,112437053,115807790,24,34137059
2018,112437053,115807788,24,34140515
2018,112437053,115807789,24,34140518
2018,112430109,115798984,24,34140541
2018,112437076,115803266,24,34140546
2018,112437076,115807814,1,34140545
2018,112433494,115807824,9,34137080
2018,112433494,115799006,9,34134428
2018,112433504,115807833,24,34137098
2018,112437116,115803327,24,34134476
2018,112430098,115798969,24,34140536
2018,112430132,115807832,24,34137096
2018,112430155,115799048,24,34137111
2018,110969394,114303351,24,33608125
2018,110964189,114298250,24,33611690
2018,110964189,114298251,24,33611691
2018,110973010,114307003,3,33602899
2018,110973034,114303465,24,33602915
2018,110964348,114298449,24,33611787
2018,110969539,114307101,24,33608259
2018,110969562,114307143,24,33608282
2018,110969562,114298524,24,33608281
2018,111643155,114974513,24,33867995
2018,111630161,114974610,24,33868082
2018,111630161,114984378,24,33859774
2018,111630161,114974608,24,33859772
2018,111643269,114988423,24,33868095
2018,111643269,114988424,24,33862682
2018,111643303,114988463,24,33868117
2018,111630260,114988496,24,33859844
2018,110973170,114298602,1,33603004
2018,111643199,114984288,24,33859744
2018,111643199,114988345,24,33859743
2018,111630107,114984288,24,33862616
2018,111630107,114988345,24,33868034
2018,116049982,119383440,24,35345300
2018,116049982,119378812,24,35345301
2018,116049982,119383439,24,35345302
2018,111643262,114984399,18,33862679
2018,111630227,114988474,24,33862721
2018,111630233,114988478,24,33859827
2018,116050010,119373358,24,35345337
2018,116061526,119383514,24,35340492
2018,116061526,119378884,24,35340491
2018,116061526,119373392,24,35340493
2018,112433456,115798924,24,34140504
2018,112433464,115803240,16,34134406
2018,112430075,115807793,24,34140521
2018,112430106,115807808,24,34140539
2018,112433489,115807822,24,34140559
2018,112433491,115807823,24,34140561
2018,112433508,115803286,24,34134441
2018,112433508,115799027,24,34140583
2018,112433508,115807835,24,34140584
2018,112433508,115807836,24,34134442
2018,112433508,115803287,24,34140585
2018,112430134,115807836,24,34140588
2018,112430134,115807835,24,34134444
2018,112430134,115803287,24,34140587
2018,112430134,115803286,24,34140586
2018,112430134,115799027,24,34134443
2018,112433507,115807835,24,34134439
2018,112433507,115807836,24,34140582
2018,112433507,115799027,24,34140580
2018,112433507,115803286,24,34140581
2018,112433507,115803287,24,34134440
2018,112430161,115803318,24,34137123
2018,112433543,115799077,24,34140626
2018,112437122,115803341,24,34137144
2018,111634092,114979025,24,33866657
2018,116049962,119373253,24,35335512
2018,111637271,114979042,24,33861794
2018,111637271,114979038,24,33861793
2018,111634157,114972738,24,33861831
2018,111634210,114979161,24,33866771
2018,116054465,119378813,24,35345303
2018,111637419,114972839,16,33861902
2018,111628418,114979256,24,33866834
2018,126058155,129555113,24,39168522
2018,126058146,129549189,24,39168514
2018,126049289,129555135,24,39172240
2018,126058174,129560072,24,39163482
2018,126053536,129549254,24,39172272
2018,126058212,129560131,24,39168578
2018,126058212,129560132,25,39168579
2018,126049340,129560132,24,39172287
2018,126049340,129560131,25,39172288
2018,126058218,129560142,16,39168584
2018,126053605,129555251,24,39163578
2018,126053605,129555250,24,39163576
2018,126053605,129555253,24,39163580
2018,126053605,129555252,24,39163579
2018,126058227,129555267,24,39168596
2018,114309179,117650000,24,34726780
2018,114309199,117654761,1,34726789
2018,114309199,117647041,1,34726790
2018,114309199,117650009,18,34726793
2018,114311554,117650009,18,34726788
2018,114311554,117647041,1,34722597
2018,114311554,117654761,1,34722596
2018,114311563,117654771,24,34730983
2018,114311563,117654769,24,34730981
2018,114311563,117654770,24,34730982
2018,114309211,117654790,24,34726808
2018,114309211,117650024,24,34726805
2018,114309211,117654789,24,34726807
2018,114309211,117647069,24,34726806
2018,114309211,117654788,24,34722614
2018,114309211,117654787,24,34730985
2018,114309214,117654788,24,34730991
2018,114309214,117654789,24,34726810
2018,114309214,117654790,24,34722616
2018,114309214,117654787,24,34730989
2018,114309214,117650024,24,34730987
2018,114309214,117647069,24,34730988
2018,126049321,129549257,24,39172276
2018,126053529,129549244,24,39163499
2018,126053529,129555167,24,39172267
2018,126053529,129549243,24,39163498
2018,126053529,129549245,24,39163500
2018,126053529,129549242,24,39163497
2018,126053529,129555168,24,39172268
2018,126053571,129560133,24,39163545
2018,126053573,129555218,24,39163547
2018,126053586,129555230,24,39163560
2018,123582159,127045713,24,38113501
2018,123582159,127045712,24,38113499
2018,123582159,127045711,24,38113500
2018,114304360,117654677,24,34722524
2018,114309129,117649921,24,34722539
2018,114309129,117649922,24,34722540
2018,114304392,117649960,24,34722561
2018,114309161,117649967,1,34726758
2018,114309111,117654678,24,34726717
2018,114311526,117654725,24,34730943
2018,114311526,117654721,24,34730941
2018,114311526,117649966,24,34730942
2018,114311526,117654720,24,34726756
2018,114311526,117654722,24,34726757
2018,114311526,117654724,24,34722572
2018,114311526,117654719,24,34722571
2018,114309217,117654792,24,34730992
2018,114304463,117650052,5,34722648
2018,114304359,117649889,24,34722523
2018,114304375,117654691,24,34722537
2018,114304418,117654747,24,34722593
2018,114309180,117654752,24,34726781
2018,114311583,117647099,24,34722631
2018,114304425,117650003,24,34730959
2018,114304425,117650002,24,34730958
2018,114304363,117646962,24,34726719
2018,114309131,117649923,25,34722542
2018,114309131,117654698,24,34730922
2018,114309131,117649924,15,34730923
2018,114311513,117649923,24,34730919
2018,114311513,117654698,25,34730921
2018,114311513,117649924,24,34730920
2018,114311514,117649925,24,34730924
2018,114309143,117647000,18,34726743
2018,114309143,117646998,18,34726741
2018,114309143,117646997,18,34726740
2018,114309143,117654716,24,34726744
2018,114309143,117646999,18,34726742
2018,114309147,117647002,24,34722557
2018,114309147,117647001,24,34726747
2018,114309153,117649956,24,34726751
2018,114309153,117649958,24,34726753
2018,114309153,117649954,24,34726750
2018,114309110,117649893,24,34726716
2018,114304460,117654820,24,34726838
2018,114311610,117650074,24,34731022
2018,114311610,117650073,24,34731021
2018,114309200,117647059,24,34726794
2018,114309215,117650031,24,34726811
2018,114309215,117647071,24,34722615
2018,114309215,117647073,24,34726809
2018,114309218,117650030,24,34722620
2018,114309218,117650026,1,34722618
2018,114309218,117650032,24,34726814
2018,114309218,117647072,16,34722619
2018,114309218,117647075,24,34722621
2018,114311589,117654821,24,34731008
2018,114311483,117646955,16,34726714
2018,114304459,117647116,24,34722639
2018,114309246,117654823,24,34726842
2018,114311575,117647088,24,34722623
2018,126053492,129560055,24,39163467
2018,126053496,129555138,24,39163471
2018,126058171,129555145,24,39168534
2018,126053502,129560061,24,39168536
2018,126058176,129560074,24,39172246
2018,126058175,129560074,24,39168544
2018,126058191,129560096,24,39168557
2018,126053525,129549237,24,39163495
2018,126058194,129555170,24,39168564
2018,126053534,129560103,24,39163508
2018,126053544,129555184,24,39163517
2018,126049326,129555184,24,39163519
2018,126053548,129555190,24,39163522
2018,126053557,129560117,24,39163530
2018,126053557,129560119,24,39163532
2018,126053557,129560116,24,39163529
2018,126053557,129560120,24,39163533
2018,126053557,129560118,24,39163531
2018,126053558,129555199,24,39163534
2018,126053567,129549264,24,39163542
2018,126053580,129555223,24,39163551
2018,126053603,129549281,25,39163574
2018,126053603,129549280,24,39163573
2018,126053604,129549281,24,39163577
2018,126053604,129549280,25,39163575
2018,123582072,127031349,24,38113420
2018,123582072,127031350,24,38109040
2018,123572353,127044316,24,38109042
2018,114309115,117649899,24,34722527
2018,114309115,117649896,24,34730906
2018,114309115,117649895,24,34722526
2018,114309115,117649898,24,34730909
2018,114309115,117649897,24,34730908
2018,114311493,117649898,24,34722528
2018,114311493,117649897,24,34730912
2018,114311493,117649896,24,34730911
2018,114311493,117649895,24,34730910
2018,114311493,117649899,24,34722529
2018,126049272,129555091,24,39172208
2018,126053581,129555224,24,39172291
2018,116049906,119378719,18,35335471
2018,116054391,119373183,24,35330240
2018,116049966,119373271,24,35335518
2018,116049939,119378749,24,35335488
2018,116049939,119378748,24,35335487
2018,116049939,119378747,24,35335486
2018,116049939,119378750,24,35335489
2018,116054438,119373264,16,35335515
2018,116054438,119373265,16,35335516
2018,116054438,119383414,16,35335517
2018,116050042,119373441,1,35340515
2018,116050042,119373442,1,35340516
2018,116050042,119378907,1,35340517
2018,116061430,119383406,24,35340401
2018,116061430,119383407,24,35340402
2018,116061430,119383408,24,35340403
2018,116061430,119373255,24,35335513
2018,116054436,119383410,24,35335514
2018,114311485,117649882,24,34730903
2018,114311485,117649884,24,34730904
2018,114311485,117649881,24,34730902
2018,126049268,129560039,24,39172206
2018,126049276,129549199,24,39172216
2018,126058156,129560047,24,39168524
2018,126058157,129560048,24,39168525
2018,126049286,129560058,24,39172236
2018,126049290,129549220,24,39172241
2018,126058170,129560062,18,39168533
2018,126049311,129549239,24,39172264
2018,123572300,127045536,22,38108975
2018,123572762,127031867,9,38109403
2018,123572754,127049770,3,38109394
2018,123580174,127049792,24,38118447
2018,123582315,127045915,24,38118438
2018,123572482,127044462,24,38113521
2018,123572482,127044461,24,38109160
2018,123572482,127044463,24,38109159
2018,123582056,127031313,24,38109016
2018,123572563,127031622,16,38113580
2018,123572563,127031623,16,38113582
2018,123572358,127044315,24,38113425
2018,123572358,127031355,24,38109047
2018,123572358,127044314,24,38113424
2018,123572358,127044318,24,38109045
2018,123572358,127044319,24,38109048
2018,123582077,127044319,24,38118177
2018,123582077,127044315,24,38118176
2018,123582077,127031355,24,38113430
2018,123582077,127044318,24,38113429
2018,123582077,127044314,24,38109049
2018,124054885,127524909,24,38313364
2018,123582310,127031852,18,38109396
2018,123582310,127031849,9,38118431
2018,123582310,127031850,18,38118432
2018,123582310,127049771,18,38109395
2018,123582310,127031851,18,38118433
2018,123582318,127031865,24,38113659
2018,123582318,127045916,24,38113658
2018,123582318,127045917,24,38113661
2018,123582318,127031866,24,38113660
2018,123582317,127031866,24,38113656
2018,123582317,127045916,24,38113654
2018,123582317,127031865,24,38113655
2018,123582317,127045917,24,38113657
2018,123572342,127044302,24,38118160
2018,123572342,127045591,24,38109032
2018,123572342,127044303,24,38118164
