"DATA_YEAR","ARRESTEE_ID","WEAPON_ID","NIBRS_ARRESTEE_WEAPON_ID"
2018,27999350,1,28023445
2018,27999389,1,28023484
2018,27999392,1,28023487
2018,27999468,1,28023558
2018,27999460,1,28023555
2018,27999488,1,28023582
2018,27999486,1,28023581
2018,27999342,1,28023437
2018,27999493,1,28023588
2018,27999492,1,28023587
2018,29423694,1,29447648
2018,29423693,1,29447647
2018,29427779,1,29447649
2018,29427792,1,29452536
2018,30239926,1,30246225
2018,30236948,1,30250475
2018,34380537,1,34399969
2018,34385969,1,34386525
2018,34385966,1,34386523
2018,34380529,1,34399959
2018,34378027,1,34386528
2018,34378015,1,34394965
2018,34380538,1,34399971
2018,34378030,1,34394979
2018,34380561,1,34399995
2018,31427304,1,31433631
2018,31427286,1,31433609
2018,31427269,1,31433590
2018,31427267,1,31433588
2018,34380525,1,34386512
2018,33970371,1,33950843
2018,34385965,1,34386521
2018,34380542,1,34399974
2018,34385967,1,34399975
2018,34378028,1,34394977
2018,34380551,1,34399985
2018,34385977,1,34386531
2018,34385970,1,34386526
2018,34378023,1,34394973
2018,31427270,1,31433591
2018,31417341,1,31443624
2018,31417330,7,31443603
2018,34385954,1,34386511
2018,31417311,1,31438559
2018,31417310,1,31438557
2018,34385956,1,34394966
2018,34380534,1,34399965
2018,34380539,1,34399970
2018,34380543,1,34399976
2018,34380557,1,34399991
2018,34380572,1,34400007
2018,34380575,1,34400010
2018,31417321,1,31438565
2018,31422415,1,31443604
2018,30948007,1,30962645
2018,30953835,1,30962646
2018,30951343,1,30965680
2018,30953803,1,30965647
2018,30951344,1,30965681
2018,30951317,1,30962614
2018,30948004,1,30962643
2018,30953820,1,30962635
2018,29427795,1,29452540
2018,29423717,1,29447670
2018,29427796,1,29456465
2018,30019240,1,30039689
2018,29423713,1,29447665
2018,29529843,1,29558712
2018,29529836,1,29558702
2018,29529859,1,29558731
2018,29536892,1,29561446
2018,28633273,1,28658216
2018,28633239,1,28658186
2018,28633168,1,28658118
2018,28633227,1,28658174
2018,28633268,1,28658214
2018,30019225,3,30039670
2018,30019226,1,30030635
2018,29536894,1,29558690
2018,30014943,7,30039704
2018,30014940,1,30039702
2018,30014938,1,30035410
2018,30014924,1,30039685
2018,29525302,1,29558707
2018,29525322,7,29561474
2018,29536891,1,29561445
2018,29529826,1,29558691
2018,29525297,1,29554020
2018,29525301,1,29554024
2018,29529857,1,29558728
2018,29525320,1,29554043
2018,27999333,1,28023428
2018,27999349,1,28023444
2018,27999457,1,28023552
2018,27999478,1,28023573
2018,27999477,1,28023572
2018,27999351,1,28023446
2018,27999341,1,28023436
2018,28215658,1,28240048
2018,27999348,1,28023443
2018,28215624,1,28240014
2018,28633139,1,28658086
2018,28633061,1,28658007
2018,28633115,1,28658062
2018,28633116,1,28658063
2018,28633237,1,28658184
2018,30019241,7,30039690
2018,30014932,1,30035404
2018,27999347,7,28023441
2018,28215567,1,28239957
2018,29529833,1,29561453
2018,29525308,1,29558713
2018,29536908,7,29554029
2018,29529854,1,29554035
2018,29536913,1,29554034
2018,28215566,1,28239956
2018,28215581,1,28239971
2018,28215633,1,28240023
2018,28215634,1,28240024
2018,28215631,1,28240021
2018,28215642,1,28240032
2018,28215644,1,28240034
2018,27999451,1,28023546
2018,27999456,1,28023551
2018,27999487,1,28023584
2018,27999495,1,28023590
2018,27999496,1,28023591
2018,27999335,1,28023430
2018,27999339,1,28023434
2018,27999475,1,28023570
2018,28390251,1,28414878
2018,28390248,1,28414875
2018,28390106,1,28414733
2018,28390246,1,28414872
2018,28390266,1,28414893
2018,28390290,1,28414917
2018,27999484,1,28023579
2018,27999490,1,28023585
2018,27999483,1,28023578
2018,27999337,1,28023433
2018,30010090,1,30035371
2018,27741009,1,27764787
2018,27740991,1,27764769
2018,27740962,1,27764740
2018,27740988,1,27764766
2018,27741042,1,27764820
2018,27999461,1,28023556
2018,27999336,1,28023431
2018,27999338,1,28023432
2018,27999405,1,28023501
2018,27999482,1,28023577
2018,27741000,1,27764778
2018,27740971,1,27764749
2018,27740990,1,27764768
2018,27740989,1,27764767
2018,27740963,1,27764741
2018,29529856,7,29561466
2018,27740986,1,27764765
2018,27740993,1,27764771
2018,27740980,1,27764758
2018,27740974,1,27764752
2018,27740992,1,27764770
2018,27740977,1,27764755
2018,27740995,1,27764773
2018,27741013,1,27764791
2018,27741012,1,27764790
2018,27741014,1,27764792
2018,27741338,1,27765116
2018,27740961,1,27764739
2018,27740966,1,27764744
2018,27740996,1,27764774
2018,27741001,1,27764779
2018,27741016,1,27764794
2018,27741029,1,27764807
2018,27741354,1,27765132
2018,27999334,1,28023429
2018,27999340,1,28023435
2018,30469854,1,30468853
2018,30462592,1,30468841
2018,30462591,1,30468840
2018,30462602,1,30472901
2018,30466653,1,30472899
2018,27999343,1,28023438
2018,27999422,1,28023517
2018,27999459,1,28023554
2018,27740953,1,27764731
2018,27740967,1,27764745
2018,27740970,1,27764748
2018,27741018,2,27764796
2018,27741034,1,27764812
2018,27741038,1,27764816
2018,29536889,1,29561443
2018,27741017,1,27764795
2018,27999407,1,28023502
2018,27741324,1,27765103
2018,27740965,1,27764743
2018,27741010,1,27764788
2018,27999494,1,28023589
2018,28390280,1,28414907
2018,28390286,1,28414913
2018,28390283,1,28414910
2018,28390284,1,28414911
2018,28390285,1,28414912
2018,28390281,1,28414908
2018,28390282,1,28414909
2018,27999479,1,28023574
2018,28390194,1,28414819
2018,29536921,1,29554045
2018,28390210,1,28414837
2018,28390264,1,28414891
2018,28390272,1,28414899
2018,28390278,1,28414905
2018,28390081,1,28414708
2018,28390046,1,28414669
2018,28390082,1,28414709
2018,27740956,1,27764734
2018,27740999,1,27764777
2018,27999485,1,28023580
2018,27740960,1,27764738
2018,27740979,1,27764757
2018,27741039,1,27764817
2018,27741291,1,27765069
2018,29529820,1,29561440
2018,29529837,1,29558703
2018,30232704,1,30238899
2018,30236330,1,30242582
2018,27999491,1,28023586
2018,29529835,1,29558701
2018,29536909,1,29561461
2018,28390155,7,28414782
2018,28390260,1,28414888
2018,28390265,1,28414892
2018,27740984,7,27764762
2018,27741027,1,27764804
2018,27741032,1,27764811
2018,27741035,1,27764813
2018,29529866,1,29561473
2018,29529870,1,29561475
2018,29529869,1,29554046
2018,29525323,1,29558736
2018,28390270,1,28414897
2018,27740957,1,27764735
2018,27741033,1,27764810
2018,27741004,8,27764782
2018,27741327,1,27765107
2018,27999476,1,28023571
2018,29529848,1,29558719
2018,29529850,1,29558721
2018,28390122,1,28414749
2018,27740978,1,27764756
2018,27740982,1,27764760
2018,28390054,1,28414681
2018,28390254,1,28414881
2018,30010123,1,30030648
2018,28390267,1,28414894
2018,30010111,3,30035382
2018,28390277,1,28414904
2018,30010120,1,30030640
2018,30014923,1,30030646
2018,27741002,1,27764780
2018,27741005,1,27764783
2018,29525317,1,29554037
2018,29529861,1,29558732
2018,29529862,1,29558733
2018,29536918,1,29561470
2018,29536919,1,29561471
2018,27741277,1,27765055
2018,30466662,1,30468858
2018,30462615,1,30468868
2018,30462617,1,30468870
2018,28390019,1,28414646
2018,28390111,7,28414738
2018,28390244,7,28414871
2018,28390249,1,28414876
2018,27740994,3,27764772
2018,27741006,1,27764784
2018,27741128,1,27764906
2018,27740964,1,27764742
2018,28390010,1,28414637
2018,28390009,1,28414636
2018,28390098,7,28414726
2018,28390095,7,28414722
2018,28390175,1,28414802
2018,28390203,7,28414830
2018,28390211,3,28414838
2018,28390252,1,28414879
2018,28390289,1,28414916
2018,29525294,1,29554017
2018,29525299,1,29554022
2018,29536904,1,29561457
2018,29536906,1,29561459
2018,29536905,1,29561458
2018,27741331,1,27765109
2018,29536914,1,29561465
2018,30010089,1,30030612
2018,27740972,1,27764750
2018,27740998,1,27764776
2018,27741003,1,27764781
2018,27741127,7,27764905
2018,27740955,1,27764733
2018,27740968,1,27764746
2018,27740969,1,27764747
2018,27741011,1,27764789
2018,27741021,6,27764799
2018,27741024,1,27764802
2018,27741040,1,27764818
2018,28390261,1,28414887
2018,28390271,1,28414898
2018,28390253,1,28414880
2018,28390255,1,28414882
2018,28390291,1,28414918
2018,29525281,1,29554005
2018,29529825,1,29558689
2018,29525309,1,29558715
2018,27741007,7,27764785
2018,27741008,1,27764786
2018,27740950,1,27764728
2018,27740976,1,27764754
2018,27740987,1,27764764
2018,27741019,1,27764797
2018,27741037,1,27764815
2018,29529824,1,29554006
2018,28390112,1,28414740
2018,28390166,1,28414793
2018,28215663,6,28240053
2018,28215661,1,28240051
2018,28215681,1,28240071
2018,28215717,1,28240107
2018,28215674,1,28240064
2018,28215671,7,28240061
2018,28215682,1,28240072
2018,28215686,1,28240076
2018,28215654,1,28240044
2018,28215705,1,28240095
2018,28215706,7,28240096
2018,28215569,1,28239959
2018,28215648,1,28240038
2018,28215650,1,28240040
2018,28215656,1,28240046
2018,28215680,1,28240070
2018,28215704,1,28240094
2018,28215684,1,28240075
2018,28215708,1,28240098
2018,28215723,1,28240113
2018,28215770,1,28240160
2018,28215678,1,28240069
2018,28215690,1,28240080
2018,28215701,1,28240091
2018,29423656,1,29447619
2018,29427750,1,29456409
2018,28215645,1,28240035
2018,28215660,1,28240050
2018,28215669,1,28240059
2018,28215700,1,28240090
2018,28215720,1,28240110
2018,34385976,1,34399986
2018,34380556,1,34399990
2018,28215659,1,28240049
2018,28633351,1,28658298
2018,28215691,1,28240081
2018,28215688,1,28240078
2018,28215689,1,28240079
2018,28215698,1,28240088
2018,28215709,7,28240099
2018,30236297,1,30245334
2018,30239029,1,30245344
2018,30232689,1,30245341
2018,30239024,1,30245342
2018,28215778,1,28240168
2018,28215665,1,28240055
2018,28215683,1,28240073
2018,28215667,1,28240057
2018,28215672,1,28240062
2018,28215673,1,28240063
2018,28215576,1,28239965
2018,28215679,1,28240068
2018,28215649,1,28240039
2018,33683904,1,33689234
2018,28215662,1,28240052
2018,28215703,1,28240093
2018,28215746,1,28240136
2018,28215653,1,28240043
2018,28215664,1,28240054
2018,28215655,7,28240045
2018,28215666,3,28240056
2018,28215675,1,28240065
2018,28215695,1,28240085
2018,28215647,1,28240037
2018,28215670,7,28240060
2018,28215687,6,28240077
2018,28215692,1,28240082
2018,28215702,1,28240092
2018,28215773,1,28240163
2018,28215643,1,28240033
2018,28215651,1,28240041
2018,28215657,1,28240047
2018,28215685,1,28240074
2018,28215707,1,28240097
2018,28508585,1,28533378
2018,28508583,1,28533376
2018,28508586,1,28533379
2018,28508584,1,28533377
2018,28508631,1,28533424
2018,28508691,1,28533483
2018,28390024,1,28414651
2018,28390044,1,28414668
2018,28390176,1,28414803
2018,28508602,1,28533395
2018,28508609,7,28533402
2018,28508591,1,28533384
2018,28508619,1,28533412
2018,28508640,1,28533433
2018,28508687,1,28533480
2018,29427753,1,29456412
2018,29423660,1,29456413
2018,28508598,1,28533391
2018,28508739,1,28533532
2018,29418663,1,29452499
2018,29418662,1,29452498
2018,28508607,1,28533400
2018,28508667,1,28533460
2018,28390259,1,28414886
2018,30469836,3,30468824
2018,30466638,1,30468829
2018,28390276,1,28414903
2018,28508608,6,28533401
2018,29423722,1,29447674
2018,28508589,1,28533382
2018,28508588,1,28533381
2018,28508590,1,28533383
2018,28508639,7,28533432
2018,28508660,1,28533454
2018,28632931,1,28657878
2018,28632894,1,28657841
2018,28632911,7,28657858
2018,28632954,1,28657901
2018,28633039,1,28657985
2018,28633093,1,28658040
2018,28633094,1,28658041
2018,28633229,1,28658177
2018,28633246,1,28658191
2018,28633240,1,28658187
2018,28633312,1,28658259
2018,28390026,1,28414653
2018,28390064,1,28414691
2018,28390274,1,28414901
2018,28390275,1,28414902
2018,28390036,1,28414663
2018,28390250,1,28414877
2018,28390268,1,28414895
2018,28390273,2,28414900
2018,28390116,1,28414743
2018,28390231,1,28414859
2018,28390269,1,28414896
2018,28632902,1,28657849
2018,28632907,1,28657855
2018,28632957,1,28657903
2018,28633345,1,28658293
2018,28632897,7,28657844
2018,28632944,1,28657891
2018,28633005,1,28657952
2018,28633223,1,28658170
2018,28633247,1,28658195
2018,28633330,1,28658278
2018,28508587,7,28533380
2018,28508613,3,28533406
2018,28508618,1,28533411
2018,28508688,1,28533481
2018,28508734,1,28533527
2018,30010114,1,30039671
2018,28632950,1,28657897
2018,28633036,1,28657983
2018,28633059,1,28658006
2018,28633095,1,28658042
2018,28633178,1,28658126
2018,28390263,1,28414890
2018,28633394,1,28658341
2018,28508623,1,28533416
2018,28508648,1,28533441
2018,28508592,1,28533385
2018,28508620,1,28533413
2018,28508624,1,28533417
2018,28508637,3,28533430
2018,28508644,1,28533437
2018,28508593,1,28533386
2018,28508603,7,28533396
2018,28508621,1,28533414
2018,28632895,1,28657842
2018,28632900,7,28657847
2018,28632903,1,28657850
2018,28633092,3,28658039
2018,28633101,7,28658048
2018,28633279,1,28658226
2018,28633366,1,28658313
2018,28390258,1,28414885
2018,28390262,1,28414889
2018,28390154,1,28414781
2018,28390279,1,28414906
2018,28390287,1,28414914
2018,28390196,1,28414823
2018,28390242,1,28414869
2018,28508605,1,28533398
2018,28508626,1,28533419
2018,28508630,1,28533423
2018,28508635,1,28533428
2018,28508634,1,28533427
2018,28508655,1,28533448
2018,28508659,1,28533452
2018,28508686,7,28533479
2018,34385978,1,34386532
2018,28508643,1,28533436
2018,28508650,1,28533443
2018,28508733,1,28533526
2018,34378033,1,34399999
2018,28508578,1,28533371
2018,28508641,1,28533434
2018,28632910,1,28657857
2018,28633220,1,28658167
2018,28633254,1,28658200
2018,28633248,1,28658193
2018,28633250,1,28658197
2018,28633376,1,28658323
2018,28632906,1,28657853
2018,28632908,1,28657854
2018,28632915,1,28657862
2018,28633000,1,28657947
2018,28633308,1,28658256
2018,28633356,1,28658303
2018,28633404,1,28658351
2018,28633427,1,28658374
2018,28632896,7,28657843
2018,28633243,1,28658190
2018,28633343,1,28658290
2018,28633411,1,28658358
2018,28508628,3,28533421
2018,28508594,1,28533387
2018,28508604,1,28533397
2018,28508741,1,28533534
2018,29418688,1,29447652
2018,29423698,1,29456448
2018,29427784,1,29452523
2018,29427787,1,29452530
2018,28390218,1,28414845
2018,28390216,1,28414843
2018,28390214,1,28414841
2018,28632913,1,28657860
2018,28632917,1,28657864
2018,28633365,1,28658312
2018,30236327,1,30245362
2018,28508596,1,28533389
2018,28508606,3,28533399
2018,28508616,1,28533409
2018,28508622,1,28533415
2018,28508625,1,28533418
2018,28508674,1,28533467
2018,28508680,1,28533473
2018,28633107,1,28658054
2018,28633195,1,28658142
2018,28633398,1,28658344
2018,28633413,1,28658360
2018,28633013,1,28657961
2018,28633017,1,28657964
2018,28633018,1,28657965
2018,28633109,1,28658056
2018,28508580,1,28533373
2018,28508581,7,28533374
2018,28508629,1,28533422
2018,28508661,1,28533453
2018,28508668,1,28533461
2018,28508597,1,28533390
2018,28508669,1,28533462
2018,28508706,1,28533499
2018,28508740,1,28533533
2018,28632898,1,28657845
2018,28508582,1,28533375
2018,28508636,1,28533429
2018,28508638,1,28533431
2018,28508658,1,28533451
2018,28508664,1,28533457
2018,28508729,1,28533522
2018,28632927,3,28657871
2018,28632921,1,28657868
2018,28633153,1,28658101
2018,28633238,1,28658185
2018,28632933,1,28657880
2018,28633001,1,28657948
2018,28633155,1,28658100
2018,28633245,1,28658194
2018,28508579,1,28533372
2018,28508627,1,28533420
2018,28508738,1,28533531
2018,28632893,3,28657840
2018,28632905,1,28657852
2018,28632909,1,28657856
2018,28632942,1,28657889
2018,28632951,1,28657896
2018,28633099,1,28658047
2018,28633234,1,28658182
2018,28633408,1,28658355
2018,28633430,1,28658377
2018,28508708,1,28533501
2018,30239023,1,30238883
2018,30236305,1,30242556
2018,28633154,1,28658102
2018,28633235,1,28658181
2018,28633274,1,28658221
2018,28633275,1,28658222
2018,30239036,1,30245355
2018,30236315,1,30245353
2018,28633434,1,28658381
2018,28632947,1,28657894
2018,28632901,1,28657848
2018,28508614,1,28533407
2018,28508632,1,28533425
2018,28508713,1,28533506
2018,28508724,1,28533517
2018,28508726,1,28533519
2018,28632899,1,28657846
2018,28633331,1,28658277
2018,28508707,1,28533500
2018,28508718,1,28533511
2018,28633244,1,28658192
2018,28508595,1,28533388
2018,28508612,1,28533405
2018,28508610,1,28533403
2018,28508611,1,28533404
2018,28508692,1,28533485
2018,28633310,1,28658257
2018,28633344,1,28658291
2018,28633429,1,28658376
2018,28508665,1,28533458
2018,28508683,1,28533476
2018,28508696,7,28533489
2018,28508695,1,28533488
2018,28508737,1,28533530
2018,28632892,1,28657839
2018,28632916,1,28657863
2018,28633410,1,28658357
2018,30947996,1,30958959
2018,28632924,1,28657873
2018,28632948,1,28657895
2018,28633313,1,28658260
2018,30019205,1,30030610
2018,30947983,1,30958946
2018,30019195,1,30035351
2018,30010086,1,30030604
2018,30953833,1,30958964
2018,30014892,1,30035365
2018,30014896,1,30039652
2018,30014878,1,30039644
2018,29427747,7,29456406
2018,29427749,1,29456408
2018,29418668,1,29456419
2018,29418671,1,29456422
2018,29423670,1,29447630
2018,29423674,1,29452510
2018,29418677,1,29456430
2018,29427765,1,29447636
2018,29423683,1,29447637
2018,29418682,1,29456434
2018,29427771,1,29456439
2018,29427776,1,29456444
2018,29418684,1,29456447
2018,29423695,1,29447650
2018,29423701,1,29447657
2018,29418692,1,29456453
2018,29427789,1,29452533
2018,29423712,1,29447664
2018,29418697,1,29456460
2018,29418702,1,29452538
2018,29423719,1,29447671
2018,30947987,1,30962627
2018,29423668,1,29452505
2018,29427758,1,29447627
2018,29427782,1,29456450
2018,29427791,1,29456461
2018,29423655,1,29447618
2018,29418661,1,29452497
2018,29418659,7,29452495
2018,29418659,3,29452494
2018,29418660,1,29452496
2018,29423684,1,29456437
2018,29423699,1,29447655
2018,29427746,1,29456404
2018,29423675,1,29447632
2018,29423696,1,29447651
2018,29423661,1,29452500
2018,29423663,1,29456417
2018,30948006,1,30958965
2018,33683905,1,33689235
2018,33500902,1,33532207
2018,33500933,1,33532235
2018,33496388,1,33527626
2018,29427770,1,29456438
2018,29423716,1,29447669
2018,29423658,1,29447621
2018,33504696,1,33535897
2018,29423659,1,29447622
2018,29427766,1,29456433
2018,29427767,1,29447638
2018,29427773,1,29456441
2018,29423687,1,29456442
2018,29427775,1,29456443
2018,29423688,1,29447642
2018,29427774,1,29447641
2018,29423700,1,29447656
2018,29418694,1,29452529
2018,29529849,1,29558720
2018,29427757,1,29456421
2018,29427748,1,29456407
2018,29423665,1,29447626
2018,29423666,1,29452504
2018,29423669,1,29447629
2018,29423667,1,29447628
2018,29427768,1,29456435
2018,29423708,1,29447662
2018,29423721,1,29447673
2018,29529834,1,29558700
2018,29525274,1,29553997
2018,30014890,1,30035363
2018,29427788,1,29456456
2018,29423703,1,29452527
2018,29423718,1,29456464
2018,29418698,1,29452534
2018,30466660,1,30472906
2018,29525275,3,29553998
2018,29529830,1,29554011
2018,29536901,1,29561454
2018,29529841,1,29561460
2018,29536911,1,29554033
2018,29529863,1,29554038
2018,29536915,1,29561468
2018,29529868,1,29558735
2018,30462612,1,30468865
2018,30462618,1,30476249
2018,29423657,1,29447620
2018,29423671,1,29447631
2018,29427760,1,29456423
2018,29423697,1,29447653
2018,29423720,1,29447672
2018,30947982,1,30962617
2018,29423714,1,29447666
2018,29525290,1,29554013
2018,29529840,1,29554025
2018,29525319,1,29554042
2018,29529871,1,29558737
2018,29525286,1,29558697
2018,29525288,1,29561451
2018,29536900,1,29561452
2018,29529847,1,29558718
2018,29536907,1,29558708
2018,29536887,1,29554003
2018,29536902,1,29554016
2018,29525292,1,29554015
2018,29525303,1,29554026
2018,29418664,1,29456414
2018,29418674,1,29452508
2018,29427759,3,29456424
2018,29423691,1,29456446
2018,29427785,1,29456454
2018,29427772,1,29456440
2018,29423709,1,29452531
2018,29418683,1,29452519
2018,29423692,1,29447646
2018,29427778,1,29447645
2018,29525296,7,29554019
2018,29427783,1,29456452
2018,29418695,1,29452532
2018,29525277,1,29554000
2018,29536896,1,29558693
2018,29525318,1,29561467
2018,29529867,1,29558734
2018,29529851,1,29561462
2018,29536910,1,29558722
2018,29529827,1,29558692
2018,29418666,1,29452502
2018,29427761,1,29452509
2018,29536895,1,29561448
2018,29525284,1,29554010
2018,29525298,1,29554021
2018,29529838,1,29558705
2018,29525310,1,29554030
2018,29525315,1,29554036
2018,29423711,1,29447663
2018,29418700,1,29452537
2018,29529828,1,29558695
2018,29529855,1,29558726
2018,29536881,1,29561436
2018,29536879,1,29561434
2018,29536880,1,29561435
2018,29536903,1,29558704
2018,29525316,1,29558727
2018,29536884,1,29561439
2018,29536883,1,29561438
2018,29525278,1,29558685
2018,29529819,1,29558684
2018,29529829,1,29558696
2018,29529832,1,29558699
2018,29525289,1,29561455
2018,29529839,1,29558706
2018,29536912,1,29558724
2018,29525314,1,29561464
2018,29418685,1,29452520
2018,29423702,1,29452524
2018,29418687,1,29452522
2018,29427780,1,29456449
2018,29427790,1,29456459
2018,29536888,1,29554004
2018,29536897,1,29554007
2018,29525313,1,29558725
2018,29423723,1,29447675
2018,29418669,7,29452503
2018,29418670,3,29456420
2018,29418676,1,29452511
2018,29418691,1,29452526
2018,29418696,1,29456458
2018,29536890,1,29561444
2018,29525287,1,29558698
2018,29423690,1,29447644
2018,29427781,7,29447654
2018,29418699,1,29456462
2018,29423715,1,29447667
2018,29423662,1,29456415
2018,29418672,1,29452506
2018,29423672,1,29452507
2018,29423676,1,29447633
2018,29418693,1,29452528
2018,29423707,1,29447661
2018,29423706,1,29447660
2018,29418701,1,29456463
2018,29427786,1,29456455
2018,29525276,1,29553999
2018,29529821,1,29554002
2018,29529823,1,29558688
2018,29525306,1,29554027
2018,29525305,1,29558711
2018,29525307,1,29554028
2018,29525311,1,29554031
2018,29529845,1,29558716
2018,29529858,1,29558729
2018,29525321,1,29554044
2018,29529860,1,29558730
2018,29529864,1,29554039
2018,29536916,1,29554040
2018,29529831,1,29554012
2018,29525291,1,29554014
2018,29525312,1,29554032
2018,29427755,1,29447623
2018,29418675,7,29456427
2018,29427793,1,29452535
2018,30010134,1,30039699
2018,30019250,1,30039701
2018,30014905,1,30030622
2018,30010100,1,30035377
2018,30014934,1,30035406
2018,30014894,1,30035367
2018,30019208,1,30035369
2018,30014898,1,30035370
2018,30010107,1,30030629
2018,30010110,1,30030631
2018,30014911,1,30039675
2018,30014916,1,30035388
2018,30014915,1,30035387
2018,30019231,1,30039680
2018,30019229,1,30039678
2018,30244273,1,30246224
2018,30244289,1,30250491
2018,30244294,1,30250498
2018,30014928,1,30039691
2018,30019246,1,30039694
2018,30019245,1,30039693
2018,30010130,1,30035401
2018,30014935,1,30035407
2018,30010136,1,30030654
2018,30014885,1,30035358
2018,30019206,1,30035368
2018,30019242,1,30030651
2018,30014893,1,30035366
2018,30010099,1,30030621
2018,30010108,1,30035379
2018,30019224,1,30030634
2018,30019247,1,30039695
2018,30010131,1,30030652
2018,30014879,1,30035354
2018,30014880,1,30035355
2018,30019202,1,30039649
2018,30014895,1,30039653
2018,30019207,1,30039654
2018,30019210,1,30039657
2018,30014900,1,30035372
2018,30019211,1,30039659
2018,30010097,1,30030618
2018,30019212,1,30039660
2018,30014920,1,30035390
2018,30014921,1,30035391
2018,30014936,1,30035408
2018,30019252,1,30030655
2018,30232700,1,30245347
2018,30239043,1,30245360
2018,30239017,1,30242551
2018,30239031,1,30238894
2018,30232711,1,30238906
2018,30239057,1,30238909
2018,30244276,1,30243213
2018,30244275,1,30250470
2018,30236947,1,30243216
2018,30239949,1,30246245
2018,30244320,1,30250528
2018,30244322,1,30250534
2018,30239025,1,30238885
2018,30236306,3,30242559
2018,30239052,1,30242586
2018,30236331,1,30245367
2018,30239053,1,30245368
2018,30239041,1,30242572
2018,30232712,1,30245363
2018,30239934,1,30243224
2018,30239942,1,30246237
2018,30239956,1,30246251
2018,30244310,1,30250516
2018,30019233,1,30030642
2018,30239015,1,30245330
2018,30236299,1,30245336
2018,30236329,1,30245365
2018,30239054,1,30238908
2018,30462590,8,30476220
2018,30462590,7,30476219
2018,30466661,1,30476231
2018,30466667,1,30472910
2018,30462580,1,30468823
2018,30466634,1,30472881
2018,30462600,1,30472898
2018,30462605,1,30468856
2018,30469864,1,30476235
2018,30462609,1,30468862
2018,30469867,7,30476239
2018,30462579,1,30468821
2018,30466635,1,30476213
2018,30469855,1,30476224
2018,30462604,1,30468855
2018,30466636,1,30472882
2018,30462585,1,30468830
2018,30232687,1,30238880
2018,30239034,1,30245350
2018,30236309,1,30245349
2018,30236310,1,30242561
2018,30236311,1,30242562
2018,30236318,3,30242569
2018,30232707,1,30238902
2018,30466654,1,30476225
2018,30469847,1,30472886
2018,30469862,1,30476233
2018,30462607,1,30468859
2018,30469863,1,30476234
2018,30466670,1,30476244
2018,30469871,1,30476246
2018,30469872,1,30472911
2018,30469873,1,30476247
2018,30466632,7,30472879
2018,30469868,1,30472909
2018,30236304,1,30242555
2018,30239925,1,30243207
2018,30466672,1,30472912
2018,30244315,1,30250519
2018,30239973,1,30243247
2018,30239979,1,30250542
2018,30236935,1,30250468
2018,30239927,1,30243211
2018,30236958,1,30243222
2018,30244292,1,30250494
2018,30244291,1,30250493
2018,30239958,1,30246253
2018,30236974,1,30246255
2018,30239977,1,30243251
2018,30236291,1,30242547
2018,30239019,1,30238879
2018,30014876,1,30035353
2018,30010087,1,30035357
2018,30019216,3,30039663
2018,30019236,1,30039683
2018,30010122,1,30030647
2018,30232686,1,30238877
2018,30236293,1,30238878
2018,30239037,1,30245354
2018,30244278,1,30250476
2018,30236983,1,30246262
2018,30236984,1,30243248
2018,30239941,1,30243227
2018,30236969,1,30250512
2018,30239962,1,30250523
2018,30236975,1,30250529
2018,30466637,1,30468822
2018,30462586,1,30468831
2018,30469838,1,30472883
2018,30469839,1,30476216
2018,30469840,7,30468832
2018,30466640,1,30472885
2018,30469850,1,30476221
2018,30466641,1,30472888
2018,30010116,1,30030638
2018,30014918,1,30030643
2018,30019239,1,30035394
2018,30010128,1,30030650
2018,30019244,1,30035400
2018,30469843,1,30476217
2018,30466659,1,30472905
2018,30462577,1,30468820
2018,30469853,1,30472893
2018,30466650,1,30472895
2018,30462597,1,30472896
2018,30466651,1,30468850
2018,30462598,1,30468851
2018,30466655,1,30472900
2018,30469860,1,30476232
2018,30469861,1,30472907
2018,30462614,1,30476245
2018,30462611,1,30468864
2018,30469866,1,30476238
2018,30466665,1,30472908
2018,30462616,1,30468869
2018,30462620,1,30472913
2018,30236954,1,30250484
2018,30236956,1,30243221
2018,30244288,1,30246232
2018,30239948,1,30250506
2018,30239963,1,30246256
2018,30239975,1,30250539
2018,30244324,1,30250538
2018,30236985,1,30243249
2018,30239954,1,30250514
2018,30244321,1,30250531
2018,30239038,1,30245356
2018,30239039,1,30245357
2018,30239060,1,30245373
2018,30232681,1,30238872
2018,30236292,1,30238875
2018,30232684,1,30238874
2018,30239016,1,30245331
2018,30239018,1,30245335
2018,30236301,1,30238882
2018,30232688,1,30245340
2018,30239021,1,30245338
2018,30239022,1,30245339
2018,30239020,1,30245337
2018,30232690,1,30242553
2018,30232691,1,30245343
2018,30232693,1,30242557
2018,30232695,1,30238891
2018,30232698,1,30238893
2018,30232697,1,30238892
2018,30232696,1,30245345
2018,30239032,1,30238896
2018,30232702,1,30245352
2018,30232705,1,30242570
2018,30232706,1,30245358
2018,30232708,1,30242574
2018,30239044,1,30238905
2018,30239045,1,30242577
2018,30236326,1,30242579
2018,30236328,1,30242580
2018,30239048,1,30245366
2018,30239050,1,30242584
2018,30232714,1,30242583
2018,30236308,1,30242560
2018,30236324,1,30242576
2018,30239055,1,30242587
2018,30232718,1,30238912
2018,30239063,1,30245376
2018,30232719,1,30245377
2018,30236316,1,30242567
2018,30236319,1,30242571
2018,30239049,1,30242585
2018,30244268,1,30250464
2018,30244270,1,30250467
2018,30236936,1,30243208
2018,30236937,1,30246223
2018,30236938,1,30243209
2018,30236939,1,30250469
2018,30244274,1,30243210
2018,30236940,1,30243212
2018,30236942,1,30246227
2018,30236941,1,30246226
2018,30236943,1,30243214
2018,30236945,7,30250472
2018,30236945,3,30250471
2018,30239928,3,30250473
2018,30236949,7,30250477
2018,30244279,1,30250478
2018,30244280,1,30250479
2018,30244282,1,30250480
2018,30236950,1,30243218
2018,30244283,1,30250481
2018,30236951,1,30250482
2018,30244287,1,30250489
2018,30236952,1,30250487
2018,30239930,1,30243219
2018,30236957,1,30250490
2018,30244290,1,30250492
2018,30239936,1,30246234
2018,30239937,1,30250495
2018,30244293,7,30250496
2018,30239939,1,30246236
2018,30244296,1,30250500
2018,30236961,1,30250502
2018,30244297,1,30250501
2018,30244299,1,30250503
2018,30236963,1,30243230
2018,30244300,1,30246240
2018,30239946,1,30246242
2018,30244302,1,30246244
2018,30951342,1,30958963
2018,30239952,1,30246246
2018,30236967,1,30250510
2018,30239955,1,30246250
2018,30244309,1,30250515
2018,30244311,1,30250517
2018,30244312,7,30243236
2018,30236973,1,30243240
2018,30244316,1,30250521
2018,30239965,1,30250527
2018,30236977,1,30243242
2018,30239967,1,30246258
2018,30236979,1,30243244
2018,30236981,1,30243245
2018,30239968,1,30250533
2018,30239969,1,30246259
2018,30244323,1,30243246
2018,30236982,1,30250535
2018,30244325,1,30250540
2018,30239012,1,30245328
2018,30232715,1,30245369
2018,30236986,1,30243250
2018,30244326,1,30250541
2018,30232683,1,30242548
2018,30232682,1,30238873
2018,30239047,1,30245364
2018,30232703,1,30242566
2018,30239040,1,30238898
2018,34380544,1,34399977
2018,34380545,1,34399978
2018,34385974,1,34386530
2018,34380549,1,34399982
2018,30236322,1,30238901
2018,30239056,1,30245370
2018,30236953,1,30243220
2018,30244305,1,30250509
2018,30239933,8,30246233
2018,30244306,1,30250511
2018,30244308,6,30246249
2018,30239966,1,30246257
2018,30236934,1,30250466
2018,30244269,1,30250465
2018,30239932,1,30246231
2018,30239940,7,30243226
2018,30239943,1,30246238
2018,30244314,1,30250518
2018,30947973,1,30958938
2018,30010104,1,30030626
2018,30010109,1,30030630
2018,30014908,1,30030632
2018,30014909,1,30039672
2018,30014875,7,30035350
2018,30019194,1,30039642
2018,30010098,1,30030619
2018,30019222,1,30039668
2018,30014914,1,30035386
2018,30236307,1,30238888
2018,30236312,1,30242563
2018,30239042,6,30242575
2018,30239061,1,30245374
2018,30239938,1,30246235
2018,30239951,1,30246247
2018,30239950,1,30243232
2018,30239929,1,30246229
2018,30239931,7,30250485
2018,30244313,1,30243239
2018,30239957,1,30246252
2018,30239972,1,30250536
2018,30236300,1,30238881
2018,30232692,1,30242558
2018,30232699,1,30238895
2018,30236321,1,30242573
2018,30019204,1,30039651
2018,30010093,1,30039658
2018,30019232,7,30039681
2018,30019243,1,30035398
2018,30014930,1,30035402
2018,30014942,1,30035414
2018,30019253,1,30039703
2018,30010094,1,30030615
2018,30010103,1,30030625
2018,30019234,1,30035389
2018,30019235,1,30030645
2018,30019238,1,30035392
2018,30014939,1,30035411
2018,30462594,1,30468845
2018,30466663,1,30476236
2018,30244301,1,30250504
2018,30239947,1,30243231
2018,30244307,1,30250513
2018,30019230,1,30039679
2018,30010118,1,30039674
2018,30014922,1,30039682
2018,30014927,1,30035397
2018,30469845,3,30468836
2018,30462589,1,30468839
2018,30469849,1,30468842
2018,30462606,1,30468857
2018,30462610,1,30468861
2018,30469870,1,30476242
2018,30462613,1,30476243
2018,30236294,1,30242550
2018,30239027,1,30238887
2018,30236323,1,30245359
2018,33496353,1,33532155
2018,30236298,1,30242552
2018,30232701,1,30242564
2018,30232710,1,30238904
2018,30947974,1,30958939
2018,30244317,8,30250524
2018,30244318,7,30250525
2018,30236978,1,30243243
2018,30239970,1,30246260
2018,30236987,1,30243252
2018,30951341,1,30965670
2018,30010126,3,30039688
2018,30014931,1,30035403
2018,30019248,1,30039697
2018,30010133,1,30030653
2018,30236960,7,30250497
2018,30236971,1,30243237
2018,30010095,1,30030616
2018,30019220,1,30035378
2018,30014910,1,30039673
2018,30019228,1,30039676
2018,30010121,7,30039686
2018,30010125,7,30035396
2018,30466643,1,30468846
2018,30466644,1,30472890
2018,30469865,1,30476237
2018,30014929,1,30039692
2018,30466633,1,30472880
2018,30469842,1,30468833
2018,30466645,1,30468848
2018,30239062,1,30245375
2018,30239014,1,30238876
2018,30236296,1,30245333
2018,30239026,1,30238886
2018,30232694,1,30238890
2018,30236317,1,30242568
2018,30239051,1,30238907
2018,30239059,1,30245371
2018,30232716,1,30245372
2018,30232717,1,30238911
2018,30239058,1,30238910
2018,30014907,1,30035380
2018,30010115,1,30030636
2018,30010119,1,30035385
2018,30019209,1,30039655
2018,30010096,1,30030617
2018,30014901,1,30030620
2018,30010102,1,30030624
2018,30244285,7,30246230
2018,30236962,1,30243229
2018,30239953,1,30250508
2018,30236972,1,30243238
2018,30462583,1,30468827
2018,30469837,1,30476215
2018,30462588,1,30468838
2018,30469844,1,30468835
2018,30462587,1,30468834
2018,30469841,1,30472884
2018,30469848,3,30472887
2018,30462595,1,30468847
2018,30466647,1,30476222
2018,30244284,1,30250483
2018,30239959,1,30250520
2018,30019196,1,30035352
2018,30019197,1,30039643
2018,30014877,1,30030605
2018,30010091,1,30039656
2018,30014926,1,30035395
2018,30010127,1,30030649
2018,30014913,1,30039677
2018,30014912,1,30035384
2018,30019237,1,30039684
2018,30466639,1,30476218
2018,30466646,1,30472891
2018,30466648,1,30468849
2018,30466649,1,30472892
2018,30462596,7,30472894
2018,30462601,1,30468854
2018,30466666,6,30476241
2018,30462584,1,30468828
2018,30466652,1,30472897
2018,30469858,1,30476229
2018,30014897,1,30030611
2018,30014906,1,30039666
2018,30010112,1,30039669
2018,30014917,1,30030641
2018,30244272,1,30243206
2018,30236944,1,30243215
2018,30244281,1,30243217
2018,30239935,1,30243225
2018,30244298,1,30243228
2018,30244304,1,30250507
2018,30236955,1,30250488
2018,30244286,1,30250486
2018,31422410,1,31443596
2018,31427302,2,31433628
2018,31427301,1,31443597
2018,30236976,1,30250530
2018,30239974,1,30250537
2018,30239978,1,30246264
2018,31427319,1,31443613
2018,30469835,1,30476214
2018,30469846,1,30468837
2018,30469851,1,30468844
2018,30462599,1,30468852
2018,30469856,1,30472902
2018,30466656,1,30476228
2018,30462603,1,30476227
2018,30466657,1,30472903
2018,30466658,1,30472904
2018,30469857,1,30476226
2018,30466664,1,30468863
2018,30466668,1,30468866
2018,30236302,1,30238884
2018,30239028,1,30238889
2018,30239030,1,30245346
2018,30236320,1,30238900
2018,30236325,1,30242578
2018,34380540,1,34399972
2018,34378035,1,34386534
2018,30953802,1,30965646
2018,30953812,1,30962629
2018,30947979,1,30958942
2018,30953852,1,30965696
2018,30951320,1,30962618
2018,30953825,1,30962641
2018,30953826,1,30965668
2018,30948010,1,30958971
2018,30947980,1,30958943
2018,30951319,1,30965653
2018,30951326,1,30962624
2018,30947986,1,30958949
2018,30948005,1,30962644
2018,30953834,1,30965679
2018,30953832,1,30965678
2018,30953836,1,30965682
2018,34378018,1,34399968
2018,34378022,1,34399973
2018,34385971,1,34386527
2018,34380547,1,34399980
2018,34380558,1,34399992
2018,34378036,1,34394984
2018,33504559,1,33527615
2018,34378037,1,34394985
2018,33504560,1,33535763
2018,31417312,1,31443592
2018,31422405,1,31438560
2018,33496446,1,33527688
2018,34378016,1,34386514
2018,34385963,1,34394968
2018,34385964,1,34386520
2018,34385972,7,34394976
2018,33496395,1,33527631
2018,33500977,1,33532279
2018,33496396,1,33527632
2018,33500905,1,33532208
2018,33496432,1,33527670
2018,33683906,1,33689236
2018,33500935,1,33527689
