"DATA_YEAR","PROPERTY_ID","INCIDENT_ID","PROP_LOSS_ID","STOLEN_COUNT","RECOVERED_COUNT"
2018,100847255,95482913,1,,
2018,100847390,95483097,6,,
2018,100847443,95483180,4,,
2018,100847177,95482823,6,,
2018,104615229,99646820,4,,
2018,104615230,99646820,7,,
2018,104618784,99650435,4,,
2018,104618789,99650442,7,,
2018,104615248,99650460,7,,
2018,104612871,99650460,4,,
2018,104612898,99654615,4,,
2018,104618827,99654622,6,,
2018,106538448,101733783,4,,
2018,106532372,101741915,7,,
2018,117807533,114331760,4,,
2018,117796858,114336187,4,,
2018,117807528,114336198,4,,
2018,109983859,105558521,4,,
2018,109983760,105563168,5,,
2018,109983761,105563168,7,,
2018,109983757,105563161,7,,
2018,115764534,112095745,7,,
2018,115764704,112089725,7,,
2018,117807532,114331754,7,,
2018,109983858,105563325,4,,
2018,109993823,105567947,4,,
2018,109989025,105567947,7,,
2018,109989035,105563233,7,,
2018,109989040,105563251,7,,
2018,109989039,105563251,5,,
2018,109983787,105567951,4,,
2018,109989034,105558447,7,,
2018,109993885,105563299,7,,
2018,109989056,105563299,5,,
2018,109993798,105563166,7,,
2018,109983812,105563247,7,,
2018,109983811,105563247,5,,
2018,117807522,114346149,4,,
2018,109989023,105563204,7,,
2018,109993821,105567945,4,,
2018,109993827,105567948,7,,
2018,109993826,105567948,4,,
2018,109993829,105563212,7,,
2018,117803130,114346145,7,,
2018,117807538,114346233,4,,
2018,109989027,105563213,4,,
2018,109983791,105567954,4,,
2018,109983793,105567955,4,,
2018,109983794,105567955,7,,
2018,109983838,105563293,4,,
2018,109983842,105558505,4,,
2018,109993886,105563301,4,,
2018,109993900,105568032,7,,
2018,108630332,104064489,5,,3
2018,108640018,104064489,4,,
2018,108634937,104064489,7,3,
2018,108634889,104064409,7,,
2018,108634895,104064416,7,,
2018,108639953,104064421,7,,
2018,108630292,104059789,4,,
2018,108639981,104059804,7,,
2018,108640009,104059833,7,,
2018,108634890,104064413,4,,
2018,108634891,104064413,7,,
2018,108630317,104059825,7,,
2018,108630326,104059842,7,,
2018,108630327,104064486,7,,
2018,108634888,104064408,4,,
2018,108639948,104067539,4,,
2018,108630291,104059786,4,,
2018,108634903,104064426,4,,
2018,108639989,104064450,7,1,
2018,108630290,104064424,7,,
2018,108639968,104059797,4,,
2018,108630354,104064531,7,,
2018,108634892,104064414,7,1,
2018,108634910,104067560,7,,
2018,108634932,104064482,4,,
2018,105987069,101142624,7,,
2018,105982092,101134084,4,,
2018,105982109,101142659,7,,
2018,105991077,101134124,4,,
2018,105991078,101134124,7,,
2018,105991061,101142658,4,,
2018,104618867,99650548,4,,
2018,104618870,99650552,7,,
2018,104851474,99890263,7,,
2018,104846224,99890263,4,,
2018,104851496,99890285,6,,
2018,104846244,99890302,4,,
2018,104846261,99893903,7,,
2018,104851555,99898444,6,,
2018,108630314,104067599,1,,
2018,104618823,99654617,4,,
2018,104612906,99650510,7,,
2018,104618831,99650511,7,1,
2018,104615295,99654628,7,,
2018,104618836,99650515,4,,
2018,102531190,97308280,7,,
2018,102531413,97308550,4,,
2018,102531457,97308592,6,,
2018,102531608,97308757,7,,
2018,104612893,99654610,4,,
2018,105982147,101134167,6,,
2018,105991059,101142657,7,1,
2018,105982051,101142603,7,,
2018,105991026,101142615,4,,
2018,105991030,101142622,7,,
2018,105982101,101134091,4,,
2018,105982102,101134092,1,,
2018,105991062,101142661,4,,
2018,105987119,101142690,7,,
2018,105991127,101142734,7,,
2018,105991126,101142734,5,,
2018,105987038,101138510,7,,
2018,105991010,101142595,1,,
2018,104851467,99890253,7,,
2018,104851477,99890267,4,,
2018,104846237,99890289,6,,
2018,104846309,99898466,6,,
2018,104851498,99890290,6,,
2018,104846257,99890321,3,,
2018,104841468,99893847,7,,
2018,104851468,99893847,5,,
2018,104841496,99890328,1,,
2018,104846298,99890366,7,,
2018,104851561,99890372,7,,
2018,102187854,96931501,7,,
2018,102187853,96931501,5,,
2018,100847187,95482841,6,,
2018,100847382,95483079,4,,
2018,100847176,95482824,6,,
2018,100847186,95482839,6,,
2018,101422556,96107434,6,,
2018,101886384,96611969,4,,
2018,102531304,97308411,6,,
2018,102531390,97308523,7,,
2018,105991036,101142631,4,,
2018,105987127,101138612,4,,
2018,104841490,99890309,1,,
2018,104846253,99890311,7,,
2018,104846252,99890311,4,,
2018,104846273,99898405,6,,
2018,104846277,99893923,6,,
2018,101422422,96107263,1,,
2018,101422443,96107293,6,,
2018,101422579,96107463,6,,
2018,101422577,96107484,6,,
2018,100847377,95483082,5,,
2018,100847381,95483082,7,,
2018,100847441,95483178,6,,
2018,100847335,95483017,4,,
2018,100847336,95483017,7,,
2018,100847168,95482808,6,,
2018,100847419,95483138,6,,
2018,101886091,96611575,7,,
2018,101886337,96611910,4,,
2018,101886339,96611912,5,,
2018,101886344,96611926,6,,
2018,105986964,101142526,7,,
2018,105981960,101133918,7,,
2018,105990962,101133918,4,,
2018,105990968,101138454,7,,
2018,101886452,96612072,1,,
2018,100847431,95483157,7,,
2018,100847444,95483182,6,,
2018,100159597,94738896,6,,
2018,100159603,94738902,6,,
2018,100159633,94738945,6,,
2018,100159677,94739017,6,,
2018,100847164,95482801,6,,
2018,100847279,95482945,6,,
2018,100159621,94738926,6,,
2018,100159553,94738828,6,,
2018,100159599,94738898,5,,
2018,100159538,94738805,6,,
2018,100159596,94738891,6,,
2018,100159572,94738853,7,,
2018,105991040,101142635,4,,
2018,100159566,94738846,7,,
2018,105987122,101138607,7,,
2018,105987118,101142687,4,,
2018,105987125,101138610,7,,
2018,105991074,101138610,4,,
2018,100159570,94738851,6,,
2018,100159606,94738911,6,,
2018,100159636,94738948,1,,
2018,100160363,94739803,6,,
2018,100159534,94738799,1,,
2018,100159613,94738917,6,,
2018,107153061,102442811,7,,
2018,107153058,102442811,5,,
2018,107157554,102439537,4,,
2018,107157555,102439537,7,,
2018,107153067,102435506,7,,
2018,107153066,102435506,5,,
2018,107157556,102439539,6,,
2018,100160412,94739856,6,,
2018,107159488,102435512,7,,
2018,107153074,102439549,7,,
2018,100847179,95482831,6,,
2018,100847324,95483009,4,,
2018,100847386,95483087,6,,
2018,100159522,94738781,6,,
2018,100159644,94738965,6,,
2018,100159668,94739002,6,,
2018,100159672,94739011,6,,
2018,104841493,99890314,4,,
2018,104846256,99893896,7,1,
2018,104846266,99890329,4,,
2018,104846267,99890329,8,,
2018,100847283,95482948,6,,
2018,100847412,95483128,7,,
2018,100159539,94738807,6,,
2018,100159634,94738946,6,,
2018,100847422,95483142,7,,
2018,100847450,95483192,6,,
2018,101886367,96611949,4,,
2018,101886434,96612044,6,,
2018,100847426,95483150,1,,
2018,101886131,96611640,4,,
2018,101886136,96611640,7,,
2018,104851566,99898463,6,,
2018,101886287,96611844,6,,
2018,101886395,96611988,4,,
2018,101886399,96611995,4,,
2018,101886400,96611995,7,,
2018,101886419,96612018,1,,
2018,101886070,96611548,7,,
2018,100159524,94738785,6,,
2018,106536661,101730469,7,,
2018,106539974,101730469,4,,
2018,100159619,94738924,6,,
2018,106539979,101725478,6,,
2018,100159573,94738854,6,,
2018,100159674,94739014,6,,
2018,104841469,99898328,7,,
2018,104841467,99898328,4,,
2018,104846225,99890268,4,,
2018,100847447,95483184,7,,
2018,100847445,95483184,5,,
2018,104846254,99898381,1,,
2018,104846264,99890324,4,,
2018,104846278,99890338,6,,
2018,101886191,96611715,6,,
2018,104612913,99650523,1,,
2018,104615300,99646915,4,,
2018,100159657,94738991,5,,
2018,100159658,94738991,7,,
2018,100159660,94738995,4,,
2018,100159663,94738995,7,,
2018,104841532,99893958,6,,
2018,104851563,99898459,7,,
2018,104851568,99890384,6,,
2018,101886403,96611999,6,,
2018,100159527,94738789,6,,
2018,100159662,94738994,6,,
2018,100159545,94738816,7,,
2018,100847430,95483156,7,,
2018,100847420,95483139,6,,
2018,104618739,99654509,4,,
2018,104615217,99650408,7,,
2018,104612851,99650408,4,,
2018,104841506,99890345,6,,
2018,104846281,99890347,5,,
2018,104846282,99890347,7,,
2018,100159571,94738852,6,,
2018,101886023,96611494,6,,
2018,105986984,101133939,4,,
2018,105990950,101142522,7,,
2018,105987043,101142592,5,,
2018,105991007,101142592,7,,
2018,101886436,96612046,5,,
2018,101886437,96612046,7,,
2018,105987071,101138545,6,,
2018,104851553,99890365,7,,
2018,104846314,99890393,4,,
2018,104851574,99890393,7,,
2018,104851527,99893913,4,,
2018,107159493,102435531,4,,
2018,107157570,102442836,6,,
2018,107159506,102435560,7,,
2018,107153101,102435560,6,,
2018,107159505,102435560,5,,
2018,107157581,102435562,7,,
2018,107153104,102435565,7,,
2018,101885949,96611402,6,,
2018,101886336,96611908,7,,
2018,101886334,96611908,5,,
2018,100159607,94738910,6,,
2018,100159624,94738936,6,,
2018,101886217,96611762,4,,
2018,101886292,96611858,6,,
2018,109989073,105558530,7,,
2018,101886358,96611941,5,,
2018,101886359,96611941,7,,
2018,101886451,96612071,1,,
2018,104846247,99898373,7,,
2018,104846262,99890326,4,,
2018,104841528,99893951,7,,
2018,105981941,101133887,7,,
2018,105990946,101142517,6,,
2018,105990951,101133901,1,,
2018,105987121,101138609,7,,
2018,100159560,94738836,6,,
2018,100159616,94738920,6,,
2018,104615223,99654561,7,,
2018,104618779,99650428,7,1,
2018,104618787,99650436,7,,
2018,104612865,99654567,4,,
2018,104618788,99650439,7,,
2018,100159523,94738784,6,,
2018,100159549,94738822,6,,
2018,100159635,94738947,1,,
2018,100159651,94738983,7,,
2018,100159675,94739015,6,,
2018,101886379,96611965,7,,
2018,101886412,96612011,6,,
2018,101886368,96611950,7,,
2018,101886453,96612073,1,,
2018,104841475,99898348,1,,
2018,104841478,99898355,6,,
2018,104851502,99898366,4,,
2018,104846260,99890322,7,,
2018,104841505,99898409,7,,
2018,100159632,94738944,6,,
2018,100159567,94738848,5,,
2018,100159569,94738848,7,,
2018,100159670,94739009,6,,
2018,101422629,96107548,5,,
2018,101422667,96107611,5,,
2018,101422671,96107611,7,,
2018,101422853,96107837,7,,
2018,101422620,96107537,6,,
2018,101422642,96107578,5,,
2018,101422643,96107578,7,,
2018,101422669,96107608,6,,
2018,101422711,96107681,6,,
2018,101422713,96107683,5,,
2018,101422603,96107505,1,,
2018,101422605,96107505,6,,
2018,101422607,96107510,6,,
2018,101422615,96107526,4,,
2018,101422665,96107605,6,,
2018,101422708,96107676,6,,
2018,101422681,96107625,7,,
2018,101422686,96107638,6,,
2018,101422704,96107670,6,,
2018,104618726,99650364,7,,
2018,104618740,99650379,7,,
2018,104615225,99650422,4,,
2018,104618774,99650422,7,,
2018,104615257,99646858,5,,
2018,104612876,99646858,7,,
2018,101422703,96107669,6,,
2018,102531716,97308892,4,,
2018,102531718,97308892,5,,
2018,102531720,97308892,7,,
2018,101422618,96107533,6,,
2018,106539870,101720188,4,,
2018,101422684,96107635,4,,
2018,106530925,101730345,1,,
2018,106530929,101720240,7,,
2018,106539907,101730349,7,,
2018,106539873,101720192,4,,
2018,106536558,101720192,7,,
2018,101422685,96107636,6,,
2018,106530911,101720206,7,,
2018,106536567,101730303,6,,
2018,106530917,101730318,6,,
2018,106530920,101730333,4,,
2018,106530921,101730335,6,,
2018,101422738,96107715,4,,
2018,101422674,96107621,5,,1
2018,101422675,96107621,7,1,
2018,101422636,96107560,4,,
2018,101422644,96107579,4,,
2018,101422645,96107579,7,,
2018,101422816,96107800,4,,
2018,105990949,101133897,7,,
2018,101422664,96107602,6,,
2018,105990960,101142536,7,,
2018,105991023,101142614,7,,
2018,105982072,101134038,7,,
2018,101422797,96107778,6,,
2018,101422646,96107582,7,,
2018,101422604,96107506,4,,
2018,101422639,96107567,7,,
2018,101422689,96107644,7,,
2018,101422705,96107671,1,,
2018,101422843,96107823,6,,
2018,102530991,97308028,7,,
2018,101422597,96107492,6,,
2018,101422616,96107528,6,,
2018,104615167,99650362,7,,
2018,104618734,99650373,4,,
2018,106536691,101720363,7,,
2018,102187641,96931229,4,,
2018,102187686,96931277,7,1,
2018,102187793,96931430,7,,
2018,102187789,96931430,4,,
2018,101885965,96611423,6,,
2018,101885985,96611447,4,,
2018,101886218,96611764,6,,
2018,102187661,96931247,4,,
2018,102187675,96931258,6,,
2018,102187689,96931281,6,,
2018,102187692,96931285,4,,
2018,102187700,96931302,1,,
2018,102187737,96931363,6,,
2018,102187865,96931515,6,,
2018,102187970,96931635,4,,
2018,104618731,99650371,4,,
2018,104612814,99646750,7,,
2018,104618736,99650375,6,,
2018,104612822,99646769,7,,
2018,102187679,96931261,6,,
2018,102187684,96931268,4,,
2018,104615186,99654512,7,,
2018,104615184,99646774,7,,
2018,102187811,96931451,1,,
2018,107159472,102435479,4,,
2018,107157539,102442776,7,,
2018,107153028,102435480,7,,
2018,107153033,102439485,7,,
2018,107157545,102442794,7,,
2018,107153043,102435490,1,,
2018,101886385,96611972,4,,
2018,104618849,99650528,7,,
2018,104618860,99650541,4,,
2018,102187698,96931299,7,,
2018,102187802,96931443,4,,
2018,102530981,97308016,7,,
2018,102530980,97308016,4,,
2018,102530982,97308017,4,,
2018,102531062,97308119,7,,
2018,102531058,97308119,5,,
2018,102531331,97308452,4,,
2018,102531336,97308452,7,,
2018,102531397,97308533,4,,
2018,102531424,97308559,7,,
2018,102531455,97308598,7,,
2018,102531553,97308694,7,,
2018,102531548,97308694,5,,
2018,102531567,97308720,7,,
2018,102531659,97308815,6,,
2018,101885966,96611425,6,,
2018,101885982,96611442,7,,
2018,101886047,96611521,6,,
2018,101886424,96612026,7,,
2018,101885984,96611445,6,,
2018,101886342,96611919,6,,
2018,101886401,96611996,6,,
2018,101886326,96611898,6,,
2018,101886402,96611997,6,,
2018,102531001,97308039,4,,
2018,102531003,97308043,6,,
2018,102531013,97308062,5,,
2018,102531017,97308062,6,,
2018,102531145,97308223,6,,
2018,102531022,97308066,7,,
2018,102530984,97308019,7,,
2018,102531087,97308148,7,,
2018,102531565,97308712,6,,
2018,102187699,96931300,7,,
2018,102187866,96931517,6,,
2018,102531220,97308321,7,,
2018,105990901,101142460,7,,
2018,105986961,101142511,4,,
2018,105986965,101142525,6,,
2018,105986968,101133911,4,,
2018,105987037,101142587,7,,
2018,105987044,101142593,6,,
2018,102531309,97308416,7,,
2018,102531300,97308416,4,,
2018,102531305,97308416,5,,
2018,102531345,97308467,6,,
2018,101886390,96611979,6,,
2018,102187924,96931586,7,,
2018,102531564,97308713,7,,
2018,102531786,97308966,7,,
2018,102531784,97308966,6,,
2018,102187743,96931370,7,,
2018,102187767,96931400,6,,
2018,102187656,96931242,1,,
2018,102187703,96931304,6,,
2018,102187710,96931316,6,,
2018,102187706,96931308,6,,
2018,102530983,97308018,6,,
2018,102531021,97308064,8,,
2018,102531020,97308064,4,,
2018,102531101,97308168,1,,
2018,102531165,97308255,7,,
2018,102531352,97308477,7,,
2018,102531360,97308483,7,,
2018,102531479,97308607,7,,
2018,101886331,96611904,1,,
2018,101886389,96611976,6,,
2018,101886448,96612064,4,,
2018,102187713,96931320,7,,
2018,102187721,96931336,6,,
2018,102187785,96931427,5,,
2018,102187788,96931427,7,,
2018,102187799,96931438,6,,
2018,102187769,96931405,7,,
2018,117807540,114346256,4,,
2018,102531019,97308065,7,,
2018,102531179,97308267,1,,
2018,102531526,97308659,7,,
2018,102531534,97308674,7,,
2018,102531750,97308924,6,,
2018,102530992,97308029,4,,
2018,102531009,97308051,4,,
2018,102531086,97308150,8,,
2018,102531084,97308150,4,,
2018,102531025,97308073,7,,
2018,102531034,97308086,7,,
2018,102531037,97308091,6,,
2018,102531056,97308121,4,,
2018,102531063,97308121,7,,
2018,102531176,97308263,4,,
2018,102531177,97308263,7,,
2018,102531197,97308293,7,,
2018,102531207,97308305,7,,
2018,102531412,97308545,4,,
2018,102531799,97308984,4,,
2018,102531800,97308984,7,,
2018,102531820,97309016,6,,
2018,102531035,97308088,7,,
2018,102531100,97308166,7,,
2018,102531699,97308868,7,,
2018,102531804,97308990,4,,
2018,102187683,96931269,6,,
2018,102187933,96931593,4,,
2018,104615250,99646853,7,,
2018,104618800,99646855,6,,
2018,104615254,99654582,6,,
2018,104618815,99650481,7,,
2018,101886311,96611882,5,,
2018,101886313,96611882,7,,
2018,102531032,97308083,6,,
2018,102531039,97308094,6,,
2018,102531651,97308806,7,,
2018,106530966,101730409,4,,
2018,106530973,101720312,7,,
2018,106536645,101720315,7,,
2018,106536655,101730443,7,,
2018,106539964,101730445,4,,
2018,102187667,96931252,5,,
2018,102187668,96931253,4,,
2018,102187695,96931289,6,,
2018,102187707,96931309,6,,
2018,102187778,96931417,7,1,
2018,102187828,96931473,6,,
2018,102187843,96931489,6,,
2018,102531051,97308112,4,,
2018,102531054,97308112,7,,
2018,102531401,97308535,7,,
2018,102531427,97308565,4,,
2018,102531433,97308565,7,,
2018,102187803,96931441,6,,
2018,102187816,96931456,6,,
2018,102187671,96931255,6,,
2018,102187761,96931394,7,,
2018,102187912,96931568,6,,
2018,102187972,96931639,7,,
2018,102187971,96931639,5,,
2018,102531040,97308095,7,,
2018,102531036,97308095,4,,
2018,102531422,97308557,4,,
2018,102187735,96931357,6,,
2018,102187805,96931445,6,,
2018,102531243,97308352,4,,
2018,102531470,97308609,5,,
2018,102531477,97308609,7,,
2018,102531563,97308715,7,,
2018,102531065,97308124,6,,
2018,102531187,97308281,7,,
2018,102531206,97308304,7,,
2018,102187714,96931322,6,,
2018,102187754,96931389,7,,
2018,102187968,96931633,6,,
2018,102531010,97308052,4,,
2018,102531011,97308052,7,,
2018,102531095,97308162,6,,
2018,102531278,97308386,4,,
2018,102531349,97308473,6,,
2018,102531359,97308486,7,,
2018,102531376,97308508,4,,
2018,102531399,97308531,4,,
2018,102531545,97308693,7,,
2018,102531805,97308995,5,,
2018,102531825,97309028,6,,
2018,102187918,96931575,7,,
2018,102187916,96931575,5,,
2018,106530901,101720177,4,,
2018,106536579,101730323,6,,
2018,102531180,97308269,7,,
2018,102531175,97308269,4,,
2018,102531409,97308542,4,,
2018,102531558,97308702,6,,
2018,102531839,97309040,1,,
2018,102531841,97309040,7,,
2018,106536624,101725426,7,,
2018,102531428,97308563,4,,
2018,102187724,96931340,6,,
2018,102187792,96931429,4,,
2018,102187925,96931587,1,,
2018,102530994,97308030,4,,
2018,102531016,97308058,7,,
2018,102531103,97308165,7,,
2018,102187914,96931572,1,,
2018,102187930,96931591,6,,
2018,102531152,97308238,4,,
2018,102531395,97308529,7,,
2018,102531391,97308529,4,,
2018,102531569,97308719,7,,
2018,102187666,96931251,1,,
2018,102187691,96931283,7,,
2018,102187690,96931283,5,,
2018,102187874,96931528,6,,
2018,102531061,97308120,7,,
2018,102531429,97308562,4,,
2018,102531463,97308596,4,,
2018,102531655,97308811,1,,
2018,102531706,97308880,7,,
2018,102531828,97309026,6,,
2018,102187806,96931449,5,,
2018,102187809,96931449,7,,
2018,102187882,96931538,5,,
2018,102187884,96931538,7,,
2018,102187962,96931627,7,,
2018,102187961,96931627,5,,
2018,102531807,97308998,7,,
2018,108634924,104059813,7,,
2018,102531008,97308053,7,,
2018,102531027,97308078,4,,
2018,102531059,97308118,7,,
2018,102531050,97308118,5,,
2018,102531120,97308188,6,,
2018,102531375,97308506,4,,
2018,102531543,97308684,4,,
2018,102531660,97308819,6,,
2018,105990927,101142498,1,,
2018,105981938,101142504,5,,
2018,105990936,101142510,7,,
2018,105990935,101142510,5,,
2018,105981940,101133885,5,,
2018,105990937,101133885,7,,
2018,105990939,101133886,4,,
2018,105986962,101133894,7,,
2018,105986953,101142500,4,,
2018,105990934,101133882,7,,
2018,105990919,101142477,4,,
2018,105981934,101133874,7,,
2018,105990930,101142502,4,,
2018,115764480,112098891,4,,
2018,115754789,112089335,4,,
2018,108634896,104059777,4,,
2018,108639957,104067547,7,,
2018,108630293,104067548,4,,
2018,108639965,104067552,7,,
2018,108639973,104067566,6,,
2018,108639978,104067575,7,,
2018,108634916,104067579,4,,
2018,108634918,104067581,5,,1
2018,108634919,104067581,7,1,
2018,105990899,101142459,6,,
2018,104615166,99650360,4,,
2018,104618727,99646760,7,,
2018,104612824,99650378,4,,
2018,104618750,99650396,6,,
2018,104618752,99646790,7,,
2018,104615210,99646799,6,,
2018,104618760,99650405,4,,
2018,104618763,99650407,7,,
2018,104612854,99646812,6,,
2018,104615221,99650418,5,,
2018,104615222,99650418,6,,
2018,104615231,99646822,7,,
2018,104618778,99646822,4,,
2018,104618785,99646829,7,,
2018,104615236,99654566,7,,
2018,104612864,99646831,7,,
2018,104618794,99650452,6,,
2018,104618796,99650455,7,,
2018,104618798,99650459,7,,
2018,104618799,99650461,7,,
2018,104612875,99650463,7,,
2018,104612883,99654594,4,,
2018,104618820,99650487,7,,
2018,104618821,99646890,7,,
2018,104612897,99654614,4,,
2018,104612902,99650500,6,,
2018,104618832,99650512,7,,
2018,104618847,99650525,7,,
2018,104612914,99654638,6,,
2018,104612915,99650535,4,,
2018,104618866,99650547,4,,
2018,104618869,99650553,7,,
2018,104618871,99650554,7,,
2018,108630303,104064440,7,,
2018,108634899,104064422,7,,
2018,108640017,104064487,7,,
2018,108640039,104064530,7,,
2018,108639971,104064440,5,,
2018,108630315,104067598,7,,
2018,108634958,104059875,7,,
2018,108630311,104064454,4,,
2018,104612860,99650431,7,,
2018,104615240,99650444,7,,
2018,104615268,99646866,6,,
2018,104618850,99650529,7,,
2018,104618868,99650550,7,,
2018,104612927,99650550,4,,
2018,104618824,99650496,7,,
2018,104612904,99646901,6,,
2018,104618833,99650514,5,,
2018,104618834,99650514,7,,
2018,104618851,99650531,4,,
2018,115759472,112095765,7,,
2018,115759471,112095765,4,,
2018,115764532,112095739,4,,
2018,104618715,99646732,6,,
2018,104615164,99654486,7,,
2018,104612809,99654487,6,,
2018,104612815,99646749,7,,
2018,104615182,99646771,4,,
2018,104615188,99654514,4,,
2018,104618775,99654563,7,,
2018,104612881,99654590,6,,
2018,108639950,104067542,4,,
2018,108634898,104064419,4,,
2018,104612816,99654496,7,,
2018,104615159,99646734,6,,
2018,104618730,99650368,4,,
2018,104612823,99654508,4,,
2018,104612848,99654551,7,,
2018,104615212,99654551,4,,
2018,104618759,99650403,1,,
2018,104612874,99650462,6,,
2018,104615256,99650464,7,,
2018,104618802,99650464,4,,
2018,104618804,99646861,4,,
2018,104612877,99646861,7,,
2018,104618721,99646748,4,,
2018,104615175,99654504,4,,
2018,104612827,99646775,7,,
2018,104615187,99654513,7,,
2018,104612830,99654520,1,,
2018,104612842,99646784,4,,
2018,108639990,104067586,5,,
2018,108630309,104067586,7,,
2018,108630331,104067627,4,,
2018,108640019,104067627,7,,
2018,115754909,112089532,7,,
2018,115764630,112089546,4,,
2018,115754863,112089477,5,,
2018,115764598,112089477,6,,
2018,115754910,112095886,4,,
2018,116179555,112536937,7,,
2018,116176670,112530128,7,,
2018,116168228,112536938,7,,
2018,115764474,112095649,7,,
2018,115764577,112095813,7,,
2018,115754851,112095837,7,,
2018,115764593,112095844,7,,
2018,115755037,112099144,7,,
2018,104615281,99646887,4,,
2018,104612894,99650489,5,,
2018,104612895,99650489,7,,
2018,104618846,99650524,7,,
2018,104612825,99654510,4,,
2018,104615190,99654516,4,,
2018,104618772,99646817,7,,
2018,104618783,99646826,7,,
2018,104615238,99646834,7,,
2018,104618803,99646859,7,,
2018,104615258,99646859,4,,
2018,104615263,99654586,4,,
2018,104618807,99646868,6,,
2018,104612891,99646881,6,,
2018,104841464,99890251,7,,
2018,104851465,99898322,7,,
2018,104846285,99890350,7,,
2018,104618741,99650381,7,,
2018,104612840,99646783,4,,
2018,104618745,99646783,7,,
2018,104615165,99646745,6,,
2018,104615202,99654542,5,,
2018,104615203,99654542,7,,
2018,104612856,99650419,6,,
2018,104618781,99646825,4,,
2018,104615233,99646825,7,,
2018,104618806,99646864,7,,
2018,104615273,99654598,7,,
2018,104618852,99646916,7,,
2018,104615317,99646934,7,,
2018,104615318,99646936,7,,
2018,104851479,99898330,7,,
2018,104851504,99898369,4,,
2018,104846250,99893889,5,,1
2018,104846251,99893889,7,1,
2018,104851564,99890378,7,,
2018,109989054,105558503,7,,
2018,109983857,105558519,4,,
2018,105990905,101138407,7,,
2018,105990925,101142491,5,,
2018,105986950,101142491,7,,
2018,105986956,101138422,7,,
2018,105990933,101142509,7,,
2018,105990945,101142518,4,,
2018,105990947,101142518,7,,
2018,105990952,101133900,7,,
2018,105990959,101138434,7,1,
2018,105981965,101133929,7,,
2018,105986980,101138448,4,,
2018,105986981,101138448,7,,
2018,105981978,101138452,4,,
2018,104615276,99650483,1,,
2018,104612886,99654599,6,,
2018,104615285,99650495,7,,
2018,104612907,99654625,7,,
2018,104618840,99646910,7,,
2018,104615298,99654637,6,,
2018,104615289,99650502,6,,
2018,107153079,102439558,4,,
2018,104841488,99893885,6,,
2018,104851514,99898380,7,,
2018,104851544,99890352,6,,
2018,104841529,99898450,7,,
2018,107159499,102435549,4,,
2018,107159507,102442862,4,,
2018,104618719,99646741,4,,
2018,104612813,99654493,6,,
2018,104618724,99654498,7,,
2018,104612834,99654522,4,,
2018,104618756,99654545,6,,
2018,104612870,99654576,7,,
2018,104618801,99654581,6,,
2018,104615301,99654641,4,,
2018,108640024,104064497,1,,
2018,108630342,104059857,7,,
2018,108630282,104064410,4,,
2018,108639947,104064410,7,,
2018,108630355,104059878,5,,
2018,108630356,104059878,7,,
2018,104615288,99646898,6,,
2018,104851523,99898398,7,,
2018,104841514,99893938,4,,
2018,104846242,99890298,7,,
2018,104851516,99893892,7,,
2018,104851515,99893892,5,,
2018,104851524,99893907,6,,
2018,104841512,99890351,7,,
2018,104851557,99898447,7,,
2018,104846231,99890277,4,,
2018,104851509,99898376,7,,
2018,104851531,99893918,4,,
2018,104846223,99898327,4,,
2018,104841472,99890281,6,,
2018,104841480,99898358,7,,
2018,104846238,99898358,4,,
2018,104846246,99898372,7,,
2018,104851525,99893908,7,,
2018,104615173,99646761,4,,
2018,104618728,99646764,4,,
2018,104618735,99646767,7,,
2018,104612831,99646777,6,,
2018,104612839,99646781,7,,
2018,104615207,99654546,6,,
2018,104615228,99646819,7,,
2018,104618790,99646837,4,,
2018,104615243,99646844,6,,
2018,104615244,99646844,7,,
2018,104615245,99654573,7,,
2018,104618795,99646847,7,1,
2018,104618809,99650472,7,,
2018,104618812,99646876,4,,
2018,104612900,99650498,7,,
2018,104615313,99646927,4,,
2018,104615315,99646932,7,,
2018,104615224,99646818,5,,
2018,104612858,99646818,7,,
2018,104612866,99646833,4,,
2018,104618816,99654607,6,,
2018,104615284,99646893,4,,
2018,104618835,99646908,7,,
2018,104618776,99650423,7,,
2018,104612861,99650433,7,,
2018,104615234,99650433,4,,
2018,104612862,99646828,4,,
2018,104615235,99646828,7,,
2018,104841477,99898352,7,,
2018,104846221,99898320,7,,
2018,104841463,99898320,4,,
2018,104851472,99890264,4,,
2018,104851473,99890264,7,,
2018,104841509,99893930,7,,
2018,104841513,99898426,4,,
2018,104612885,99654597,5,,1
2018,104615272,99654597,4,,
2018,104618810,99654597,7,1,
2018,104618817,99646883,6,,
2018,104851466,99898324,7,,
2018,104851475,99898329,7,,
2018,104851556,99898446,6,,
2018,104846286,99898425,7,,
2018,104851499,99893869,6,,
2018,104841510,99890348,4,,
2018,104612924,99654651,4,,
2018,104612926,99654654,7,,
2018,104615316,99654654,4,,
2018,104618782,99650430,7,,
2018,104846222,99898325,7,,
2018,104851480,99893849,7,,
2018,104841479,99893868,6,,
2018,104846241,99893873,4,,
2018,104841484,99893873,7,,
2018,104851503,99893878,1,,
2018,104846248,99890304,4,,
2018,104846249,99893888,7,,
2018,104846258,99898388,4,,
2018,104851520,99898388,7,,
2018,104846276,99890337,6,,
2018,104851551,99890361,6,,
2018,104615269,99654593,7,,
2018,104851469,99890258,7,,
2018,104851478,99893848,4,,
2018,104846265,99898399,1,,
2018,104841524,99890362,7,,
2018,104841465,99890254,7,,
2018,104851476,99890265,7,,
2018,104846245,99893884,6,,
2018,104851507,99890303,1,,
2018,104851508,99898375,6,,
2018,104841494,99898383,4,,
2018,104846271,99893912,7,,
2018,104841523,99898437,6,,
2018,104615226,99650425,4,,
2018,104615227,99650425,7,,
2018,104612859,99654564,4,,
2018,104615237,99646832,7,,
2018,104615160,99646735,7,,
2018,104615172,99646762,4,,
2018,104615191,99654517,7,,
2018,104612829,99654517,4,,
2018,104615209,99650402,7,,
2018,104612853,99650411,7,,
2018,104612852,99650411,4,,
2018,104618780,99650429,7,,
2018,104612872,99654578,1,,
2018,104615260,99654585,5,,
2018,104615261,99654585,7,,
2018,104615271,99646870,7,,
2018,104615282,99646891,4,,
2018,104618822,99650493,7,,
2018,104615319,99646937,4,,
2018,104851501,99898360,7,,
2018,104846233,99898347,6,,
2018,104618797,99646849,7,,
2018,104618862,99650545,5,,
2018,104618863,99650545,7,,
2018,104615158,99646733,4,,
2018,104615163,99646740,7,1,
2018,104612826,99646776,7,,
2018,104615280,99646884,5,,
2018,104612896,99646892,7,,
2018,104841476,99898349,6,,
2018,104841489,99890305,6,,
2018,104612819,99646763,4,,
2018,104615277,99654608,7,,
2018,104615286,99654619,4,,
2018,104615196,99650390,6,,
2018,104615205,99654543,6,,
2018,104612845,99646794,6,,
2018,104612863,99654565,4,,
2018,104618792,99646843,7,,
2018,104615161,99646736,7,,
2018,104615174,99654503,4,,
2018,104615178,99646766,7,,
2018,104615181,99646770,4,,
2018,104618805,99646860,4,,
2018,104612888,99650479,7,,
2018,104612908,99654626,7,,
2018,104612909,99654627,7,,
2018,104612890,99654605,6,,
2018,104615283,99650492,7,,
2018,104615302,99654642,4,,
2018,104615303,99654642,7,,
2018,108639985,104064448,7,,
2018,108640007,104067609,7,,
2018,104841482,99898361,7,,
2018,104851470,99890260,1,,
2018,104851494,99890280,6,,
2018,104841474,99893864,6,,
2018,104851510,99898377,4,,
2018,104846272,99890334,1,,
2018,104851534,99898410,6,,
2018,104851536,99898412,6,,
2018,104851543,99893932,7,,
2018,104841511,99893935,4,,
2018,104841527,99893949,7,,
2018,104846301,99893949,5,,
2018,104851565,99890377,4,,
2018,104846240,99893872,4,,
2018,104841486,99890299,7,,
2018,104851521,99898396,4,,
2018,104841503,99898406,4,,
2018,104846284,99898422,4,,
2018,104846303,99890369,6,,
2018,104851558,99893953,1,,
2018,104851559,99898452,7,,
2018,104841487,99893883,7,,
2018,104851541,99893928,7,,
2018,104851540,99893928,5,,
2018,104846306,99898460,7,,
2018,104612812,99654492,7,,
2018,104612811,99654492,4,,
2018,104618723,99654497,7,,
2018,104615171,99654497,4,,
2018,104612836,99646780,4,,
2018,104612879,99654588,7,,
2018,104612882,99654595,4,,
2018,104612884,99654595,7,,
2018,104612892,99650482,7,,
2018,104615291,99650503,4,,
2018,105987154,101138645,5,,
2018,105987155,101138645,7,,
2018,105987152,101138645,4,,
2018,105987157,101142724,6,,
2018,105982142,101134154,7,,
2018,105982145,101134162,7,,
2018,105987166,101134162,5,,
2018,105986966,101133912,4,,
2018,105982067,101138535,7,,
2018,105987124,101142696,7,,
2018,105981922,101142458,7,,
2018,105981923,101133840,7,,
2018,105981935,101133876,6,,
2018,105986957,101133877,4,,
2018,105986959,101138424,7,,
2018,105990941,101133889,7,,
2018,105981948,101138429,4,,
2018,105981956,101133908,4,,
2018,105981958,101133914,7,,
2018,105986969,101142534,1,,
2018,105982006,101138474,7,,
2018,105982007,101142560,5,,
2018,105982008,101142560,7,,
2018,105982014,101133982,6,,
2018,105982019,101138491,6,,
2018,105982045,101134008,4,,
2018,105991018,101134018,7,,
2018,105987056,101142608,5,,
2018,105987057,101142608,7,,
2018,105982058,101138526,7,,
2018,105982061,101134029,7,1,
2018,105987060,101134029,5,,1
2018,106531018,101730500,4,,
2018,106531019,101730500,7,,
2018,106539995,101730507,7,,
2018,106536694,101720366,7,,
2018,106538470,101741917,4,,
2018,106538491,101737253,7,,
2018,106538492,101737254,7,,
2018,106538496,101737257,7,,
2018,106538515,101737289,4,,
2018,106538517,101737290,7,,
2018,105987055,101134019,1,,
2018,105982062,101138528,7,,
2018,105982068,101134034,4,,
2018,105991046,101134059,7,,
2018,105982089,101138576,7,,
2018,105982104,101134094,7,,
2018,105987112,101142674,6,,
2018,105987114,101142678,7,,
2018,105982122,101138605,4,,
2018,105981924,101133841,7,1,
2018,105981929,101133861,6,,
2018,105990931,101133880,7,,
2018,105982100,101134090,7,,
2018,105986991,101133947,5,,
2018,105981982,101133947,7,,
2018,105987025,101133983,6,,
2018,105981980,101133940,7,,
2018,105981979,101133940,4,,
2018,105990969,101133942,1,,
2018,105986992,101133948,4,,
2018,105981983,101133948,7,,
2018,105987006,101133969,7,,
2018,105987042,101142588,4,,
2018,105982074,101142623,4,,
2018,105982119,101134118,7,,
2018,105990910,101133852,4,,
2018,105990955,101138432,1,,
2018,105981957,101133912,7,,
2018,105990900,101133839,7,,
2018,105986958,101133878,6,,
2018,105990932,101142508,4,,
2018,105986963,101142520,7,,
2018,105981951,101133902,7,,
2018,105986970,101138435,6,,
2018,105986972,101133922,4,,
2018,105981964,101133927,4,,
2018,105986976,101133928,4,,
2018,105986977,101133928,7,,
2018,105981972,101133935,7,,
2018,105981976,101133937,7,,
2018,105981977,101133938,4,,
2018,105981981,101138457,4,,
2018,105990970,101138457,7,,
2018,105990971,101133946,5,,
2018,105986989,101133946,7,,
2018,105982054,101134021,4,,
2018,105982055,101134022,7,,
2018,105987059,101134025,4,,
2018,105982057,101134025,7,,
2018,105982059,101134027,4,,
2018,105982060,101134028,7,,
2018,105991022,101138529,7,,
2018,105982077,101134051,4,,
2018,105991047,101134060,4,,
2018,105991060,101134089,7,,
2018,105987101,101134089,4,,
2018,105982103,101134093,4,,
2018,106539901,101720226,7,,
2018,106536604,101725402,6,,
2018,106530956,101720284,7,,
2018,106536622,101720284,4,,
2018,106536627,101720292,4,,
2018,106539954,101730420,4,,
2018,106530976,101730427,4,,
2018,106539972,101720331,7,,
2018,106539845,101720163,4,,
2018,106530894,101720163,7,,
2018,106539851,101720173,4,,
2018,106539852,101720173,7,,
2018,106539876,101730297,7,,
2018,106536569,101730305,7,,
2018,106539911,101720248,4,,
2018,106536601,101720253,6,,
2018,106530959,101730404,7,,
2018,106539975,101720333,4,,
2018,106543093,101733789,7,,
2018,106543096,101741901,5,,
2018,106543098,101741901,7,,
2018,106543162,101733859,7,,
2018,106532439,101733920,5,,
2018,106538550,101733920,7,,
2018,106536554,101730293,5,,
2018,106539869,101730293,7,,
2018,106536576,101730315,7,,
2018,106539904,101730341,6,,
2018,106539910,101720247,7,,
2018,106539976,101730471,4,,
2018,106539982,101720347,5,,
2018,106536674,101720347,7,,
2018,106536640,101720311,7,,
2018,106530978,101720317,7,,
2018,106530983,101725457,5,,
2018,106530984,101725457,7,,
2018,106536668,101720341,7,,
2018,106532366,101733807,4,,
2018,106538477,101733836,7,,
2018,106538506,101737271,4,,
2018,106538510,101737278,7,,
2018,106538523,101737304,7,,
2018,106538529,101737307,7,,
2018,106538545,101737328,7,,
2018,106543225,101733941,4,,
2018,105990944,101133891,7,,
2018,105981944,101138427,4,,
2018,105990948,101142521,4,,
2018,105981949,101142521,7,,
2018,105990967,101142540,7,,
2018,105982064,101142612,1,,
2018,105987068,101134043,1,,
2018,105991038,101142633,4,,
2018,105991076,101142699,7,,
2018,105991123,101134161,5,,
2018,105991124,101134161,7,,
2018,106536546,101725350,4,,
2018,106530914,101720209,4,,
2018,106539883,101720215,7,,
2018,106539890,101730322,4,,
2018,106539892,101730325,7,,
2018,106539896,101725380,4,,
2018,106536592,101730353,4,,
2018,106539918,101720252,7,,
2018,106539928,101730389,4,,
2018,106536617,101720279,4,,
2018,106530954,101720279,7,,
2018,106539934,101730391,7,,
2018,106536631,101725433,4,,
2018,106539955,101725447,7,,
2018,106536659,101720332,4,,
2018,106536670,101720343,6,,
2018,106536676,101725484,4,,
2018,106536677,101725484,7,,
2018,106539996,101730509,4,,
2018,106539997,101730509,7,,
2018,107159471,102439479,7,,
2018,107157564,102442828,1,,
2018,107157566,102435525,4,,
2018,107157567,102435525,7,,
2018,107159497,102442848,7,,
2018,107157542,102442788,7,,
2018,107159475,102435489,7,,
2018,107153075,102435521,5,,
2018,107153076,102435521,6,,
2018,107153083,102435528,7,,
2018,107159498,102435547,4,,
2018,107159485,102442817,1,,
2018,107159500,102442854,1,,
2018,107157544,102439490,4,,
2018,107153050,102442803,4,,
2018,107157552,102442807,7,,
2018,107157577,102442855,4,,
2018,106530893,101725336,7,,
2018,106530899,101720174,4,,
2018,106536570,101730309,5,,
2018,106536571,101730309,7,,
2018,106530943,101730378,4,,
2018,106530944,101730378,7,,
2018,106530952,101720265,7,,
2018,106536612,101720266,4,,
2018,106536653,101720324,4,,
2018,106530994,101720328,7,,
2018,106539968,101720329,7,,
2018,107157551,102439515,4,,
2018,107153024,102442774,4,,
2018,107153034,102439488,7,,
2018,107153051,102439512,1,,
2018,107153084,102442830,7,,
2018,107159492,102439563,1,,
2018,107153088,102442834,6,,
2018,107157579,102435558,1,,
2018,107153098,102442861,6,,
2018,107157585,102442867,7,,
2018,107159509,102442869,7,,
2018,107153026,102442775,4,,
2018,107157537,102442775,7,,
2018,107159483,102435503,4,,
2018,107159487,102435509,4,,
2018,107153086,102442831,7,,
2018,107157568,102442831,5,,
2018,106536544,101720167,7,,
2018,106536555,101720187,7,1,
2018,106536556,101730294,7,,
2018,106539886,101725376,4,,
2018,106539905,101725383,6,,
2018,106538466,101737206,7,,
2018,107159503,102439587,4,,
2018,106538499,101737262,7,,
2018,106538500,101737263,4,,
2018,106538501,101737263,7,,
2018,106538503,101737268,4,,
2018,106543182,101737298,7,,
2018,106532427,101737313,7,,
2018,106532426,101737313,4,,
2018,106538557,101742047,6,,
2018,106538563,101737353,7,,
2018,106536574,101730314,4,,
2018,117803150,114331778,4,,
2018,106532364,101733793,7,,
2018,106532365,101741897,4,,
2018,106543138,101741928,6,,
2018,106543135,101741928,4,,
2018,106538493,101737255,4,,
2018,106543149,101737266,4,,
2018,106538504,101737269,4,,
2018,106538505,101737272,4,,
2018,106532423,101737312,7,,
2018,106532422,101737312,4,,
2018,106543197,101742014,6,,
2018,106532435,101737331,7,,
2018,106538561,101737351,7,,
2018,106536545,101720169,4,,
2018,106539849,101720172,4,,
2018,106530900,101720175,7,,
2018,106539856,101730283,4,,
2018,106536561,101720196,7,,
2018,106539879,101730306,6,,
2018,106536584,101720229,7,,
2018,106530924,101720232,4,,
2018,106536589,101730347,7,,
2018,106539913,101730363,7,,
2018,106539919,101730369,7,,
2018,106536634,101725436,4,,
2018,106536636,101720307,7,,
2018,106536673,101720344,7,,
2018,105990898,101138398,6,,
2018,105990922,101142481,4,,
2018,105990904,101142464,4,,
2018,105986952,101133868,1,,
2018,105990928,101133871,4,,
2018,105990942,101142513,7,,
2018,105991072,101142694,7,,
2018,105991073,101142695,7,,
2018,105991116,101138651,7,,
2018,105987164,101138660,4,,
2018,105981959,101142537,7,,
2018,106536552,101720183,4,,
2018,106539865,101720183,8,,
2018,106539875,101720194,4,,
2018,106539899,101730334,7,,
2018,106539912,101725397,7,,
2018,106536623,101730396,5,,
2018,106539941,101730396,7,,
2018,106530962,101720301,4,,
2018,106536632,101720301,7,,
2018,106543106,101733811,6,,
2018,106538483,101737241,6,,
2018,106538518,101737291,7,,
2018,106538521,101737300,1,,
2018,106543188,101737306,2,,
2018,106532429,101733895,6,,
2018,106543200,101733903,7,,
2018,106543207,101742029,7,,
2018,106538583,101737363,4,,
2018,106543203,101737324,6,,
2018,106538562,101737352,4,,
2018,106538568,101733945,7,,
2018,107159469,102435474,7,,
2018,107153030,102442783,7,,
2018,107153032,102442789,6,,
2018,107159474,102435487,7,,
2018,107153035,102435488,7,,
2018,107157546,102439500,6,,
2018,107157547,102435493,6,,
2018,107153044,102439501,6,,
2018,107153048,102435497,6,,
2018,107153052,102439514,4,,
2018,107157550,102435500,7,,
2018,107159489,102435514,7,,
2018,105986955,101138423,7,,
2018,105981945,101133893,4,,
2018,105981952,101142524,7,,
2018,105981950,101142524,5,,
2018,105986967,101142531,4,,
2018,105986985,101142543,4,,
2018,105986987,101142543,7,,
2018,105986988,101138456,7,,
2018,105982000,101133965,7,,
2018,105987045,101142597,6,,
2018,105991025,101134033,7,,
2018,105991024,101134033,5,,
2018,105982069,101142616,7,,
2018,105987066,101138540,1,,
2018,105987108,101142667,6,,
2018,105991068,101142672,6,,
2018,105991070,101142681,6,,
2018,105991121,101142729,7,,
2018,105991119,101142729,4,,
2018,107153025,102435475,4,,
2018,107159477,102442797,7,,
2018,107153046,102442797,5,,
2018,107157560,102439550,6,,
2018,107153081,102435526,4,,
2018,107153082,102435526,7,,
2018,107159502,102435557,4,,
2018,107157574,102435539,6,,
2018,107159508,102435561,7,,
2018,107153103,102435561,4,,
2018,106538452,101737181,7,,
2018,106543095,101733797,7,,
2018,106543116,101741914,4,,
2018,106538502,101737265,7,,
2018,106543150,101737267,4,,
2018,106538531,101742002,4,,
2018,106538549,101737335,4,,
2018,106532449,101733939,7,,
2018,106538539,101733899,7,,
2018,106543198,101733899,4,,
2018,106532434,101742027,6,,
2018,106538569,101733942,7,,
2018,106530971,101730417,7,,
2018,106536639,101730417,4,,
2018,106539953,101730419,4,,
2018,106531006,101730478,4,,
2018,117796862,114346186,7,,
2018,106539843,101730269,7,,
2018,106539844,101730270,4,,
2018,106539846,101730273,7,,
2018,106536548,101725352,4,,
2018,106539858,101730284,4,,
2018,106539871,101730292,7,,
2018,106530904,101725358,4,,
2018,106530903,101720193,4,,
2018,106536557,101720195,7,,
2018,106536562,101730299,7,,
2018,106539882,101720214,6,,
2018,106536575,101725375,5,,
2018,106539884,101725375,7,,
2018,106539885,101730316,4,,
2018,106536577,101730317,4,,
2018,106530916,101730317,7,,
2018,106539888,101725377,7,,
2018,106536578,101730321,7,,
2018,106530918,101720219,4,,
2018,106536580,101720221,4,,
2018,106539900,101730338,7,,
2018,106536583,101725382,7,,
2018,106539906,101730343,4,,
2018,106530926,101720236,4,,
2018,106530931,101725389,7,,
2018,106536597,101730359,6,,
2018,106539915,101725398,1,,
2018,106530938,101730366,7,,
2018,106530939,101725400,7,,
2018,106539916,101725400,5,,
2018,106530941,101720254,6,,
2018,106536611,101730385,7,,
2018,106536613,101720270,7,,
2018,106539929,101720272,7,,
2018,106536615,101725415,4,,
2018,106536619,101730390,4,,
2018,106539933,101720280,7,,
2018,106539937,101725423,4,,
2018,106539942,101720287,4,,
2018,106539943,101720287,7,,
2018,106539948,101725434,4,,
2018,106530970,101730416,4,,
2018,106539952,101730418,4,,
2018,106530975,101730425,4,,
2018,106536642,101730426,7,,
2018,106539957,101730432,7,,
2018,106539963,101720327,4,,
2018,106539965,101730446,7,,
2018,106539966,101730450,7,,
2018,106539971,101730463,4,,
2018,106539973,101730463,7,,
2018,106536660,101730466,4,,
2018,106536662,101730470,6,,
2018,106536663,101720336,4,,
2018,106531005,101730477,6,,
2018,106536669,101730480,7,,
2018,106531007,101725479,7,,
2018,106531008,101725480,5,,
2018,106531009,101725480,7,,
2018,106539914,101725399,7,,
2018,106530942,101730371,7,,
2018,106539920,101730371,5,,
2018,106539925,101725412,4,,
2018,106539935,101725421,7,,
2018,106530967,101730410,7,,
2018,106530992,101725465,7,,
2018,106539983,101720348,6,,
2018,106531012,101720353,4,,
2018,106536685,101730497,7,,
2018,106539988,101725490,5,,
2018,106536686,101725490,7,,
2018,106531017,101725492,7,,
2018,106531016,101725492,4,,
2018,106536687,101725493,7,,
2018,106539993,101730506,4,,
2018,106539994,101730506,7,,
2018,106531020,101730508,7,,
2018,106539998,101730514,4,,
2018,106536606,101720256,7,,
2018,106536620,101725420,7,,
2018,106530977,101730428,7,,
2018,106530981,101730436,4,,
2018,106536657,101730456,4,,
2018,106531000,101730456,7,,
2018,106536693,101730513,4,,
2018,106543090,101733780,4,,
2018,106543089,101741885,7,,
2018,106532362,101733787,4,,
2018,106538454,101737184,1,,
2018,106538455,101733794,7,,
2018,106538457,101741899,6,,
2018,106543097,101733798,7,,
2018,106538458,101733798,5,,
2018,106538460,101737190,7,,
2018,106543101,101737192,5,,
2018,106543100,101733802,7,,
2018,106532367,101733808,4,,
2018,106543104,101733809,6,,
2018,106543105,101733810,4,,
2018,106538461,101741905,1,,
2018,106543108,101741907,7,,
2018,106538462,101733815,7,,
2018,106543109,101733816,7,,
2018,106543111,101733817,7,,
2018,106543110,101733817,5,,
2018,106538465,101733818,4,,
2018,106532370,101733819,7,,
2018,106543115,101737205,6,,
2018,106538467,101737208,7,,
2018,106543119,101733821,7,,
2018,108630289,104059782,7,,
2018,106538472,101737216,6,,
2018,106543124,101741919,6,,
2018,108634904,104067546,4,,
2018,106538474,101733827,7,,
2018,106532375,101733829,7,,
2018,106543132,101737225,5,,
2018,106532378,101737225,7,,
2018,106543139,101733837,6,,
2018,106538479,101737228,6,,
2018,106538480,101737231,7,,
2018,106532384,101737231,4,,
2018,106532385,101737230,4,,
2018,106532386,101741937,4,,
2018,106543142,101737233,7,,
2018,106538482,101741939,4,,
2018,106532390,101737243,4,,
2018,106532391,101733845,6,,
2018,106532396,101733850,2,,
2018,106538508,101733854,4,,
2018,106543156,101733854,7,,
2018,106532398,101741965,7,,
2018,106532399,101741966,7,,
2018,108630328,104059843,7,,
2018,106543165,101737286,1,,
2018,106543167,101741977,4,,
2018,106543168,101741977,8,,
2018,106532401,101733866,7,,
2018,106538513,101733866,4,,
2018,106543172,101733867,7,,
2018,106538516,101741984,7,,
2018,106538519,101741990,4,,
2018,106532408,101737293,4,,
2018,106532411,101733874,4,,
2018,106543177,101733875,5,,
2018,106538520,101733875,7,,
2018,106543178,101733876,7,,
2018,106532413,101737301,6,,
2018,106538522,101737302,6,,
2018,106543184,101737305,7,,
2018,115755036,112096041,8,,
2018,106543187,101741996,4,,
2018,106532414,101741996,7,,
2018,106532415,101741996,8,,
2018,106543191,101733890,7,,
2018,106532418,101733892,4,,
2018,106532419,101733892,7,,
2018,106532420,101733892,8,,
2018,106538534,101737309,7,,
2018,106543194,101742008,4,,
2018,106543196,101733896,7,,
2018,106543199,101737318,7,,
2018,106532430,101742019,7,,
2018,106543202,101742020,7,,
2018,106538540,101733905,7,,
2018,106538543,101733908,5,,
2018,106538544,101733908,7,,
2018,106538548,101737330,4,,
2018,106543206,101733916,4,,
2018,106543208,101742030,7,,
2018,106543209,101742032,6,,
2018,106543210,101733919,6,,
2018,106538552,101733923,5,,
2018,106538553,101733923,7,,
2018,106532441,101733926,6,,
2018,106543215,101733931,7,,
2018,106543219,101733934,4,,
2018,106538560,101733937,7,,
2018,106530896,101720165,7,,
2018,106539848,101730276,7,,
2018,106536547,101730279,4,,
2018,106539853,101730281,7,,
2018,106539866,101730290,8,,
2018,106539864,101730290,4,,
2018,106539872,101720189,4,,
2018,106539874,101720191,7,,
2018,106530919,101720222,4,,
2018,106536586,101725386,7,,
2018,106530995,101725467,7,1,
2018,106539990,101730498,4,,
2018,106543224,101742058,1,,
2018,106538564,101733940,4,,
2018,106532452,101742062,4,,
2018,106532454,101742062,7,,
2018,106532455,101742065,7,,
2018,106538570,101742068,4,,
2018,106538574,101742070,7,,
2018,106538582,101737361,4,,
2018,106536598,101725395,4,,
2018,106539897,101730332,4,,
2018,106536590,101730352,7,,
2018,106536594,101730354,4,,
2018,106530940,101730368,4,,
2018,106539936,101730392,2,,
2018,106536650,101720319,4,,
2018,106531003,101730473,7,,
2018,106530905,101725360,7,,
2018,106539880,101725373,4,,
2018,106539881,101725373,7,,
2018,106536581,101720223,4,,
2018,106530937,101730364,7,,
2018,106539939,101730393,6,,
2018,106539940,101720285,7,,
2018,117796864,114336214,4,,
2018,106539842,101720162,7,,
2018,106536550,101720179,7,,
2018,106536560,101725359,7,,
2018,106536559,101725359,5,,
2018,106530908,101730301,7,,
2018,106530907,101730301,4,,
2018,106539889,101720216,4,,
2018,106536585,101720234,7,,
2018,106536605,101730375,4,,
2018,106536608,101730375,7,,
2018,106536614,101720277,7,,
2018,106536621,101720283,4,,
2018,106539958,101730433,4,,
2018,106530987,101720322,7,,
2018,106536651,101720322,4,,
2018,106536681,101720354,7,,
2018,106538449,101737179,4,,
2018,106543131,101741925,6,,
2018,106543147,101741946,7,,
2018,106543176,101737294,4,,
2018,106538538,101737317,7,,
2018,109983847,105558510,4,,
2018,106538572,101742069,7,,
2018,106532379,101733835,6,,
2018,106538495,101737256,7,,
2018,106538494,101737256,4,,
2018,106538497,101737259,4,,
2018,106538498,101737259,7,,
2018,106538509,101733856,7,,
2018,106543183,101733879,7,,
2018,106532432,101737327,7,,
2018,106543221,101733936,7,,
2018,106536543,101720166,4,,
2018,106530897,101725344,7,,
2018,106539959,101725456,1,,
2018,106543130,101733831,1,,
2018,106543189,101741997,4,,
2018,106532425,101742009,7,,
2018,106532424,101742009,4,,
2018,106532450,101742059,7,,
2018,106532457,101733944,4,,
2018,108639943,104059768,4,,
2018,108630281,104059768,7,,
2018,105986990,101138458,7,,
2018,105986993,101138459,7,,
2018,105990978,101138475,1,,
2018,105982017,101133987,6,,
2018,105982044,101138509,6,,
2018,105987046,101134009,6,,
2018,105987064,101138533,7,,
2018,105990895,101138393,5,,
2018,105990896,101138393,7,,
2018,105986941,101138394,6,,
2018,105986954,101138419,7,,
2018,105990929,101138419,5,,
2018,105981936,101138421,7,,
2018,105986979,101138445,7,,
2018,105986978,101138445,4,,
2018,105981967,101133932,4,,
2018,105981968,101133932,7,,
2018,105981969,101142539,4,,
2018,105991020,101134020,6,,
2018,105987063,101138531,7,,
2018,105987123,101138608,7,,
2018,106539891,101720217,4,,
2018,106536582,101720225,7,,
2018,106539902,101720227,4,,
2018,106530930,101730348,6,,
2018,106530932,101720244,4,,
2018,106539921,101730376,6,,
2018,106536644,101725450,4,,
2018,106530980,101725454,7,1,
2018,106530991,101730440,4,,
2018,106536682,101725487,7,,
2018,106538567,101742066,7,,
2018,106538566,101742066,4,,
2018,106536692,101730511,4,,
2018,106532360,101741887,7,,
2018,106532359,101741887,5,,
2018,106543128,101741923,4,,
2018,106543141,101741936,7,,
2018,106543190,101742000,7,,
2018,106538533,101742005,7,1,
2018,106543118,101737210,4,,
2018,106532373,101737210,7,,
2018,106543122,101741918,5,,
2018,106543146,101737239,4,,
2018,106543193,101733893,7,,
2018,106543213,101742039,1,,
2018,106538554,101737341,6,,
2018,106536563,101725362,7,,
2018,106536564,101730300,7,,
2018,106536573,101720213,1,,
2018,106539887,101730319,7,,
2018,106539895,101730330,7,,
2018,106530923,101725384,7,,
2018,106530927,101725388,4,,
2018,106536587,101725388,7,,
2018,106536603,101720255,7,,
2018,106536602,101720255,5,,
2018,106536638,101725443,7,,
2018,106530974,101725448,7,,
2018,106530985,101725459,5,,1
2018,106530986,101725459,7,1,
2018,106539961,101725461,4,,
2018,106536654,101730442,7,,
2018,106530998,101725468,7,,
2018,105981946,101133896,7,,
2018,105990953,101138430,5,,
2018,105990954,101138430,7,,
2018,105986982,101133930,4,,
2018,105981966,101133930,7,,
2018,105986986,101138453,4,,
2018,105991021,101134023,7,,
2018,105982063,101134030,4,,
2018,105991035,101138548,7,,
2018,105991058,101142652,4,,
2018,105982105,101138588,4,,
2018,105982106,101138588,7,,
2018,105987106,101138590,7,,
2018,105982117,101138600,6,,
2018,105991075,101134123,7,,
2018,105991115,101134152,4,,
2018,105987158,101138652,4,,
2018,105987167,101138665,6,,
2018,105982149,101134169,5,,
2018,105982150,101134169,7,,
2018,105990909,101133851,7,,
2018,105981963,101133926,1,,
2018,105982003,101133971,1,,
2018,105987009,101133971,6,,
2018,105991028,101138536,6,,
2018,105987065,101138538,4,,
2018,105982073,101134042,6,,
2018,105982144,101134158,7,,
2018,105991122,101134158,4,,
2018,105982146,101134165,7,,
2018,107153037,102442793,7,,
2018,105982120,101142686,7,,
2018,105987117,101142686,5,,
2018,105987126,101138611,7,,
2018,107157540,102435482,7,,
2018,107157543,102439487,7,,
2018,107153090,102435535,6,,
2018,106538571,101733943,4,,
2018,106543113,101741912,7,,
2018,106543161,101741968,6,,
2018,106532404,101733868,4,,
2018,106532409,101733872,6,,
2018,106532428,101742010,7,,
2018,105990976,101133972,7,,
2018,105987010,101142559,7,,
2018,105982053,101138524,6,,
2018,105982071,101138541,7,,
2018,105991011,101134010,7,,
2018,105982070,101134036,4,,
2018,105987067,101142621,6,,
2018,105991057,101138578,7,,
2018,107159470,102439474,7,,
2018,107153085,102439562,1,,
2018,107157569,102442832,6,,
2018,107159501,102439584,5,,
2018,106539867,101730291,4,,
2018,106536553,101725357,7,,
2018,106539903,101730339,7,,
2018,106530922,101730339,4,,
2018,106530928,101730350,5,,
2018,106536588,101730350,7,,
2018,106530935,101725396,4,,
2018,106530950,101730382,7,,
2018,106530957,101725427,7,,
2018,106530969,101725440,7,,
2018,106530968,101725440,5,,
2018,106531002,101730460,7,,
2018,106531001,101730460,4,,
2018,115754772,112089313,1,,
2018,115754780,112089325,7,,
2018,115759461,112098931,7,,
2018,105991120,101138657,7,,
2018,106530898,101730278,7,,
2018,106536549,101725353,4,,
2018,106530915,101725371,6,,
2018,106530934,101725393,7,,
2018,106530933,101725393,4,,
2018,106536600,101730362,7,,
2018,106530936,101730362,4,,
2018,106530945,101725410,7,,
2018,106539931,101720276,4,,
2018,106536618,101725419,7,,
2018,106536641,101730421,4,,
2018,106536656,101725466,7,,
2018,106539969,101725470,7,,
2018,106536658,101730461,1,,
2018,106543102,101733804,7,,
2018,106543125,101733824,4,,
2018,106543173,101741988,7,,
2018,108634893,104059776,5,,
2018,108634894,104059776,7,,
2018,106538546,101737329,6,,
2018,108639954,104059781,4,,
2018,106532462,101742078,4,,
2018,108639962,104059791,4,,
2018,108630295,104059791,7,,
2018,108640006,104064473,7,,
2018,107153036,102435486,7,,
2018,107153065,102439538,7,,
2018,105990958,101142529,7,,
2018,105990965,101142538,4,,
2018,105982004,101142558,7,,
2018,105987120,101142689,7,,
2018,105991084,101138615,7,,
2018,105991083,101138615,5,,
2018,105987146,101142717,6,,
2018,106532361,101741888,4,,
2018,106543114,101741913,5,,
2018,106532371,101741913,7,,
2018,106532406,101741989,7,,
2018,106543192,101733891,7,,
2018,106543201,101742018,4,,
2018,106532453,101742064,1,,
2018,106538580,101737360,7,,
2018,106532463,101742081,1,,
2018,105990907,101142470,4,,
2018,105990938,101142512,7,,
2018,105986974,101138442,4,,
2018,105987022,101133981,5,,1
2018,105982012,101133981,7,1,
2018,105987047,101138516,6,,
2018,105982050,101138518,7,,
2018,105982049,101138518,5,,
2018,105982079,101134057,4,,
2018,105987102,101134095,7,,
2018,105987105,101138591,7,,
2018,105982113,101138596,6,,
2018,107153087,102439564,7,,
2018,107157573,102439575,6,,
2018,107157582,102439592,4,,
2018,105982121,101138604,7,,
2018,107157538,102439477,4,,
2018,107153029,102439481,4,,
2018,107153031,102439481,7,,
2018,107153045,102439502,6,,
2018,107159480,102439516,4,,
2018,107153056,102442808,7,,
2018,107153057,102442809,6,,
2018,106530892,101725333,7,,
2018,106536551,101720178,7,,
2018,106539859,101730287,7,,
2018,106539924,101730384,7,,
2018,106539951,101720306,7,,
2018,106539989,101725491,7,,
2018,115759456,112089346,7,,
2018,106536542,101725334,7,,
2018,106530895,101730272,7,,
2018,106539854,101730282,1,,
2018,106539857,101730285,4,,
2018,106539863,101730289,4,,
2018,106539877,101720199,7,,
2018,106536565,101720205,5,,
2018,106539894,101725378,4,,
2018,106536599,101730361,7,,
2018,106536610,101725409,4,,
2018,106530948,101730381,8,,
2018,106530947,101730381,4,,
2018,106539926,101720269,4,,
2018,106539927,101720269,7,,
2018,106539930,101720275,4,,
2018,106539938,101725422,7,,
2018,106539944,101725425,4,,
2018,106530964,101725437,7,,
2018,106536643,101725449,4,,
2018,106536646,101725452,7,1,
2018,106530982,101725458,4,,
2018,106536649,101725458,7,,
2018,106530988,101720321,4,,
2018,106539962,101720326,4,,
2018,106530993,101730444,7,,
2018,106530997,101730448,7,,
2018,106530996,101730448,4,,
2018,106539970,101725471,7,,
2018,106539981,101725481,6,,
2018,106536679,101730492,7,,
2018,106531011,101730492,5,,
2018,105987028,101142575,6,,
2018,105991009,101142594,1,,
2018,105982052,101142605,7,,
2018,105987058,101142607,4,,
2018,105987103,101142660,7,,
2018,105982107,101142660,4,,
2018,105991065,101138594,1,,
2018,105986975,101138443,6,,
2018,105981970,101133934,7,,
2018,105990966,101133934,5,,
2018,105981975,101138451,4,,
2018,106532465,101742083,4,,
2018,106543091,101733779,7,1,
2018,106543120,101737212,4,,
2018,106543121,101737212,8,,
2018,106543148,101741952,6,,
2018,106532392,101741954,4,,
2018,106532393,101741954,7,,
2018,106538490,101741956,7,,
2018,106532400,101741973,6,,
2018,106532421,101742006,6,,
2018,106532436,101742028,4,,
2018,109993879,105563292,4,,
2018,109993880,105563294,4,,
2018,107153040,102439496,6,,
2018,107159476,102435491,6,,
2018,107153047,102435495,7,,
2018,107153049,102439506,6,,
2018,107157553,102439524,7,,
2018,107159481,102439524,5,,
2018,107157586,102435566,7,,
2018,106538451,101733786,7,,
2018,106538450,101733786,4,,
2018,106543117,101737207,7,,
2018,106543126,101741921,6,,
2018,106543154,101741963,4,,
2018,106543169,101741980,7,,
2018,106538535,101733894,7,,
2018,106543195,101733894,4,,
2018,106538565,101742060,4,,
2018,106532456,101742067,4,,
2018,105990897,101138397,6,,
2018,105981937,101138425,4,,
2018,105990943,101142515,7,,
2018,105981947,101142519,7,,
2018,105981953,101133909,4,,
2018,105981954,101133909,7,,
2018,105982088,101138579,7,,
2018,105987091,101138579,5,,
2018,105987100,101142656,7,,
2018,105991071,101142685,4,,
2018,105987030,101138494,7,,
2018,105990994,101138494,4,,
2018,105987053,101138519,1,,
2018,105982108,101138589,7,,
2018,107153027,102439475,1,,
2018,107159479,102439504,6,,
2018,107157584,102442866,7,,
2018,107153041,102439497,1,,
2018,107153064,102439532,6,,
2018,107153069,102439541,4,,
2018,107157563,102442825,6,,
2018,107153095,102442857,7,,
2018,107157578,102435555,7,,
2018,107153096,102435555,5,,
2018,107153100,102435559,7,,
2018,105990940,101133888,6,,
2018,105981942,101142514,7,,
2018,105990964,101138441,7,,
2018,105982056,101138525,4,,
2018,105987070,101142625,4,,
2018,106543092,101733785,4,,
2018,106532363,101733792,4,,
2018,106538468,101737209,6,,
2018,106532380,101741931,6,,
2018,106538486,101741950,7,,
2018,106538488,101737246,6,,
2018,106543163,101733860,7,,
2018,106543164,101741974,7,,
2018,106532417,101733889,1,,
2018,106538547,101742026,4,,
2018,106538575,101733948,4,,
2018,106538581,101742080,7,,
2018,106543094,101737187,4,,
2018,106543129,101737221,7,,
2018,106532382,101741932,4,,
2018,106538484,101741949,7,,
2018,106532394,101741955,4,,
2018,106532397,101741962,4,,
2018,106543155,101733853,4,,
2018,106538532,101742003,7,,
2018,106532431,101742023,6,,
2018,106532433,101742025,7,,
2018,106532442,101737344,6,,
2018,106532447,101742057,7,,
2018,106532451,101742061,6,,
2018,106543226,101742063,7,,
2018,106532464,101742082,7,,
2018,109983827,105558481,4,,
2018,109989052,105568014,7,,
2018,109993883,105558500,7,,
2018,107159478,102442799,6,,
2018,107153055,102439519,7,,
2018,107153063,102442813,7,,
2018,107153072,102439548,6,,
2018,107153073,102439551,7,,
2018,107157559,102439551,5,,
2018,109993825,105567946,4,,
2018,109993828,105563211,4,,
2018,106539861,101730288,7,,
2018,106539860,101730288,4,,
2018,109983788,105563214,7,,
2018,106536591,101720243,5,,
2018,106539908,101720243,6,,
2018,106536593,101720243,7,,
2018,106539917,101730365,6,,
2018,106536616,101720278,7,,
2018,106539932,101720278,4,,
2018,106536630,101720299,7,,
2018,109993838,105567979,7,,
2018,108640014,104059841,7,,
2018,108630324,104059839,7,,
2018,115764512,112095717,7,,
2018,115764527,112095732,4,,
2018,115764586,112099009,7,,
2018,108630283,104064412,4,,
2018,108639963,104067551,7,,
2018,108634906,104067551,4,,
2018,108639967,104067556,7,,
2018,108639969,104067562,7,,
2018,108639972,104067565,4,,
2018,108634915,104067572,7,,
2018,108634914,104067572,4,,
2018,108639986,104067582,4,,
2018,108634921,104067590,1,,
2018,108640002,104067604,4,,
2018,108639946,104059770,4,,
2018,108639987,104067585,7,,
2018,108630352,104059870,1,,
2018,108639942,104067537,7,,
2018,108639956,104059784,7,1,
2018,108639959,104064427,7,,
2018,108639958,104064427,4,,
2018,108634905,104067549,4,,
2018,108639960,104067549,7,,
2018,108639966,104067553,7,,
2018,108634911,104067564,7,,
2018,108639977,104067573,7,1,
2018,108639979,104067576,7,,
2018,108630316,104067602,7,,
2018,108640016,104067621,7,,
2018,108639983,104064446,7,,
2018,108639982,104064446,5,,
2018,108634920,104067588,7,,
2018,108630310,104067588,4,,
2018,108634928,104059828,7,,
2018,108640015,104067620,7,,
2018,109993888,105568023,4,,
2018,108639961,104067550,7,,
2018,108630297,104067557,7,,
2018,108639975,104067567,7,,
2018,108639974,104067567,5,,
2018,108639976,104067569,7,,
2018,108630307,104067571,7,,
2018,108639980,104067577,7,,
2018,108639995,104064456,7,,
2018,108634950,104067645,7,,
2018,108634959,104059877,7,,
2018,108634929,104067608,4,,
2018,108634917,104059805,4,,
2018,108640011,104059835,7,,
2018,108634935,104067622,5,,
2018,108630329,104067622,7,,
2018,108634934,104067622,4,,
2018,108639988,104067584,7,,
2018,108634936,104067624,1,,
2018,108639944,104067538,4,,
2018,108639945,104067538,7,,
2018,108630285,104059772,7,,
2018,108639949,104059772,4,,
2018,108630330,104064488,4,,
2018,108634933,104064485,7,,
2018,117807527,114346173,7,,
2018,108630284,104059773,4,,
2018,108639951,104067543,7,,
2018,108634897,104064417,7,,
2018,108634900,104064423,7,1,
2018,108630294,104059790,7,,
2018,117796876,114346244,4,,
2018,109983786,105558438,4,,
2018,109983789,105558440,5,,
2018,109989029,105558440,7,,
2018,109993834,105567966,7,,
2018,109983852,105558515,4,,
2018,109989059,105558516,4,,
2018,109988994,105558394,7,,
2018,109989028,105567950,7,,
2018,109989045,105558479,4,,
2018,109993862,105568001,4,,
2018,109993863,105568001,7,,
2018,109983839,105563296,4,,
2018,109983841,105563296,7,,
2018,109993822,105558439,4,,
2018,109993824,105558439,7,,
2018,109983798,105563231,7,,
2018,115754912,112089533,7,,
2018,109989026,105567949,1,,
2018,109983792,105563216,7,,
2018,109983816,105567985,7,,
2018,109993884,105563295,7,,
2018,115754790,112089336,7,,
2018,115759426,112095619,7,,
2018,115755032,112089757,4,,
2018,115764561,112095784,7,,
2018,115759630,112089766,4,,
2018,115754870,112089482,7,,
2018,115754867,112089482,5,,
2018,115754794,112095724,4,,
2018,115754803,112098941,7,,
2018,115754914,112089537,7,,
2018,115759454,112095719,4,,
2018,115764528,112095734,7,,
