"DATA_YEAR","VICTIM_ID","OFFENSE_ID"
2018,104542074,118240342
2018,104542151,118240418
2018,104542167,118240431
2018,104542349,118240622
2018,104542348,118240608
2018,104542439,118240704
2018,104542056,118240323
2018,104542445,118240710
2018,104542446,118240710
2018,109272183,122994927
2018,109268042,122994868
2018,109268067,122994886
2018,109268067,122994887
2018,109268104,122994917
2018,109272117,123000570
2018,109272117,123000571
2018,109272122,122994860
2018,109275761,123000661
2018,111643169,125399772
2018,111643135,125390115
2018,111630080,125399756
2018,111630094,125399785
2018,126049309,139571301
2018,126053470,139571255
2018,126053477,139576259
2018,126049298,139558891
2018,126049284,139558882
2018,126049300,139558892
2018,126049301,139558895
2018,126049304,139558899
2018,126049267,139558860
2018,126058151,139576260
2018,126053526,139571304
2018,126053527,139558904
2018,126049328,139558916
2018,126058172,139571280
2018,126058184,139571293
2018,126058166,139571271
2018,126053494,139576275
2018,126053500,139558886
2018,126058177,139571286
2018,126058147,139571254
2018,126058150,139571256
2018,126049281,139558876
2018,126058162,139576268
2018,126053499,139576283
2018,126058173,139576286
2018,126058179,139571287
2018,126058178,139571285
2018,126053532,139558910
2018,126058202,139571313
2018,126058215,139576370
2018,126058153,139558871
2018,126058163,139571267
2018,126053495,139558883
2018,126053501,139576284
2018,126058183,139571292
2018,126053519,139558893
2018,126049305,139558900
2018,126058208,139576348
2018,126053556,139576337
2018,116061413,129734479
2018,116054417,129734477
2018,116054431,129734491
2018,116061568,129739978
2018,116061377,129729575
2018,116061406,129734477
2018,116061429,129734491
2018,116061428,129734491
2018,116054469,129729663
2018,116061372,129729568
2018,116061482,129729679
2018,126058148,139576255
2018,126058158,139571264
2018,126053498,139576282
2018,126049297,139558889
2018,126053508,139558889
2018,126053509,139576291
2018,126053517,139576296
2018,126053515,139576296
2018,126053520,139576299
2018,126053522,139571296
2018,126058190,139571299
2018,126058193,139571305
2018,126053533,139576307
2018,126053542,139576320
2018,126053549,139576332
2018,126053555,139576336
2018,126053538,139576313
2018,126053561,139571316
2018,126053482,139576266
2018,126053487,139576270
2018,126058165,139576276
2018,126049308,139558901
2018,126049307,139558901
2018,126049306,139558901
2018,126053474,139576257
2018,126053473,139576257
2018,126053478,139571261
2018,126053486,139576269
2018,126053491,139576273
2018,126053507,139576290
2018,126053506,139576290
2018,116061530,129729722
2018,116061502,129739937
2018,116061453,129739903
2018,116061534,129734560
2018,116061480,129729676
2018,116054439,129739887
2018,116061479,129734524
2018,116049984,129729661
2018,116049964,129734493
2018,116049964,129734494
2018,116049993,129739913
2018,116054528,129739977
2018,116054428,129729612
2018,116054452,129729638
2018,116054482,129739919
2018,116061535,129729724
2018,116054401,129729573
2018,116061378,129729576
2018,116061477,129734522
2018,116061420,129734482
2018,116061467,129729658
2018,126058152,139558868
2018,126053469,139558865
2018,126049280,139571259
2018,126058154,139571260
2018,126058159,139558877
2018,116054427,129739880
2018,116061422,129739879
2018,116061427,129734488
2018,116061425,129734488
2018,116054433,129729615
2018,116054435,129734495
2018,116054435,129734496
2018,116061432,129734499
2018,126053471,139558867
2018,126053475,139571257
2018,126049282,139558879
2018,126053490,139571268
2018,126053493,139558881
2018,126049285,139571270
2018,126053503,139576287
2018,126053510,139576292
2018,126053512,139576293
2018,126053516,139576297
2018,126053537,139571309
2018,126053545,139576323
2018,126053565,139576350
2018,126053569,139571321
2018,126053568,139571320
2018,126053615,139576393
2018,126053626,139576402
2018,116054437,129739886
2018,116049965,129729617
2018,116054440,129729620
2018,116061437,129729623
2018,116061437,129729624
2018,116061450,129734507
2018,116054455,129729641
2018,116054456,129729642
2018,116054460,129734514
2018,116049979,129729645
2018,116049992,129734525
2018,116054495,129734538
2018,116061506,129739942
2018,116061507,129739942
2018,116061524,129734554
2018,116054513,129739954
2018,116054512,129739954
2018,116061532,129739954
2018,116054516,129734561
2018,116054535,129729761
2018,123572448,137037514
2018,124786320,138273911
2018,124786317,138273907
2018,124786318,138273907
2018,123582073,137046962
2018,123572721,137045358
2018,114311522,128051733
2018,114309216,128042381
2018,114309219,128051785
2018,114309219,128051786
2018,114309220,128051785
2018,114309220,128051786
2018,114309254,128047194
2018,114311606,128051813
2018,114311505,128051700
2018,114309154,128047095
2018,114304358,128051681
2018,114304364,128042321
2018,114304367,128042323
2018,114304393,128051733
2018,114311556,128051770
2018,114311573,128047153
2018,114304361,128042319
2018,114304361,128047055
2018,114311546,128042367
2018,114311565,128042378
2018,114304414,128047119
2018,114304437,128042379
2018,114304357,128047052
2018,114309108,128051688
2018,114311502,128042327
2018,114304371,128047070
2018,114309127,128051711
2018,114309132,128047082
2018,114304398,128051740
2018,114309174,128042359
2018,114304461,128047175
2018,114304462,128047175
2018,114311500,128047068
2018,114304381,128047083
2018,114309135,128051716
2018,114304428,128047135
2018,114311611,128047201
2018,114304362,128047057
2018,114309133,128051714
2018,114309203,128051777
2018,114304434,128051777
2018,109268139,123000676
2018,114304466,128051808
2018,109272210,122994950
2018,109272239,122994981
2018,109275785,123000694
2018,109272244,123000697
2018,109272250,122994987
2018,110964428,124714921
2018,110964376,124709610
2018,110964469,124709711
2018,110964469,124719095
2018,110973102,124719020
2018,110973135,124719066
2018,110969602,124709676
2018,110973150,124709684
2018,110973217,124709746
2018,109538581,123285209
2018,109538581,123290097
2018,109538486,123289998
2018,109538484,123289996
2018,109538507,123279967
2018,109538543,123280004
2018,109538457,123289968
2018,109538457,123289969
2018,114304417,128042362
2018,109268111,122994929
2018,109275758,123003989
2018,109272199,122994940
2018,109268126,123003998
2018,109272201,123003999
2018,109275768,123000669
2018,109272205,122994946
2018,114304487,128051818
2018,109542263,123279975
2018,109542277,123279983
2018,109547069,123290110
2018,109547072,123290110
2018,109275749,122994916
2018,110973133,124719063
2018,110973081,124714862
2018,110964379,124719009
2018,110973100,124714886
2018,110964435,124709671
2018,110964436,124709672
2018,110969604,124719067
2018,110969627,124719090
2018,110973230,124719158
2018,110973066,124718987
2018,110973069,124718990
2018,110973104,124719024
2018,109538447,123279916
2018,109538460,123289973
2018,109538489,123279949
2018,109538532,123285165
2018,109547076,123285224
2018,109547076,123285225
2018,110973231,124719160
2018,109542236,123289993
2018,109538490,123290000
2018,109546998,123279980
2018,109542213,123279921
2018,109538527,123285158
2018,109538533,123279991
2018,109538534,123279992
2018,109542303,123280022
2018,109547049,123285203
2018,109538590,123290105
2018,104542017,118240288
2018,104542073,118240340
2018,104542329,118240603
2018,104542399,118240664
2018,104542449,118240714
2018,104542075,118240343
2018,104542055,118240322
2018,104542071,118240338
2018,106624019,120343937
2018,106624066,120343994
2018,106624017,120343931
2018,106623864,120343757
2018,106623903,120343806
2018,106623972,120343883
2018,106623971,120343883
2018,106623988,120343904
2018,106623709,120343582
2018,106624164,120344110
2018,106624191,120344142
2018,106624211,120344159
2018,106624261,120344218
2018,110969679,124709758
2018,110964513,124709759
2018,110969518,124718979
2018,106624206,120344157
2018,106624209,120344157
2018,110964401,124714893
2018,110973106,124719027
2018,110973152,124714950
2018,110969634,124719096
2018,110969654,124714995
2018,104542069,118240336
2018,109538498,123290009
2018,109542257,123290026
2018,109538515,123279972
2018,109538515,123290031
2018,109542292,123290058
2018,109538548,123280009
2018,109538548,123280011
2018,109538569,123280033
2018,109542311,123280033
2018,109547041,123285199
2018,105256056,118963108
2018,106198194,119914569
2018,105256099,118963148
2018,105255998,118963045
2018,105256025,118963077
2018,105256028,118963080
2018,105256049,118963075
2018,105829786,119540670
2018,105255824,118962854
2018,105255822,118962852
2018,105255853,118962886
2018,105256061,118963115
2018,104542332,118240599
2018,104542332,118240601
2018,104542437,118240701
2018,104542459,118240723
2018,104542460,118240723
2018,104542028,118240298
2018,104542260,118240527
2018,104542260,118240529
2018,104542037,118240304
2018,104542395,118240660
2018,105829722,119540604
2018,105829722,119540606
2018,105829724,119540608
2018,105829738,119540620
2018,110973006,124714753
2018,110969458,124709521
2018,104542415,118240680
2018,104542433,118240698
2018,104542441,118240707
2018,104542429,118240694
2018,104542032,118240302
2018,105829810,119540695
2018,105829894,119540784
2018,105829340,119540217
2018,110972999,124714748
2018,110964255,124718913
2018,110964256,124718913
2018,110964254,124709495
2018,110964254,124718913
2018,110964253,124718913
2018,103696037,117382805
2018,103695991,117382756
2018,103695885,117382647
2018,103695985,117382745
2018,103696114,117382882
2018,104542335,118240609
2018,104542029,118240299
2018,104542034,118240303
2018,104542184,118240453
2018,104542426,118240692
2018,103696016,117382782
2018,103696034,117382801
2018,103695912,117382672
2018,103695949,117382712
2018,103695987,117382748
2018,103695987,117382750
2018,103695987,117382752
2018,103695887,117382649
2018,109547046,123290089
2018,109547045,123290089
2018,109538576,123290091
2018,103695981,117382739
2018,103695998,117382763
2018,103695937,117382701
2018,103695939,117382703
2018,110973110,124709632
2018,103695930,117382693
2018,103695993,117382758
2018,110969629,124709703
2018,110973166,124714960
2018,110964466,124709706
2018,110964466,124714966
2018,110969632,124709706
2018,110969632,124714966
2018,110964464,124709706
2018,110964467,124709706
2018,110964465,124709706
2018,110964465,124714966
2018,110969631,124709706
2018,110964468,124709706
2018,103695935,117382698
2018,103696000,117382766
2018,103696041,117382808
2018,103696040,117382808
2018,103695881,117382643
2018,103695888,117382651
2018,103696006,117382773
2018,103696023,117382787
2018,103696020,117382787
2018,103696844,117383611
2018,103696999,117383756
2018,103696050,117382817
2018,103696083,117382851
2018,112430123,126194440
2018,112437075,126194435
2018,112437071,126190412
2018,112430102,126199141
2018,112430122,126190442
2018,112430122,126194437
2018,112430121,126194437
2018,112430129,126190452
2018,103697050,117383796
2018,112430131,126190454
2018,112437091,126194447
2018,112430133,126190459
2018,104542027,118240297
2018,104542048,118240315
2018,104542050,118240315
2018,104542062,118240328
2018,104542250,118240518
2018,104542337,118240606
2018,103695861,117382623
2018,103695892,117382654
2018,103695910,117382671
2018,103696057,117382824
2018,103696057,117382825
2018,103696093,117382864
2018,103696099,117382866
2018,103696108,117382875
2018,109538478,123289991
2018,109538482,123285127
2018,109538483,123285127
2018,109538518,123285150
2018,109542270,123279977
2018,109538536,123279994
2018,109538536,123279995
2018,103696052,117382819
2018,103696936,117383701
2018,104542187,118240455
2018,104542383,118240650
2018,103695889,117382650
2018,103695903,117382666
2018,103695905,117382666
2018,103695904,117382666
2018,103696038,117382806
2018,104542400,118240666
2018,104542451,118240715
2018,105829766,119540649
2018,105829865,119540753
2018,105829877,119540769
2018,105829885,119540772
2018,104542407,118240674
2018,105829409,119540289
2018,105829409,119540290
2018,105829587,119540476
2018,109538595,123290111
2018,105829634,119540523
2018,105829801,119540685
2018,105829805,119540689
2018,105829812,119540697
2018,105829812,119540698
2018,105829837,119540723
2018,105829837,119540724
2018,105829861,119540747
2018,105829195,119540068
2018,105829309,119540182
2018,103695866,117382627
2018,103696014,117382781
2018,104542434,118240699
2018,103695872,117382636
2018,103695938,117382700
2018,103695940,117382702
2018,103696111,117382878
2018,103696843,117383608
2018,109538461,123289977
2018,109546994,123279979
2018,104542443,118240708
2018,109538516,123285146
2018,109538529,123279987
2018,109547013,123290056
2018,109538549,123280012
2018,109542299,123280019
2018,109547027,123285188
2018,109538561,123285192
2018,109538568,123280032
2018,105829489,119540375
2018,105829488,119540372
2018,105829793,119540678
2018,105829807,119540692
2018,109268132,123004005
2018,103695954,117382718
2018,109272217,123004008
2018,109268141,123000679
2018,103696088,117382850
2018,103696088,117382852
2018,103696091,117382860
2018,103696091,117382863
2018,103696100,117382867
2018,109272252,122994990
2018,109538589,123290104
2018,109542331,123280059
2018,109538592,123290106
2018,109547081,123290113
2018,105829816,119540702
2018,103695871,117382631
2018,103696090,117382862
2018,103695898,117382658
2018,103696026,117382791
2018,103696952,117383717
2018,104542414,118240679
2018,104542430,118240696
2018,104542396,118240661
2018,104542435,118240702
2018,109275634,122994797
2018,109272096,123003913
2018,109272096,123003914
2018,109542298,123285181
2018,109538560,123280024
2018,105829385,119540271
2018,103695936,117382699
2018,103695948,117382711
2018,110972972,124718882
2018,110964233,124709467
2018,105829253,119540123
2018,110969424,124709469
2018,110973015,124718918
2018,110972992,124709478
2018,105829762,119540647
2018,110973143,124719072
2018,105829811,119540696
2018,110964351,124718983
2018,110964353,124718986
2018,105829857,119540745
2018,105829867,119540756
2018,110969529,124714865
2018,110964375,124714876
2018,110969550,124714889
2018,103696022,117382788
2018,103696027,117382792
2018,104542418,118240683
2018,109538578,123280046
2018,109542323,123290099
2018,109542325,123290100
2018,109547062,123290103
2018,109547061,123290103
2018,109547010,123285170
2018,112437102,126194458
2018,112437103,126199169
2018,112437133,126199212
2018,105829147,119540015
2018,105829310,119540185
2018,105829346,119540232
2018,105829720,119540601
2018,105829719,119540603
2018,105829728,119540613
2018,103695999,117382764
2018,103695999,117382765
2018,103696028,117382793
2018,103695886,117382648
2018,105829124,119539989
2018,105829122,119539989
2018,105829326,119540206
2018,105829544,119540432
2018,105829625,119540514
2018,105829624,119540515
2018,105829646,119540526
2018,105829646,119540527
2018,105829653,119540524
2018,116050046,129739987
2018,116050047,129739988
2018,105829755,119540640
2018,105829758,119540637
2018,105829868,119540757
2018,105829893,119540783
2018,109538459,123289972
2018,109538493,123279953
2018,109546993,123285152
2018,109547008,123285159
2018,109547002,123279986
2018,103696964,117383723
2018,109542316,123290087
2018,109542324,123280051
2018,110964224,124709459
2018,110964227,124709463
2018,110972988,124709470
2018,110972988,124709471
2018,110972993,124709479
2018,110972995,124709481
2018,110964238,124709481
2018,110969607,124719074
2018,110964460,124719093
2018,103695920,117382684
2018,103696009,117382776
2018,109275697,123000559
2018,109272118,122994850
2018,109268033,123000578
2018,109272123,122994862
2018,109268038,122994864
2018,109268038,123000579
2018,109272126,122994866
2018,109272127,122994867
2018,103696021,117382789
2018,103695865,117382625
2018,103695865,117382626
2018,103695902,117382665
2018,103695906,117382667
2018,103696039,117382807
2018,103696063,117382830
2018,103696079,117382842
2018,103696112,117382879
2018,105829782,119540665
2018,105829795,119540679
2018,105829830,119540713
2018,105829756,119540642
2018,105829767,119540650
2018,105829841,119540730
2018,105829895,119540785
2018,109538487,123289999
2018,109538502,123290011
2018,109538526,123285156
2018,109542295,123280008
2018,109542212,123279917
2018,103696033,117382802
2018,103696036,117382804
2018,103695932,117382695
2018,103695979,117382744
2018,103696059,117382828
2018,103696106,117382873
2018,109546963,123279948
2018,112433495,126190446
2018,112433523,126194462
2018,111637451,125388451
2018,111637451,125394233
2018,111637397,125394175
2018,111628427,125397432
2018,111628428,125388460
2018,111628424,125397432
2018,111628425,125397432
2018,109546943,123279918
2018,109546943,123279920
2018,109546980,123279969
2018,109546957,123285126
2018,109272050,123003860
2018,109538611,123280081
2018,109538611,123285239
2018,103696789,117383551
2018,112430186,126190510
2018,112430186,126199206
2018,112430191,126190514
2018,103696345,117383120
2018,103696341,117383116
2018,103695849,117382610
2018,103695846,117382610
2018,103695845,117382610
2018,103695848,117382610
2018,105829284,119540159
2018,105829351,119540237
2018,105829501,119540391
2018,105829859,119540746
2018,105256119,118963172
2018,105256118,118963169
2018,105256126,118963176
2018,105256107,118963156
2018,105256151,118963201
2018,105256149,118963199
2018,105256148,118963198
2018,105256181,118963235
2018,105256185,118963234
2018,105256294,118963351
2018,105256423,118963501
2018,105256204,118963257
2018,105256205,118963258
2018,105256087,118963136
2018,105256260,118963310
2018,105256262,118963314
2018,105255826,118962856
2018,105256072,118963122
2018,105256077,118963126
2018,105256096,118963144
2018,105256095,118963145
2018,109272253,122994993
2018,109272255,122994993
2018,105256178,118963232
2018,105256255,118963307
2018,105256173,118963227
2018,105256198,118963252
2018,105256264,118963317
2018,105256311,118963371
2018,105256265,118963315
2018,105256405,118963492
2018,105256408,118963492
2018,105256174,118963229
2018,105256214,118963267
2018,105256249,118963301
2018,109275610,123003845
2018,109267952,123003849
2018,109272051,122994784
2018,109272066,123003870
2018,109272113,122994846
2018,109272113,123000566
2018,109272151,123000612
2018,105256067,118963119
2018,105256106,118963155
2018,105256138,118963190
2018,105256248,118963300
2018,105256299,118963359
2018,126049318,139576309
2018,126049325,139576319
2018,126053551,139576333
2018,126053564,139576349
2018,105256103,118963151
2018,105256222,118963275
2018,111637281,125394045
2018,105256211,118963263
2018,105256210,118963264
2018,111637287,125397267
2018,111637329,125388357
2018,111637335,125388362
2018,111637345,125397321
2018,105256212,118963265
2018,105256246,118963298
2018,105256267,118963319
2018,111637295,125397274
2018,111634124,125394059
2018,106624424,120344389
2018,106624424,120344392
2018,111634164,125394099
2018,111634168,125394101
2018,111634171,125394108
2018,111634180,125394120
2018,111634122,125394059
2018,111634111,125397263
2018,111634114,125388332
2018,111634114,125388333
2018,111628310,125394084
2018,111637297,125394060
2018,111634123,125394059
2018,111628309,125394078
2018,111628312,125388350
2018,111634155,125388353
2018,105256296,118963352
2018,105256431,118963518
2018,105256127,118963177
2018,105256194,118963246
2018,105256132,118963182
2018,105256152,118963203
2018,105256152,118963204
2018,105256383,118963461
2018,105255856,118962885
2018,110972990,124718893
2018,105256175,118963228
2018,110964250,124718910
2018,110964378,124719006
2018,110964386,124709620
2018,105256074,118963125
2018,105256115,118963165
2018,105256224,118963279
2018,105256251,118963303
2018,105256363,118963436
2018,105256085,118963134
2018,105256123,118963174
2018,105256093,118963141
2018,105256128,118963179
2018,105256155,118963205
2018,105256233,118963286
2018,105256235,118963286
2018,105256071,118963123
2018,105256139,118963188
2018,105256207,118963260
2018,105256220,118963274
2018,105256250,118963302
2018,105256409,118963493
2018,105256057,118963109
2018,105256078,118963128
2018,105256075,118963128
2018,105256098,118963146
2018,109272038,122994773
2018,109272047,123003852
2018,109275628,123003862
2018,109275629,123003862
2018,105256199,118963253
2018,105256201,118963253
2018,105256263,118963316
2018,109272061,123000493
2018,111628444,125397456
2018,106197881,119914255
2018,106197886,119914255
2018,106197886,119914256
2018,106197944,119914324
2018,106198008,119914387
2018,106198053,119914430
2018,106198112,119914488
2018,106198112,119914490
2018,106198222,119914601
2018,106198224,119914601
2018,105829167,119540034
2018,105829193,119540063
2018,105829546,119540433
2018,106197908,119914285
2018,106197920,119914302
2018,106197948,119914327
2018,106197948,119914328
2018,106197952,119914332
2018,106197952,119914334
2018,106197894,119914269
2018,106197893,119914268
2018,106197970,119914349
2018,106198036,119914413
2018,106198209,119914585
2018,109272059,123000490
2018,109275616,123000479
2018,109272046,123000479
2018,109267966,123000494
2018,109272062,122994793
2018,109272062,122994794
2018,109272063,123000497
2018,106197923,119914303
2018,106197923,119914304
2018,106197926,119914299
2018,106197935,119914315
2018,106197941,119914320
2018,106198069,119914450
2018,109275636,123000506
2018,109267975,123000504
2018,106198141,119914517
2018,112433452,126190374
2018,112437043,126199114
2018,112437045,126199116
2018,112433455,126199117
2018,112437049,126199118
2018,105829788,119540672
2018,112433458,126190381
2018,112430064,126190386
2018,112430070,126190389
2018,112433467,126190395
2018,112430081,126190396
2018,112430088,126194418
2018,105829789,119540673
2018,105829858,119540748
2018,106197945,119914325
2018,109272218,123004010
2018,109272223,122994962
2018,109272236,122994976
2018,106197892,119914266
2018,106197891,119914264
2018,106197967,119914346
2018,106198035,119914412
2018,106198126,119914508
2018,106198130,119914507
2018,106623536,120343389
2018,106623438,120343287
2018,106623425,120343268
2018,106623425,120343269
2018,106623426,120343273
2018,106623492,120343344
2018,106623534,120343382
2018,106198347,119914729
2018,106623639,120343486
2018,106623645,120343486
2018,106623637,120343486
2018,106623732,120343602
2018,106623817,120343701
2018,106623909,120343807
2018,106623909,120343808
2018,106623923,120343830
2018,106623925,120343828
2018,106623933,120343843
2018,106623998,120343912
2018,106624028,120343950
2018,106624074,120343990
2018,106624074,120344002
2018,106624067,120344002
2018,106624194,120344137
2018,106624221,120344169
2018,106624250,120344216
2018,106624326,120344290
2018,105829169,119540038
2018,105829187,119540055
2018,105829280,119540155
2018,105829846,119540733
2018,105829849,119540738
2018,105829191,119540060
2018,105829191,119540061
2018,105829190,119540059
2018,105829731,119540614
2018,105829813,119540699
2018,105829844,119540732
2018,105829361,119540242
2018,105829708,119540588
2018,105829814,119540700
2018,106623448,120343297
2018,106623453,120343302
2018,106623472,120343321
2018,106623474,120343319
2018,106623469,120343322
2018,106623647,120343506
2018,106623647,120343508
2018,106623650,120343504
2018,106623478,120343331
2018,106624397,120344368
2018,106623428,120343276
2018,106623432,120343284
2018,106623566,120343429
2018,106623590,120343452
2018,106623754,120343624
2018,106624027,120343956
2018,106624087,120344021
2018,106624170,120344126
2018,106624213,120344166
2018,106624246,120344208
2018,106624364,120344330
2018,106197884,119914258
2018,106197882,119914257
2018,106197949,119914329
2018,106197964,119914344
2018,106197968,119914345
2018,106198211,119914587
2018,106198211,119914588
2018,106198331,119914714
2018,106623716,120343588
2018,106623753,120343630
2018,106623953,120343866
2018,106623962,120343866
2018,110972922,124718830
2018,110972977,124718884
2018,110972998,124718895
2018,110973004,124709492
2018,110969517,124709585
2018,110973067,124718989
2018,106623609,120343469
2018,106623811,120343692
2018,106623869,120343753
2018,106623869,120343755
2018,106623924,120343829
2018,106624078,120344019
2018,105829796,119540680
2018,106198288,119914667
2018,106624215,120344167
2018,106624510,120344489
2018,106624508,120344484
2018,106624509,120344487
2018,106197978,119914358
2018,106198043,119914421
2018,106198078,119914458
2018,106197902,119914278
2018,106197972,119914351
2018,106197984,119914362
2018,106198032,119914409
2018,106198052,119914429
2018,106198050,119914429
2018,106197903,119914286
2018,106197924,119914307
2018,106197976,119914354
2018,106623427,120343274
2018,106623427,120343275
2018,106623449,120343299
2018,106623457,120343307
2018,106623477,120343328
2018,106623477,120343329
2018,106623496,120343350
2018,106623587,120343443
2018,106623682,120343543
2018,106623921,120343827
2018,106623929,120343840
2018,106623935,120343842
2018,106623940,120343851
2018,106624085,120344025
2018,106624169,120344120
2018,106624260,120344225
2018,106624445,120344417
2018,105829713,119540596
2018,105829775,119540659
2018,105829780,119540663
2018,105829794,119540677
2018,105829487,119540371
2018,105829862,119540752
2018,105829887,119540775
2018,105829887,119540777
2018,105829604,119540497
2018,105829714,119540598
2018,106197932,119914314
2018,106197988,119914367
2018,106197988,119914368
2018,106198005,119914384
2018,106198029,119914407
2018,106198031,119914407
2018,106198108,119914485
2018,106198122,119914503
2018,106198204,119914583
2018,126049332,139558917
2018,106197966,119914347
2018,126053559,139576341
2018,126049337,139576346
2018,106198046,119914427
2018,106198082,119914462
2018,106198336,119914711
2018,106198337,119914711
2018,106198328,119914711
2018,126049338,139558921
2018,126053594,139571328
2018,126053594,139571329
2018,106197865,119914242
2018,106198044,119914422
2018,106623476,120343324
2018,106623489,120343342
2018,106623564,120343427
2018,106623694,120343563
2018,106623782,120343666
2018,106624153,120344098
2018,106624168,120344119
2018,106624234,120344188
2018,106624467,120344440
2018,106624467,120344441
2018,106623439,120343288
2018,106623461,120343312
2018,106623481,120343333
2018,106623567,120343422
2018,106623567,120343426
2018,106623430,120343281
2018,106623485,120343334
2018,106623498,120343349
2018,106623503,120343357
2018,106623537,120343386
2018,106623537,120343388
2018,106623663,120343528
2018,106623689,120343555
2018,106623689,120343557
2018,106623723,120343593
2018,106623736,120343607
2018,106624013,120343929
2018,106624314,120344286
2018,106624318,120344286
2018,106624316,120344286
2018,106624321,120344286
2018,106624425,120344393
2018,106624532,120344510
2018,106624532,120344512
2018,106624532,120344514
2018,106624572,120344561
2018,106623429,120343277
2018,106623500,120343353
2018,106623584,120343444
2018,106624217,120344168
2018,106624393,120344362
2018,106624538,120344526
2018,106197992,119914372
2018,106197905,119914289
2018,106197910,119914289
2018,106197934,119914312
2018,106197936,119914312
2018,106197933,119914313
2018,106198296,119914682
2018,106198351,119914733
2018,109272133,122994871
2018,109275711,122994881
2018,109268068,123000607
2018,109268069,123000608
2018,109268071,122994896
2018,109268072,123000610
2018,109275734,122994903
2018,109272168,122994911
2018,105829689,119540565
2018,105829689,119540568
2018,106623495,120343348
2018,106623506,120343360
2018,106624312,120344282
2018,106624438,120344416
2018,111637338,125397317
2018,111628378,125388405
2018,111628381,125394188
2018,111637420,125388414
2018,111634243,125394196
2018,111637425,125397398
2018,111634260,125394218
2018,106197914,119914292
2018,106197915,119914293
2018,106197940,119914319
2018,106197956,119914337
2018,106197977,119914356
2018,106197983,119914363
2018,106198094,119914476
2018,106198163,119914542
2018,106198182,119914558
2018,106623528,120343375
2018,106623528,120343381
2018,106623958,120343857
2018,106623948,120343857
2018,106624113,120344063
2018,106624505,120344488
2018,106624545,120344535
2018,106623741,120343613
2018,106623885,120343732
2018,106623870,120343732
2018,106623954,120343865
2018,106623999,120343916
2018,106624034,120343951
2018,106624034,120343954
2018,106197871,119914246
2018,106197869,119914246
2018,106197870,119914246
2018,106197876,119914251
2018,106197880,119914251
2018,106198004,119914383
2018,106198128,119914506
2018,106198146,119914522
2018,106197917,119914296
2018,106198071,119914453
2018,106198152,119914527
2018,106198270,119914648
2018,106198350,119914732
2018,106623437,120343286
2018,106623507,120343354
2018,106623507,120343355
2018,106624023,120343945
2018,106197877,119914252
2018,106198030,119914408
2018,106198034,119914411
2018,106198118,119914499
2018,106198133,119914511
2018,106198314,119914697
2018,106624226,120344184
2018,106623517,120343374
2018,106623523,120343379
2018,106623786,120343664
2018,106624045,120343973
2018,106624083,120344015
2018,106624112,120344055
2018,106624207,120344161
2018,106623540,120343393
2018,106623712,120343573
2018,106623735,120343608
2018,106624048,120343974
2018,106624214,120344164
2018,106197866,119914243
2018,106197990,119914370
2018,106198066,119914443
2018,106198344,119914726
2018,106623422,120343272
2018,106623424,120343270
2018,106623462,120343314
2018,106623462,120343315
2018,106623464,120343316
2018,106623486,120343339
2018,106623501,120343352
2018,106623558,120343415
2018,106623581,120343437
2018,106623607,120343470
2018,106623830,120343715
2018,106623931,120343838
2018,106623943,120343848
2018,106623969,120343882
2018,106623997,120343917
2018,106624186,120344138
2018,106624197,120344150
2018,106624543,120344524
2018,106624541,120344528
2018,106624583,120344571
2018,106198278,119914655
2018,111634091,125394022
2018,111628278,125394022
2018,111634142,125394079
2018,111634145,125394082
2018,111637327,125397310
2018,111634167,125397313
2018,106623695,120343553
2018,106623695,120343556
2018,106624007,120343924
2018,106624049,120343975
2018,106624203,120344151
2018,106624258,120344220
2018,111637365,125394147
2018,111637388,125397365
2018,106624598,120344584
2018,106624598,120344585
2018,111634220,125394172
2018,106623600,120343467
2018,106624030,120343947
2018,106623451,120343300
2018,106197950,119914331
2018,106198009,119914388
2018,106198111,119914496
2018,106198289,119914669
2018,106198315,119914694
2018,106198313,119914694
2018,106198317,119914694
2018,106623441,120343291
2018,106623450,120343298
2018,106623468,120343323
2018,106623585,120343448
2018,106624367,120344338
2018,106198273,119914652
2018,106198293,119914680
2018,106623662,120343524
2018,106623995,120343902
2018,106623995,120343905
2018,106624220,120344171
2018,106197912,119914290
2018,106197913,119914291
2018,106197951,119914330
2018,106198223,119914600
2018,106198225,119914599
2018,106623535,120343391
2018,106623739,120343611
2018,106624031,120343955
2018,106624071,120344009
2018,106624320,120344288
2018,106624406,120344370
2018,106624581,120344570
2018,106198081,119914461
2018,106198138,119914513
2018,106198195,119914574
2018,106198236,119914614
2018,106198234,119914610
2018,106198338,119914720
2018,106623419,120343265
2018,106623505,120343359
2018,106624546,120344525
2018,106624549,120344530
2018,114304407,128047112
2018,114311545,128051760
2018,114311547,128042369
2018,106623463,120343310
2018,106623490,120343338
2018,106623533,120343372
2018,106623606,120343466
2018,106623947,120343863
2018,106623967,120343881
2018,106624180,120344132
2018,106624325,120344294
2018,106624335,120344291
2018,106624331,120344291
2018,106624329,120344291
2018,110972916,124718826
2018,110969416,124709442
2018,110972968,124709451
2018,110972969,124714742
2018,110972976,124709457
2018,110972979,124709458
2018,110964226,124709462
2018,110964232,124718890
2018,110972921,124718829
2018,110972962,124709440
2018,110964215,124709445
2018,110964222,124709454
2018,110972975,124709456
2018,110964347,124709586
2018,110972917,124718825
2018,110972941,124718853
2018,110972957,124709437
2018,110964216,124718876
2018,110964217,124718877
2018,110972965,124718878
2018,110964220,124709452
2018,114311491,128047060
2018,114304372,128042329
2018,114309120,128051704
2018,114309124,128051708
2018,114309142,128047091
2018,114309151,128047093
2018,114309155,128047094
2018,114304395,128051737
2018,110972919,124714719
2018,114304368,128047066
2018,114304394,128047098
2018,114304438,128042382
2018,114304486,128051817
2018,109272042,123003843
2018,109275611,123003844
2018,109267949,123000476
2018,109275626,122994786
2018,109272065,123000500
2018,109272078,122994816
2018,109272078,122994817
2018,109272082,122994820
2018,109275667,122994823
2018,109267996,123003896
2018,109272085,123003896
2018,109268003,123003904
2018,109272092,123003908
2018,109272095,123003911
2018,109275690,123000554
2018,109275693,123003926
2018,109275694,123000558
2018,109272109,123000558
2018,109272108,123000558
2018,109272107,123003925
2018,109275695,123000558
2018,109275699,122994847
2018,109268021,122994848
2018,109272116,122994848
2018,109268024,123000573
2018,109268024,123000574
2018,109268034,122994858
2018,109275704,122994861
2018,109268036,123003935
2018,109272124,123000580
2018,109272128,123000582
2018,109272129,122994870
2018,109268051,123000591
2018,109272132,122994873
2018,109272137,122994877
2018,109272140,122994879
2018,109268066,123003944
2018,109272146,122994890
2018,109272149,122994897
2018,109275732,123000626
2018,109268087,123003966
2018,109268092,123000635
2018,109272170,123000641
2018,109275751,123000644
2018,109272174,122994919
2018,109272175,122994921
2018,109272176,122994922
2018,109272179,122994924
2018,109275755,123000650
2018,109272191,123000655
2018,109272202,123000668
2018,109272216,122994956
2018,109275773,122994957
2018,109272225,123004012
2018,109272243,123000695
2018,109272247,123000700
2018,109272249,123000699
2018,109272251,122994989
2018,109275788,123000702
2018,114304386,128047088
2018,114309176,128051756
2018,114311609,128042418
2018,114311609,128047199
2018,114311515,128042336
2018,114309160,128047101
2018,114311534,128042350
2018,109272084,123003894
2018,109272121,122994853
2018,109272130,123000587
2018,109268047,123000587
2018,109268081,123000624
2018,109272180,122994925
2018,109272189,123003987
2018,109272188,123003987
2018,109272219,122994959
2018,109272222,123000677
2018,109272246,122994986
2018,109272246,123004025
2018,109272187,123000651
2018,109268118,123000658
2018,109272203,122994945
2018,109275771,122994951
2018,109272221,122994961
2018,123582064,137046956
2018,114304382,128047084
2018,109272037,122994768
2018,109275606,123003838
2018,109267945,123000472
2018,109267976,123000507
2018,109275607,123003839
2018,109275607,123003840
2018,109275609,123003842
2018,109272045,122994778
2018,109267971,123000501
2018,109267979,123003872
2018,109275676,123003903
2018,109272115,123003928
2018,109268061,123000602
2018,109268062,123000602
2018,109275727,123000625
2018,114311555,128051771
2018,114309112,128051692
2018,114304366,128042325
2018,109275615,123003851
2018,109275622,123003858
2018,109272056,122994791
2018,109275633,122994796
2018,109272089,123000540
2018,109272089,123003906
2018,109272090,122994833
2018,109275689,123003919
2018,109272100,123003918
2018,109275718,123000609
2018,109272150,122994898
2018,109272150,123003948
2018,109268074,123003950
2018,109268074,123003951
2018,109275612,123000478
2018,109272055,123000487
2018,109275637,122994798
2018,109267977,123000508
2018,109267981,122994803
2018,109267985,123003883
2018,109267985,123003884
2018,114304385,128051718
2018,114304387,128051718
2018,114311525,128047103
2018,114311527,128042346
2018,114304441,128051784
2018,114311568,128051784
2018,114311571,128051784
2018,114311570,128051784
2018,114304440,128051784
2018,114311572,128051784
2018,114311569,128047152
2018,114311569,128051784
2018,123572720,137037780
2018,123572474,137045204
2018,123572541,137037579
2018,124050551,137539879
2018,124050548,137534559
2018,111634261,125388440
2018,111634284,125388455
2018,111637269,125388325
2018,110969387,124709404
2018,123582024,137045004
2018,123572327,137046944
2018,110964182,124709408
2018,123579851,137046973
2018,123579851,137046974
2018,123579822,137046959
2018,109267941,123000470
2018,109267938,123000465
2018,123579984,137047120
2018,123579997,137037595
2018,123579938,137045203
2018,124042756,137534566
2018,124042755,137542018
2018,124042752,137534564
2018,124042754,137534565
2018,123572284,137046913
2018,123572377,137045120
2018,123579816,137046957
2018,123579860,137045116
2018,123579899,137037483
2018,123572447,137037513
2018,123579931,137045197
2018,109272112,123000565
2018,109275703,122994854
2018,109268105,123000645
2018,109272178,123000646
2018,109272200,122994939
2018,109272215,123004006
2018,109267956,123003854
2018,109272048,123003854
2018,109275635,123003871
2018,109267980,122994801
2018,109275691,123003923
2018,109272110,123000560
2018,109268017,123000560
2018,109268019,123000562
2018,109268023,123003930
2018,109268032,122994859
2018,109268041,123000583
2018,109275705,123003937
2018,109268073,123000611
2018,109268073,123003949
2018,109272152,123000614
2018,109275730,122994900
2018,109272167,122994910
2018,109275762,123000664
2018,109538444,123289957
2018,109538446,123289958
2018,109546973,123279962
2018,109542304,123290069
2018,109547031,123285191
2018,109267978,122994800
2018,109275655,122994809
2018,109275655,123000519
2018,109267991,123000528
2018,109267948,123000473
2018,109267946,123000474
2018,109267946,123000475
2018,109267947,123000473
2018,109267953,123003850
2018,109272081,122994819
2018,109267994,122994822
2018,109268018,123000561
2018,109268027,122994851
2018,109268027,123000572
2018,109268029,122994857
2018,109272156,122994899
2018,109272161,123000631
2018,109268097,122994913
2018,109268137,123004009
2018,109268138,123004009
2018,109272226,122994964
2018,109272228,122994967
2018,109272230,122994967
2018,109268157,123000696
2018,109268159,123000701
2018,109546946,123289975
2018,109546975,123279965
2018,109542262,123290029
2018,109538537,123279996
2018,109547070,123280062
2018,116050026,129734558
2018,116061563,129739972
2018,109546935,123279913
2018,109542232,123279942
2018,109542235,123279946
2018,110969393,124714721
2018,110969395,124709409
2018,110972923,124718832
2018,110972924,124709411
2018,110964184,124709411
2018,110969400,124718836
2018,110969412,124718867
2018,110969412,124718868
2018,110969420,124709449
2018,110972974,124709455
2018,110969425,124709473
2018,110969425,124709474
2018,110964237,124714747
2018,110964242,124709487
2018,110969433,124718906
2018,110964264,124709505
2018,110969451,124709506
2018,110969451,124714769
2018,110964274,124709518
2018,110973021,124714781
2018,109272169,123003977
2018,109275736,122994904
2018,109275739,123000634
2018,109272186,123003986
2018,109275765,123003997
2018,109268129,123004002
2018,109268135,123000675
2018,109275760,123003991
2018,112433512,126190471
2018,112437098,126194452
2018,109542211,123285107
2018,109546982,123290020
2018,109542261,123285147
2018,112433520,126190486
2018,109547011,123279999
2018,109547036,123280029
2018,109547036,123285196
2018,109538585,123280053
2018,112430178,126199193
2018,109547074,123285223
2018,112437119,126199195
2018,112430180,126199200
2018,112433544,126199201
2018,112437130,126199207
2018,112433551,126199209
2018,112437135,126190519
2018,112433556,126194485
2018,109272041,122994775
2018,109275613,122994779
2018,109275619,123003855
2018,109275632,122994795
2018,109275646,123003879
2018,109267997,123000533
2018,109275670,122994826
2018,109275669,123003897
2018,109272143,122994883
2018,109272148,122994895
2018,109275753,122994923
2018,109275772,123004007
2018,109268142,123000678
2018,114309231,128047162
2018,114311587,128042395
2018,114309107,128042315
2018,114309107,128051686
2018,114304384,128051719
2018,114311612,128051819
2018,109268117,122994935
2018,109546985,123290022
2018,109546995,123279978
2018,109538530,123290050
2018,109542308,123280028
2018,109538500,123279959
2018,109538503,123290012
2018,109542247,123290012
2018,109546984,123285143
2018,109542265,123290033
2018,109542266,123285149
2018,109542282,123279993
2018,109547033,123290071
2018,109547056,123285211
2018,109542329,123280058
2018,109547084,123280078
2018,109542210,123285105
2018,109538472,123285119
2018,109546981,123285142
2018,109546988,123290024
2018,109538540,123280002
2018,109547023,123290065
2018,109547024,123290066
2018,109546940,123279919
2018,109538531,123279990
2018,109546942,123285109
2018,109538476,123285124
2018,109538495,123285132
2018,109538495,123290004
2018,109546979,123290018
2018,109546992,123279976
2018,109538519,123279976
2018,109538535,123285166
2018,109538593,123285221
2018,109267950,123000477
2018,109267960,123000486
2018,109267962,122994788
2018,109267967,122994792
2018,109267973,123000502
2018,109275642,123003875
2018,109275652,122994806
2018,109275672,123000536
2018,109275672,123003900
2018,109268022,123000569
2018,109268045,123000586
2018,109268056,123000597
2018,109268056,123000598
2018,109268057,123000596
2018,109268059,123003941
2018,109268063,123003942
2018,109268084,122994902
2018,109272163,123003970
2018,109272163,123003971
2018,109272165,123003974
2018,109268113,123000652
2018,109268153,122994975
2018,109268156,122994982
2018,109268020,123000563
2018,109268020,123000564
2018,109268025,122994852
2018,109268039,123003936
2018,109275747,122994914
2018,109268106,123000647
2018,109272184,122994930
2018,109272204,122994944
2018,109268133,123000674
2018,109272114,123003927
2018,109268028,122994855
2018,109268028,122994856
2018,109268031,123000576
2018,109268031,123000577
2018,109268044,123000585
2018,109268050,122994869
2018,109272142,122994882
2018,109272141,122994882
2018,109546959,123289994
2018,109546934,123285103
2018,109546934,123285104
2018,109546936,123279914
2018,109538455,123289966
2018,109538456,123289967
2018,109546948,123285111
2018,109542273,123290044
2018,109538557,123290068
2018,109538563,123290072
2018,109275737,123000629
2018,109275737,123000630
2018,109275737,123003965
2018,109268099,123003979
2018,109546937,123289960
2018,109546944,123289970
2018,109546965,123279951
2018,109542246,123279963
2018,109542276,123285157
2018,109547055,123280049
2018,109547055,123280050
2018,109542326,123280052
2018,109542330,123285217
2018,109547035,123285194
2018,109542240,123290001
2018,109542240,123290002
2018,109546986,123290021
2018,109547029,123285190
2018,109275756,122994932
2018,109275784,123000693
2018,109275787,123004022
2018,109275787,123004024
2018,109272248,123004026
2018,109275653,122994808
2018,109268002,122994831
2018,109275702,123003932
2018,109542209,123285106
2018,109546938,123279915
2018,109546947,123289976
2018,109542239,123285130
2018,109542243,123290007
2018,109542243,123290008
2018,109542248,123290014
2018,109542256,123279970
2018,109542259,123285145
2018,109542274,123285154
2018,109542274,123285155
2018,109547001,123279984
2018,109547000,123279984
2018,109538547,123280010
2018,109547034,123280027
2018,109542317,123280042
2018,109268083,123003961
2018,109268101,123000643
2018,109275750,122994915
2018,109272182,123003985
2018,109268122,123000665
2018,109546976,123285141
2018,109547040,123280035
2018,109538599,123280071
2018,109538449,123285110
2018,109538450,123279923
2018,109546945,123289974
2018,109538525,123290048
2018,109547007,123290051
2018,109538575,123290088
2018,109546933,123289956
2018,109538448,123285108
2018,109538458,123289971
2018,109546949,123289978
2018,109542255,123290016
2018,109538508,123290019
2018,109538509,123285144
2018,109538510,123290023
2018,109546987,123290023
2018,109546989,123290032
2018,109542269,123290036
2018,109542275,123279981
2018,109547003,123279988
2018,109542287,123290055
2018,109538559,123280023
2018,109542309,123290078
2018,109538574,123290086
2018,109275659,123003886
2018,109275700,123000567
2018,109275700,123003929
2018,109275701,123003931
2018,109268037,123003934
2018,109275713,123000604
2018,109268088,122994905
2018,109275603,122994771
2018,109267961,123003861
2018,109275639,123000510
2018,109275639,123003874
2018,109275678,123000539
2018,109272099,123000549
2018,109272099,123000551
2018,109272120,123000575
2018,109275716,122994889
2018,109275722,123003954
2018,109268086,123000628
2018,109268108,123000648
2018,109268110,122994928
2018,109268116,122994936
2018,109268160,122994988
2018,109546967,123290005
2018,109542233,123279941
2018,109546969,123279957
2018,109547039,123285198
2018,109272119,123000568
2018,109268064,122994880
2018,109268096,123000640
2018,109272240,122994980
2018,109267937,122994769
2018,109267942,123000469
2018,109275638,123000503
2018,109275641,122994802
2018,109272080,123003891
2018,109267990,123003891
2018,109275665,123003892
2018,109268004,122994832
2018,109268089,122994906
2018,109268102,123003982
2018,109268109,123003984
2018,109546958,123279945
2018,109546964,123285131
2018,109546983,123279971
2018,109538610,123290119
2018,109275602,122994770
2018,109267959,123000485
2018,109272052,122994787
2018,109275748,123003978
2018,109268046,123000588
2018,109275719,122994893
2018,109275724,123000618
2018,109268112,122994933
2018,109272194,123000660
2018,109268120,123000660
2018,109272071,123000520
2018,109272086,122994824
2018,109267998,122994827
2018,109267998,123003898
2018,109268030,123003933
2018,109275707,123003938
2018,109275605,123000468
2018,109272053,122994789
2018,109267965,123003866
2018,109267970,123000499
2018,109275681,123003907
2018,109268076,123003952
2018,109275743,123000637
2018,109275766,122994941
2018,109275767,122994943
2018,109268134,122994955
2018,109275745,123000638
2018,109272181,123000649
2018,109268143,123000680
2018,109268143,123000681
2018,114309158,128047099
2018,114309195,128051767
2018,109538452,123289962
2018,109538475,123285123
2018,109538479,123279944
2018,109546968,123290006
2018,109542258,123290027
2018,109538512,123290028
2018,109542291,123285173
2018,109538550,123280013
2018,109547019,123290063
2018,109542302,123285187
2018,109542305,123290070
2018,109542322,123290096
2018,109547073,123280065
2018,109547073,123290109
2018,109542242,123285135
2018,109538501,123279961
2018,109538528,123279985
2018,109538544,123280006
2018,109542306,123280026
2018,109538583,123285210
2018,109538583,123290098
2018,109538584,123285212
2018,109547059,123280056
2018,109546939,123289961
2018,109546977,123279968
2018,109538511,123290025
2018,109546991,123290037
2018,109547004,123285160
2018,109538556,123290067
2018,109547025,123280020
2018,109547067,123280063
2018,109272044,123003847
2018,109272044,123003848
2018,109275618,123000481
2018,109275618,123000482
2018,109275623,123003859
2018,109275631,123003868
2018,109275648,123000516
2018,109272075,123003888
2018,109275680,123000541
2018,109268078,123000617
2018,109275733,123003960
2018,109275733,123003962
2018,109275746,122994912
2018,109268098,122994912
2018,109272196,123000662
2018,110969659,124715000
2018,110969659,124715001
2018,110964498,124715005
2018,110964499,124715004
2018,110969671,124719150
2018,110973221,124719150
2018,110964508,124709754
2018,110972982,124718887
2018,110969428,124718899
2018,110964247,124718902
2018,110964247,124718903
2018,110973017,124714778
2018,110973022,124714782
2018,110973028,124709541
2018,110969540,124709613
2018,110964389,124709622
2018,110973172,124709704
2018,110964500,124709742
2018,110964181,124718827
2018,110964183,124709410
2018,110972963,124718873
2018,110964219,124709447
2018,110969422,124714740
2018,110969423,124718881
2018,110964228,124714744
2018,110972987,124718888
2018,110969426,124709477
2018,110969430,124709489
2018,110964245,124714751
2018,110969432,124709493
2018,110964248,124718908
2018,110973007,124718905
2018,110964249,124718911
2018,110964266,124718916
2018,110964308,124714807
2018,110973037,124718936
2018,110964317,124714826
2018,110969494,124718951
2018,110964323,124714830
2018,110964349,124714846
2018,110973079,124714860
2018,110964365,124714868
2018,110969533,124709605
2018,110964371,124714873
2018,110973096,124719013
2018,110969546,124714885
2018,110973134,124719065
2018,111634318,125388479
2018,111634318,125388480
2018,111634324,125394272
2018,111637487,125394277
2018,111637488,125394277
2018,111630118,125399801
2018,111643209,125403586
2018,111639717,125399829
2018,124054887,137539886
2018,123582316,137045398
2018,111639634,125399749
2018,111639643,125399755
2018,111639666,125403553
2018,111639712,125399824
2018,111639716,125399828
2018,111630142,125390178
2018,111630143,125390178
2018,111639720,125399834
2018,111630145,125403597
2018,111643259,125399874
2018,111639771,125403648
2018,111639723,125399837
2018,111639754,125399870
2018,111639756,125403622
2018,124786316,138273906
2018,110964362,124709599
2018,110964372,124709608
2018,110964380,124709615
2018,110969560,124719041
2018,110973130,124709662
2018,110964438,124709674
2018,110969618,124714952
2018,110969622,124719083
2018,110964452,124709695
2018,110964456,124719091
2018,110973215,124709743
2018,110973214,124709743
2018,110964509,124709755
2018,110964185,124709412
2018,110964203,124718852
2018,110964221,124718880
2018,110964235,124718892
2018,110973002,124718901
2018,110969447,124714766
2018,110964433,124709670
2018,110964449,124709688
2018,110969415,124718871
2018,110964210,124718871
2018,110964279,124709523
2018,110969495,124714827
2018,110964275,124709519
2018,110964275,124714776
2018,110973019,124718922
2018,110964277,124709522
2018,110964280,124714784
2018,110964280,124714785
2018,110969478,124718930
2018,110969520,124709590
2018,110964392,124719018
2018,110969603,124709677
2018,110964453,124709696
2018,110973163,124709700
2018,110973168,124709701
2018,110973165,124709701
2018,110973167,124709701
2018,110972920,124718828
2018,110964190,124709417
2018,110964198,124718846
2018,110969409,124709436
2018,110972964,124718874
2018,110972966,124718879
2018,110972973,124718883
2018,110964236,124718894
2018,110964239,124709484
2018,110964241,124714750
2018,110969434,124718907
2018,110964259,124709501
2018,110969439,124709500
2018,110969442,124714757
2018,110964263,124709504
2018,110969446,124714762
2018,110969446,124714763
2018,110969450,124714768
2018,110964270,124709513
2018,110964272,124709516
2018,110964273,124709517
2018,110964276,124718923
2018,110973020,124714780
2018,110973020,124718924
2018,110964278,124718925
2018,110964298,124709546
2018,110964363,124719000
2018,110964364,124709602
2018,110964368,124714871
2018,110964368,124714872
2018,110973090,124709607
2018,110964370,124719003
2018,110973091,124709609
2018,110973098,124709618
2018,110964402,124709631
2018,110973116,124719039
2018,110973117,124719040
2018,110969599,124719061
2018,110964432,124709669
2018,110964437,124709673
2018,110964503,124709748
2018,110964512,124715019
2018,111628314,125397305
2018,111628336,125397335
2018,111634200,125388380
2018,111637382,125397361
2018,111637387,125388388
2018,111637387,125388389
2018,111637398,125397373
2018,111637418,125397392
2018,111634242,125394195
2018,111628389,125388417
2018,111637423,125397397
2018,111628415,125397420
2018,111634325,125397457
2018,111637256,125388313
2018,111637256,125394012
2018,111634095,125394029
2018,111634095,125394030
2018,111634106,125394044
2018,111637277,125394044
2018,111637278,125394044
2018,111634115,125397265
2018,111634118,125394054
2018,111637299,125397277
2018,111628327,125397328
2018,111634187,125397333
2018,111637402,125397375
2018,111634227,125388402
2018,111637452,125394236
2018,111634285,125397430
2018,111628435,125397441
2018,111630069,125390114
2018,111643141,125403518
2018,111639646,125390122
2018,111643153,125390124
2018,111630082,125403529
2018,111643166,125403532
2018,111643235,125403611
2018,111630202,125399899
2018,111630203,125399899
2018,111630222,125390262
2018,111634102,125394036
2018,111634108,125397260
2018,111634136,125394075
2018,111634162,125394098
2018,111628322,125394106
2018,111637350,125394117
2018,111634281,125388452
2018,111634295,125388466
2018,111637415,125388407
2018,111634238,125397395
2018,111634246,125394202
2018,111628395,125397402
2018,111628399,125388426
2018,111637461,125388458
2018,111634300,125397445
2018,111637486,125397459
2018,111639652,125399770
2018,111643200,125403577
2018,111639707,125403592
2018,111639734,125403598
2018,111639743,125399859
2018,111630181,125399875
2018,111639772,125390220
2018,111639800,125403672
2018,111643330,125403704
2018,110972967,124714741
2018,110964229,124714746
2018,110972986,124718889
2018,110972991,124709475
2018,110972991,124709476
2018,110973013,124709510
2018,110973014,124714777
2018,110964377,124709611
2018,110964391,124714887
2018,110969548,124709624
2018,110973101,124709624
2018,110973108,124714894
2018,110973108,124714895
2018,110973161,124719087
2018,110964457,124709702
2018,110973177,124714969
2018,110964507,124719156
2018,111634079,125388312
2018,111628284,125388321
2018,111637275,125397256
2018,111628303,125397270
2018,111637302,125397281
2018,111634131,125394067
2018,111637312,125397288
2018,111634143,125394081
2018,111634146,125388348
2018,111634150,125394086
2018,111637340,125394111
2018,111628328,125394118
2018,111637355,125394129
2018,111628339,125397337
2018,111634208,125394152
2018,111634209,125397349
2018,111628355,125394160
2018,111628355,125394161
2018,111634213,125394163
2018,111628374,125394182
2018,111637406,125394182
2018,111628373,125394182
2018,111637407,125394182
2018,111628387,125394198
2018,111637449,125388449
2018,111637462,125388459
2018,111637466,125397439
2018,111634297,125394250
2018,111634297,125397443
2018,111637485,125394274
2018,111637485,125397458
2018,112430060,126194403
2018,112433477,126194427
2018,112437067,126194426
2018,112433514,126194454
2018,112433518,126199166
2018,112430145,126194456
2018,112430174,126199191
2018,112433466,126199122
2018,112430073,126199127
2018,112430079,126199130
2018,112433492,126194439
2018,112430140,126190467
2018,112430141,126199163
2018,112430148,126190477
2018,112433528,126194465
2018,112430164,126199181
2018,112437118,126199194
2018,112437046,126194405
2018,112437048,126194405
2018,112433454,126194405
2018,112437047,126194405
2018,112433461,126199119
2018,112430124,126194441
2018,112430127,126190448
2018,112433502,126199158
2018,112430136,126190461
2018,112433522,126194461
2018,112433541,126190500
2018,112433465,126194413
2018,112430069,126190390
2018,112430076,126194415
2018,112437060,126199135
2018,112430094,126190413
2018,112433484,126194432
2018,112433542,126199197
2018,111637253,125394010
2018,111628275,125388317
2018,111628282,125388320
2018,111637303,125394066
2018,111637337,125397316
2018,111634196,125394142
2018,111634195,125394142
2018,111628345,125388378
2018,111628345,125397340
2018,111637366,125394151
2018,111628350,125397347
2018,111637367,125394153
2018,111628376,125397384
2018,111637422,125394207
2018,111637435,125397407
2018,111637442,125388439
2018,111637445,125394220
2018,112430103,126199144
2018,112430125,126190449
2018,112430157,126190488
2018,112433451,126190371
2018,112437052,126194407
2018,112430072,126190391
2018,112430074,126199128
2018,112433478,126199140
2018,112430099,126190420
2018,112430139,126190466
2018,112437100,126190478
2018,112430151,126199167
2018,112430158,126194459
2018,112430159,126190487
2018,112433521,126190487
2018,112437107,126199171
2018,112430179,126190498
2018,112433539,126194474
2018,112433540,126190499
2018,112433547,126194476
2018,112437127,126194478
2018,112433548,126194479
2018,112433555,126190518
2018,112433559,126194483
2018,112433453,126190376
2018,112433453,126190377
2018,112430065,126199123
2018,112437077,126199149
2018,112430128,126199153
2018,112430152,126190479
2018,112437114,126190494
2018,111637261,125394019
2018,111637265,125394027
2018,111637268,125397249
2018,111639714,125399826
2018,111637280,125388330
2018,111637282,125388331
2018,111637308,125388346
2018,111634138,125397290
2018,111634163,125397307
2018,111637333,125388361
2018,111643145,125403521
2018,111630093,125390139
2018,112430185,126190506
2018,111639721,125399836
2018,111639725,125399839
2018,111639726,125399840
2018,111639726,125399841
2018,111639731,125399845
2018,112430190,126190515
2018,111639761,125403638
2018,111643276,125390232
2018,111643276,125403655
2018,111639814,125403681
2018,111639824,125399922
2018,111639833,125403703
2018,111639840,125399940
2018,111639843,125399945
2018,111639850,125399954
2018,111634135,125394073
2018,126049333,139558918
2018,126049334,139558919
2018,126053609,139576387
2018,111630077,125390119
2018,111643146,125399758
2018,111639684,125403572
2018,111639685,125390154
2018,111639685,125403574
2018,111643202,125399802
2018,111643203,125399802
2018,111639718,125399830
2018,111639728,125399842
2018,111639727,125399842
2018,111639730,125403594
2018,111639732,125399846
2018,111639735,125403595
2018,111639736,125403596
2018,111639780,125390227
2018,111639780,125390228
2018,111643280,125399893
2018,111630212,125390255
2018,111630228,125390270
2018,111630235,125390277
2018,111643324,125399929
2018,111639836,125399935
2018,111634078,125388308
2018,111637263,125397242
2018,111634094,125394026
2018,111628283,125388322
2018,111634099,125394034
2018,111637283,125394047
2018,111637286,125394051
2018,111634126,125397279
2018,111637325,125397306
2018,111637328,125388356
2018,111628319,125397312
2018,111637336,125394109
2018,111628330,125388368
2018,111634189,125394131
2018,111637411,125394186
2018,111634234,125388411
2018,111628402,125388432
2018,111637463,125397436
2018,111634298,125394251
2018,111628437,125394251
2018,110969392,124709406
2018,110964201,124718847
2018,110972945,124718856
2018,110969396,124718831
2018,110972927,124718833
2018,110964200,124709426
2018,110964209,124718870
2018,110964213,124709443
2018,110972983,124718886
2018,110969462,124714786
2018,110969461,124714787
2018,110969514,124718972
2018,110969549,124709626
2018,110969555,124719026
2018,110969554,124719026
2018,110964459,124719092
2018,110973173,124709705
2018,110973216,124719147
2018,110969674,124709752
2018,110964205,124709434
2018,110973008,124714754
2018,111628285,125397248
2018,111637274,125394041
2018,111637273,125394040
2018,111634105,125397258
2018,111628296,125388335
2018,111637320,125397302
2018,111634154,125388351
2018,111634179,125397330
2018,111628329,125394121
2018,111637354,125394127
2018,111634217,125397366
2018,111634216,125397367
2018,111628372,125394180
2018,111628372,125394181
2018,111643172,125403535
2018,111643172,125403536
2018,111643178,125399777
2018,111639702,125390170
2018,111643217,125399849
2018,111639757,125390206
2018,111639763,125403639
2018,111639770,125390218
2018,111643277,125390236
2018,111643288,125399898
2018,111630215,125403677
2018,111639849,125399953
2018,111639777,125399889
2018,111639793,125403670
2018,111630217,125403680
2018,111639832,125399932
2018,111639839,125403706
2018,111639848,125399952
2018,112430053,126194399
2018,112437041,126190372
2018,112437051,126190382
2018,112433462,126194412
2018,112430068,126190388
2018,112437056,126190393
2018,112437055,126190392
2018,112437061,126190403
2018,112437061,126190404
2018,112437063,126190405
2018,112437062,126190406
2018,112433471,126199138
2018,112430090,126199137
2018,112437064,126199137
2018,112437068,126194423
2018,112437069,126194424
2018,112433476,126194423
2018,112433479,126190418
2018,112430101,126194429
2018,112433483,126190422
2018,112433483,126199142
2018,112433501,126199157
2018,110969421,124714739
2018,110964231,124709468
2018,110972996,124709482
2018,110969431,124714752
2018,110973016,124718919
2018,110973016,124718920
2018,110973018,124714779
2018,110964301,124709550
2018,110973070,124718991
2018,110973093,124719007
2018,110964382,124714881
2018,110969544,124714884
2018,110969608,124714943
2018,110973151,124709685
2018,110973158,124714956
2018,110973222,124715009
2018,110973222,124719152
2018,112430055,126190373
2018,112437042,126194402
2018,112433470,126194419
2018,112437093,126194449
2018,112437099,126190473
2018,112433533,126190495
2018,112430052,126190368
2018,112430062,126199121
2018,112437073,126190428
2018,112430116,126199150
2018,112433488,126199150
2018,112437079,126199150
2018,112437082,126190439
2018,112433490,126190439
2018,112433498,126190451
2018,112433515,126199165
2018,112433517,126199165
2018,112430146,126190474
2018,112430146,126190475
2018,112437126,126190505
2018,112430135,126190460
2018,112437101,126190481
2018,112433519,126199168
2018,112433532,126199182
2018,112430189,126194480
2018,112430189,126194481
2018,112437131,126199208
2018,112430193,126194487
2018,123579852,137045106
2018,111639635,125403517
2018,111643151,125403528
2018,111639662,125390140
2018,111630111,125403571
2018,111639711,125399823
2018,111639715,125399827
2018,111639724,125399838
2018,111639729,125399843
2018,111643216,125399844
2018,111630156,125403609
2018,111639755,125390203
2018,111639773,125399883
2018,111639788,125399897
2018,111639803,125390256
2018,111639813,125399912
2018,111639830,125390282
2018,111639831,125399930
2018,111643326,125390286
2018,111643218,125403599
2018,111639760,125403631
2018,111643281,125399894
2018,111643281,125399895
2018,111643286,125403662
2018,111643287,125403661
2018,111630211,125390254
2018,111643332,125403707
2018,111634219,125388394
2018,111634218,125388394
2018,111634239,125388412
2018,111634239,125388413
2018,111634241,125394194
2018,111634259,125394216
2018,111634288,125397431
2018,111634301,125394254
2018,126053518,139576298
2018,126053541,139576318
2018,126053479,139576263
2018,111628269,125397233
2018,111634080,125397236
2018,111634081,125394013
2018,111628272,125394015
2018,111634084,125397238
2018,111628273,125394016
2018,111634086,125397240
2018,111628276,125394021
2018,111637264,125397246
2018,111637267,125388323
2018,111634100,125397251
2018,111628293,125397257
2018,111637279,125388329
2018,111634107,125394046
2018,111628295,125388334
2018,111634112,125397264
2018,111637284,125394048
2018,111628297,125388336
2018,111628299,125388338
2018,111637300,125397278
2018,111634129,125397282
2018,111634133,125388347
2018,111628308,125394074
2018,111634137,125397289
2018,111634139,125394076
2018,111634139,125397291
2018,111634141,125394077
2018,111637313,125397293
2018,111634147,125397295
2018,111637318,125397300
2018,111634148,125397297
2018,111637319,125397301
2018,111634158,125394092
2018,111634159,125394093
2018,111628316,125394097
2018,111634165,125394100
2018,111637332,125397311
2018,111637334,125397315
2018,111628325,125388364
2018,111634174,125394112
2018,111637348,125394114
2018,111634178,125397327
2018,111628331,125397332
2018,111634185,125388369
2018,111628332,125394126
2018,111628335,125397334
2018,111637363,125388379
2018,111634205,125394149
2018,111634206,125388382
2018,111637368,125394154
2018,111637370,125394157
2018,111637372,125388384
2018,111637375,125397350
2018,111637373,125397351
2018,111634212,125397359
2018,111637381,125388387
2018,111637383,125397360
2018,111637391,125388393
2018,111637391,125394170
2018,111637399,125394176
2018,111637409,125397380
2018,111637408,125397378
2018,111637413,125394187
2018,111628384,125394191
2018,111634240,125394193
2018,111634247,125394201
2018,111634248,125388415
2018,111637426,125394210
2018,111637430,125388427
2018,111628407,125397412
2018,111637443,125397413
2018,111637444,125397414
2018,111634264,125394221
2018,111634270,125388447
2018,111634275,125394232
2018,111634276,125394231
2018,111634274,125394230
2018,111634274,125397421
2018,111637450,125388450
2018,111628417,125394235
2018,111637454,125394240
2018,111628420,125388454
2018,111634286,125394244
2018,111634291,125394247
2018,111628426,125388461
2018,111628431,125397434
2018,111634292,125388464
2018,111637464,125388464
2018,111634176,125394115
2018,111634184,125394125
2018,111637357,125394134
2018,111628349,125388383
2018,111637380,125397355
2018,111634211,125397355
2018,111628358,125394165
2018,111637414,125397386
2018,111637421,125394200
2018,111628406,125394217
2018,111634278,125394234
2018,111637467,125397440
2018,111637473,125388470
2018,111628441,125394259
2018,111634315,125394264
2018,111637480,125388477
2018,111637480,125388478
2018,111628443,125397450
2018,111634321,125397452
2018,111634322,125397454
2018,111634323,125394270
2018,111634323,125394271
2018,111628445,125394273
2018,111634326,125394276
2018,111634328,125388482
2018,111634330,125394278
2018,111637358,125394138
2018,111628357,125394164
2018,111637395,125388397
2018,111628379,125388406
2018,111628390,125394203
2018,111634253,125388423
2018,111628414,125394226
2018,111628414,125397417
2018,111628429,125388462
2018,111637475,125394256
2018,111634308,125394256
2018,111634329,125388483
2018,111643131,125403505
2018,111630070,125403504
2018,111643133,125399745
2018,111630074,125390116
2018,111643137,125403511
2018,111630076,125403513
2018,111639633,125403515
2018,111643140,125403516
2018,111643143,125403520
2018,111639640,125399752
2018,111639641,125399753
2018,111639642,125399754
2018,111643147,125390120
2018,111639645,125390121
2018,111643149,125403525
2018,111643152,125390123
2018,111630081,125399759
2018,111630083,125390125
2018,111643154,125390125
2018,111643156,125390126
2018,111639650,125399762
2018,111639650,125399764
2018,111643160,125390129
2018,111643161,125403530
2018,111643159,125399766
2018,111643167,125399769
2018,111643168,125403533
2018,111630084,125403533
2018,111639653,125403533
2018,111639654,125390132
2018,111643170,125399771
2018,111643170,125403534
2018,111643171,125399774
2018,111630086,125390134
2018,111639656,125403537
2018,111643173,125403539
2018,111643176,125403543
2018,111639657,125399776
2018,111643179,125399779
2018,111643180,125390136
2018,111643182,125399784
2018,111643184,125403546
2018,111630092,125403547
2018,111630092,125403548
2018,111643186,125390142
2018,111630097,125403550
2018,111630098,125399788
2018,114311499,128042324
2018,111643192,125403558
2018,111630099,125403557
2018,111639673,125403559
2018,111639672,125403559
2018,111630100,125399791
2018,114309119,128047071
2018,111643197,125403567
2018,111630106,125403564
2018,111643196,125390148
2018,111639682,125390151
2018,111643201,125403578
2018,111639687,125390157
2018,111643204,125390158
2018,111639689,125399804
2018,111639688,125399804
2018,111630124,125399803
2018,111630122,125399803
2018,111630122,125399804
2018,111630123,125390162
2018,111639690,125399805
2018,111630126,125399807
2018,111643207,125403582
2018,111639696,125399809
2018,111643210,125399811
2018,111639698,125399810
2018,111643211,125399810
2018,111639701,125399810
2018,111630134,125399816
2018,111643214,125390172
2018,111643215,125390175
2018,111643219,125390182
2018,111630147,125390180
2018,111639738,125399850
2018,111643222,125399850
2018,111639737,125399850
2018,114309247,128047179
2018,111630153,125399856
2018,111630153,125399857
2018,111639741,125403605
2018,111639742,125403606
2018,111630154,125390185
2018,111643228,125390186
2018,114311566,128042380
2018,111643233,125399862
2018,111630158,125390192
2018,111643238,125403613
2018,111643241,125403614
2018,111630162,125390195
2018,111630164,125403615
2018,111630164,125403616
2018,111643244,125399868
2018,111643244,125403617
2018,111643245,125403621
2018,111643246,125399871
2018,111630175,125390207
2018,111643251,125403628
2018,111643253,125403632
2018,111643254,125403633
2018,111643255,125403634
2018,111643256,125390212
2018,111639765,125403640
2018,111639766,125399873
2018,111643261,125403642
2018,111643264,125399879
2018,111630184,125390216
2018,111630184,125390217
2018,111630184,125403647
2018,111643267,125403649
2018,111643270,125403651
2018,111639774,125399884
2018,111643272,125399886
2018,111643272,125403653
2018,111643272,125403654
2018,111639776,125390225
2018,111643275,125390231
2018,111639783,125390234
2018,111643278,125403658
2018,111643279,125403660
2018,111643282,125390240
2018,111630199,125390242
2018,111639786,125390239
2018,111643284,125390239
2018,111643285,125399896
2018,111643289,125390243
2018,111630200,125390244
2018,111643293,125390245
2018,111639789,125390246
2018,111643297,125390249
2018,111639799,125390249
2018,111639798,125390248
2018,111643298,125399905
2018,111630209,125403673
2018,111639802,125403674
2018,111643300,125403675
2018,111630214,125390259
2018,111639807,125403678
2018,111639808,125399911
2018,111630216,125403679
2018,111639812,125390260
2018,111630218,125399914
2018,111643306,125390267
2018,111643307,125399916
2018,111643308,125403688
2018,111643309,125403689
2018,111630226,125399918
2018,111630229,125390271
2018,111643314,125390276
2018,111643318,125403699
2018,111643319,125403698
2018,111643322,125403702
2018,111637259,125397239
2018,111634090,125397245
2018,111637266,125397247
2018,111634096,125394032
2018,111634104,125388328
2018,111634104,125397255
2018,111634109,125397261
2018,111634113,125394049
2018,111637322,125394087
2018,111637331,125394102
2018,111628333,125388370
2018,111628340,125397338
2018,111628391,125394205
2018,111628409,125394219
2018,111637447,125394225
2018,111634294,125394248
2018,111634317,125394265
2018,111643327,125390287
2018,111630242,125390287
2018,111643328,125390288
2018,111643329,125390289
2018,111643329,125390290
2018,111630246,125390294
2018,111639837,125390296
2018,111639838,125390297
2018,111630249,125399938
2018,111643336,125399941
2018,111639847,125390303
2018,111637257,125388316
2018,111634153,125394089
2018,111637339,125397318
2018,111637344,125388365
2018,111637352,125394119
2018,111634188,125388371
2018,111628359,125394166
2018,111637431,125397404
2018,111637455,125388453
2018,111634290,125394246
2018,111637484,125397455
2018,111628298,125388337
2018,111637310,125394068
2018,111637310,125394069
2018,111634151,125394088
2018,111634183,125394124
2018,111637384,125388390
2018,111637384,125394167
2018,111637389,125397364
2018,111634214,125397364
2018,111637393,125397372
2018,126049312,139571302
2018,126058195,139576306
2018,126058198,139576312
2018,126058197,139576311
2018,126058201,139558914
2018,126053546,139576325
2018,126058213,139571325
2018,111637250,125397232
2018,111637251,125397232
2018,111637255,125394011
2018,111628288,125394031
2018,111637285,125394050
2018,111637291,125397269
2018,111637290,125394056
2018,111637314,125394080
2018,111628318,125388359
2018,111634194,125394136
2018,111634194,125394137
2018,111637377,125397353
2018,111637386,125397363
2018,111634251,125394211
2018,111637433,125388428
2018,111637433,125388429
2018,111634257,125394215
2018,111637468,125394249
2018,111634302,125394255
2018,111637474,125394255
2018,111639631,125403512
2018,111639668,125390144
2018,111630109,125403566
2018,111630132,125390169
2018,111630160,125399863
2018,111639749,125399865
2018,111639758,125403630
2018,111639784,125390237
2018,111643299,125399907
2018,116061549,129734565
2018,111630248,125399937
2018,111630114,125399797
2018,111630114,125399798
2018,111639719,125399831
2018,111639719,125399832
2018,111639722,125399833
2018,111639722,125399835
2018,111643227,125399858
2018,111643243,125390198
2018,111639752,125403620
2018,111639764,125390215
2018,111639795,125399902
2018,111639794,125399902
2018,111630207,125390250
2018,111643321,125403701
2018,111637260,125394018
2018,111628277,125394023
2018,111637330,125388360
2018,111637351,125397329
2018,111634254,125394212
2018,111643138,125390117
2018,111643136,125390117
2018,111630078,125403523
2018,111639669,125403555
2018,111639677,125403568
2018,111630131,125399814
2018,111630136,125390173
2018,111643239,125390196
2018,111643268,125390219
2018,111630190,125390223
2018,111630189,125390223
2018,111630194,125390229
2018,111630194,125390230
2018,111639785,125390238
2018,111639834,125399933
2018,111643334,125399939
2018,114311484,128051679
2018,114311484,128051680
2018,114311486,128042317
2018,110969460,124714783
2018,110969463,124714788
2018,110969482,124709554
2018,110964321,124709564
2018,110973062,124714845
2018,110964354,124709592
2018,110964354,124714849
2018,110969538,124719010
2018,110973099,124719016
2018,110964431,124714931
2018,110972915,124714718
2018,110969388,124709403
2018,110969389,124718824
2018,110969417,124718875
2018,110969419,124714738
2018,110969448,124714764
2018,110969448,124714765
2018,110969453,124714772
2018,110964267,124709508
2018,110964267,124709509
2018,110973011,124714773
2018,110969459,124718921
2018,110973065,124718982
2018,110973086,124709600
2018,110973086,124718999
2018,110969537,124719008
2018,110969630,124714965
2018,110964463,124714967
2018,111637315,125397294
2018,111637323,125388352
2018,111634160,125397304
2018,111628324,125388363
2018,111637343,125394113
2018,111634197,125388374
2018,111634207,125397346
2018,111637371,125394158
2018,111637390,125394169
2018,111637424,125394208
2018,111628397,125388422
2018,111634258,125388436
2018,111634268,125394227
2018,111634304,125388471
2018,111628439,125388471
2018,111643331,125390292
2018,111643331,125390293
2018,111634327,125394275
2018,111630072,125399746
2018,111630095,125390141
2018,111630105,125390149
2018,111639692,125390163
2018,111643213,125399815
2018,111639747,125390189
2018,111643236,125390189
2018,111630186,125403650
2018,111643273,125390224
2018,111643134,125403509
2018,111639649,125390127
2018,111643188,125399787
2018,111639665,125399786
2018,111639664,125399786
2018,111639664,125399787
2018,111643187,125399786
2018,111639670,125390145
2018,111630108,125403569
2018,111639700,125399813
2018,111630191,125399888
2018,111639778,125390226
2018,111630193,125390226
2018,111630192,125390226
2018,111639779,125390226
2018,111630223,125403684
2018,111639823,125399919
2018,111634089,125397244
2018,111628300,125397266
2018,111628301,125388339
2018,111637311,125394071
2018,111637311,125397287
2018,111634140,125397292
2018,111628311,125397296
2018,111628317,125397309
2018,111634170,125394104
2018,111634170,125397314
2018,111634169,125394104
2018,111634169,125397314
2018,111628321,125397314
2018,111628320,125397314
2018,111637356,125394132
2018,111628337,125394133
2018,111634236,125397393
2018,111628388,125388416
2018,111628401,125397403
2018,111628400,125397403
2018,111628404,125388430
2018,111637439,125388437
2018,111628411,125388444
2018,110964187,124714724
2018,110964208,124709439
2018,110964211,124718872
2018,110964234,124718891
2018,110972997,124709483
2018,110969441,124714756
2018,110969440,124714756
2018,110969443,124714758
2018,110964265,124714770
2018,110964265,124714771
2018,110969457,124709520
2018,110969524,124714854
2018,110964366,124719001
2018,110964367,124714870
2018,110973088,124719002
2018,110964369,124709604
2018,110964374,124719005
2018,110973105,124709630
2018,110964429,124714922
2018,110969601,124714933
2018,110969601,124714934
2018,110964439,124714938
2018,110973153,124709689
2018,110973153,124709690
2018,110964454,124709697
2018,110973171,124719094
2018,110964461,124709707
2018,110973175,124709708
2018,110973213,124719146
2018,110969668,124715007
2018,110969667,124715006
2018,110969680,124709761
2018,110964515,124709762
2018,110964197,124709422
2018,110969418,124709446
2018,110964225,124709460
2018,110964262,124714759
2018,110964304,124718933
2018,110964381,124709614
2018,110969542,124709616
2018,110964390,124719017
2018,110973103,124714890
2018,110964505,124709750
2018,110964505,124715010
2018,110964511,124719159
2018,112430078,126199129
2018,112437072,126190417
2018,112430108,126190427
2018,110973164,124714959
2018,110969633,124714970
2018,112437050,126194408
2018,112437054,126199126
2018,112430162,126199179
2018,112437110,126199178
2018,112430171,126199190
2018,111643333,125403708
2018,111643183,125390138
2018,111630146,125390181
2018,111643231,125399860
2018,111630170,125390202
2018,111630177,125390210
2018,111630196,125390233
2018,110964240,124709485
2018,110964305,124714806
2018,110973036,124714808
2018,110969531,124709601
2018,110969545,124709619
2018,110964355,124718993
2018,110973075,124714856
2018,110964384,124714883
2018,110964387,124709621
2018,110969589,124719059
2018,110969615,124719080
2018,110964446,124719080
2018,112430056,126190375
2018,112430071,126190387
2018,112433474,126190407
2018,112437066,126190408
2018,112437070,126194428
2018,112430097,126190416
2018,112430150,126190480
2018,112430156,126190485
2018,112433525,126194464
2018,112433537,126194472
2018,112437121,126199198
2018,112437124,126199203
2018,111634082,125388315
2018,111628292,125394042
2018,111628294,125397259
2018,111637289,125394057
2018,111634161,125388355
2018,111634161,125394095
2018,111634166,125388358
2018,111634172,125394103
2018,111634172,125394105
2018,111637353,125388367
2018,111628348,125397344
2018,111628364,125394173
2018,111628380,125388408
2018,111634271,125388448
2018,111634271,125397418
2018,111634277,125397422
2018,123579755,137045023
2018,123579771,137037371
2018,123582070,137045078
2018,110969672,124709749
2018,111634093,125388319
2018,111628286,125388324
2018,111634128,125394065
2018,111637349,125388366
2018,111637349,125394116
2018,111634182,125394122
2018,111634182,125394123
2018,111634190,125394135
2018,111634198,125394143
2018,111628346,125397343
2018,111637376,125397354
2018,111628356,125394162
2018,111634244,125394197
2018,111637441,125397411
2018,111628413,125388445
2018,111634272,125397419
2018,111639647,125390128
2018,111643164,125399768
2018,111643193,125403562
2018,111630110,125399796
2018,111630173,125403623
2018,114304365,128051693
2018,111639787,125390241
2018,111643283,125390241
2018,111639801,125390252
2018,111639801,125390253
2018,111630225,125403686
2018,111630252,125390299
2018,111630251,125390299
2018,114311498,128051697
2018,111630259,125390302
2018,111639845,125399949
2018,114311507,128051703
2018,114311507,128051707
2018,114304422,128047127
2018,114304422,128051763
2018,114309255,128042417
2018,123572515,137037563
2018,112430066,126199124
2018,112430077,126194416
2018,112437083,126190444
2018,112430165,126190492
2018,112430183,126199202
2018,112437134,126194484
2018,110969408,124709431
2018,110969427,124718896
2018,110969429,124709488
2018,110969449,124714767
2018,110969452,124709507
2018,110964306,124709552
2018,110969614,124719078
2018,110969616,124719077
2018,110973169,124714961
2018,110973182,124719103
2018,110973181,124719104
2018,110969653,124709729
2018,110964497,124709741
2018,110969665,124715003
2018,110969664,124709740
2018,111630073,125403510
2018,111643185,125403545
2018,111639694,125403585
2018,111630174,125403625
2018,111643271,125403652
2018,111643291,125403664
2018,111639797,125399904
2018,111639810,125399909
2018,111639809,125399909
2018,111639811,125399909
2018,111639806,125399909
2018,111630244,125390291
2018,111639846,125399950
2018,111630261,125390305
2018,110972931,124718842
2018,110972978,124709461
2018,110969444,124714760
2018,110969492,124718950
2018,110964356,124709593
2018,110969527,124709596
2018,110964399,124714892
2018,110964406,124719038
2018,110973136,124714937
2018,110969605,124719068
2018,110969613,124714947
2018,110969613,124714948
2018,110973155,124709692
2018,112433486,126194434
2018,112430153,126190482
2018,112437113,126190489
2018,112433552,126199210
2018,110973159,124714957
2018,110973160,124709698
2018,110969626,124719089
2018,112430059,126194404
2018,112433457,126194406
2018,112430063,126194409
2018,112430063,126194410
2018,112430089,126199136
2018,112433482,126194430
2018,112430107,126190426
2018,112430110,126190429
2018,111628268,125388309
2018,111634097,125388326
2018,111634103,125394035
2018,111628334,125394130
2018,111634203,125397345
2018,111637416,125397387
2018,111637476,125394258
2018,111634316,125394266
2018,123572336,137046946
2018,123572336,137046947
2018,111628270,125397235
2018,111634083,125388314
2018,111637262,125397241
2018,111628280,125394025
2018,111637270,125394033
2018,111634101,125397252
2018,111628291,125394039
2018,111634117,125394053
2018,111628302,125388341
2018,111637293,125388343
2018,111637317,125397298
2018,111637326,125397308
2018,111628323,125394107
2018,111634173,125394110
2018,111634175,125397324
2018,111634181,125397331
2018,111637364,125397342
2018,111634201,125388381
2018,111634201,125394146
2018,111628351,125397348
2018,111637369,125394155
2018,111637369,125394156
2018,111637374,125397352
2018,111628353,125397358
2018,111637379,125397358
2018,111628360,125388391
2018,111637385,125388392
2018,111628363,125397368
2018,111634225,125388401
2018,111628377,125394185
2018,111628386,125397396
2018,111634245,125394199
2018,111628392,125394204
2018,111628392,125394206
2018,111628394,125397401
2018,111637429,125388425
2018,111637429,125394213
2018,111637432,125388431
2018,111637436,125397408
2018,111637440,125397410
2018,111628408,125388438
2018,111634262,125388441
2018,111634262,125388442
2018,111637446,125394224
2018,111634273,125394229
2018,111628433,125397437
2018,111634303,125397446
2018,110969498,124714828
2018,110973068,124714848
2018,110973083,124709597
2018,110973087,124714869
2018,110973138,124714935
2018,110973138,124714936
2018,110973141,124719070
2018,110969609,124714944
2018,110964244,124718897
2018,110969437,124709496
2018,110969445,124714761
2018,110969454,124709511
2018,110969454,124714774
2018,110969456,124709515
2018,110969480,124714804
2018,111630263,125390306
2018,111630263,125390307
2018,111643132,125403506
2018,111643190,125390143
2018,111643190,125403554
2018,111639676,125390147
2018,111630127,125399808
2018,111630133,125390171
2018,111630137,125390174
2018,111630139,125390176
2018,111630139,125390177
2018,111630140,125390176
2018,111639713,125399825
2018,111639748,125399864
2018,111639762,125390214
2018,111639775,125399887
2018,111630213,125390257
2018,116061523,129729718
2018,116061525,129739950
2018,112430058,126190379
2018,112430085,126190400
2018,112437059,126190402
2018,112433473,126194421
2018,112433472,126194420
2018,112430093,126190410
2018,112430093,126190411
2018,112430096,126190415
2018,112433487,126199145
2018,112430111,126199146
2018,112430149,126194457
2018,112433557,126190517
2018,111639632,125399747
2018,111639632,125399748
2018,111630090,125399778
2018,111630096,125403549
2018,111643194,125399792
2018,111630151,125390184
2018,111639750,125390199
2018,111630195,125403656
2018,111630195,125403657
2018,111630198,125403659
2018,111643290,125403663
2018,111643292,125403665
2018,111639835,125399934
2018,111630247,125390295
2018,110969390,124714720
2018,110969391,124709407
2018,110964223,124709450
2018,110972981,124709464
2018,110972985,124709465
2018,110972989,124709472
2018,110973003,124709486
2018,110973003,124714749
2018,110964252,124709497
2018,110969588,124709660
2018,110969597,124714930
2018,110973145,124709680
2018,110973149,124719079
2018,110973162,124719088
2018,110973035,124718934
2018,110969504,124718960
2018,110969506,124718959
2018,110969506,124718960
2018,110969507,124718959
2018,110969502,124718959
2018,110969502,124718960
2018,110969503,124718959
2018,110969503,124718960
2018,110973082,124714864
2018,110964360,124714864
2018,110964360,124718997
2018,110969551,124709627
2018,110973137,124709675
2018,110969628,124714964
2018,110973223,124715012
2018,112430057,126190378
2018,112433463,126190385
2018,112430067,126199125
2018,112437053,126199125
2018,112430091,126194422
2018,112430109,126190430
2018,112437076,126190433
2018,112437078,126190434
2018,112433494,126190445
2018,112433504,126194446
2018,112437116,126194470
2018,112433554,126199213
2018,112430086,126190401
2018,112430118,126190438
2018,112430098,126190419
2018,112433496,126194442
2018,112430132,126190457
2018,112433510,126199161
2018,112433510,126199162
2018,112430155,126190484
2018,112430182,126190502
2018,112433545,126190503
2018,112437129,126190511
2018,110969394,124714722
2018,110964189,124709415
2018,110972980,124718885
2018,110972984,124714745
2018,110973010,124718915
2018,110973034,124718932
2018,110964348,124718985
2018,110969532,124709603
2018,110969539,124709612
2018,110969547,124719021
2018,110969562,124719042
2018,111643139,125403514
2018,111643144,125390118
2018,111643155,125399760
2018,111639663,125403551
2018,111630119,125403579
2018,111639704,125399818
2018,111639708,125403593
2018,111643232,125403610
2018,111630161,125390193
2018,111643269,125390222
2018,111630210,125399906
2018,111643303,125399913
2018,111639841,125403710
2018,111630260,125399951
2018,110973170,124714962
2018,111643150,125403527
2018,111643199,125390150
2018,111630107,125390150
2018,111630121,125403580
2018,111630135,125399817
2018,111630141,125399822
2018,116049982,129729652
2018,111630150,125403603
2018,111643226,125399854
2018,111643262,125399877
2018,111630188,125399885
2018,111630206,125399903
2018,111630208,125390251
2018,111630227,125390269
2018,111630232,125399924
2018,111630232,125399925
2018,111630233,125403693
2018,111630240,125399928
2018,111630243,125399936
2018,111630245,125403705
2018,111630262,125390304
2018,116050010,129734534
2018,116061498,129729697
2018,116050023,129729717
2018,116061526,129734555
2018,112433456,126190380
2018,112433464,126199120
2018,112430075,126194414
2018,112437065,126199139
2018,112430106,126190425
2018,112433489,126190440
2018,112433491,126190441
2018,112433506,126199160
2018,112433508,126190458
2018,112430134,126190458
2018,112433507,126190458
2018,112430161,126194468
2018,112433543,126190501
2018,112437122,126194475
2018,111634092,125394024
2018,116049962,129739882
2018,116054434,129739885
2018,116061431,129734497
2018,111637271,125394037
2018,111637271,125397253
2018,116061433,129739888
2018,111634157,125394091
2018,111637341,125397319
2018,111637342,125397320
2018,111634186,125394128
2018,111634210,125394159
2018,111637378,125397356
2018,111637378,125397357
2018,111637405,125397377
2018,116054465,129734518
2018,111637419,125397394
2018,111628418,125394239
2018,126058155,139558875
2018,126058146,139576252
2018,126049289,139576278
2018,126058174,139571282
2018,126053536,139558912
2018,126058212,139571323
2018,126049340,139571323
2018,126058218,139558933
2018,126053605,139576382
2018,114309179,128051758
2018,114309206,128047147
2018,114309199,128042372
2018,114311554,128047133
2018,114311563,128047141
2018,114309211,128051781
2018,114309214,128051781
2018,126049321,139571310
2018,126053529,139558908
2018,126053571,139571324
2018,126053573,139576355
2018,126053586,139576368
2018,123582054,137045057
2018,123582065,137045072
2018,123582159,137037512
2018,114304360,128051682
2018,114309109,128051683
2018,114309122,128047074
2018,114309122,128047076
2018,114309129,128047081
2018,114309136,128042337
2018,114309141,128051720
2018,114304389,128047092
2018,114304389,128051727
2018,114304392,128051734
2018,114309159,128051738
2018,114309161,128051739
2018,114304400,128047108
2018,114309181,128051761
2018,114309111,128051690
2018,114309106,128051687
2018,114311526,128042345
2018,114309217,128051782
2018,114304463,128047176
2018,114311604,128042415
2018,114309104,128051677
2018,114304359,128042316
2018,114309118,128042326
2018,114304373,128051701
2018,114304373,128051702
2018,114304374,128047072
2018,114304374,128047073
2018,114304375,128047077
2018,114309126,128047079
2018,114309138,128042339
2018,114309148,128051728
2018,114309152,128051731
2018,114304418,128047124
2018,114309178,128042365
2018,114309180,128051759
2018,114309210,128047148
2018,114311583,128047164
2018,114309156,128051735
2018,114304399,128047104
2018,114304399,128051742
2018,114304425,128047125
2018,114309209,128042377
2018,114309209,128051779
2018,114309208,128042377
2018,114309208,128051779
2018,116054519,129734564
2018,114304363,128047059
2018,114309121,128051706
2018,114309130,128042332
2018,114309131,128042333
2018,114311513,128042333
2018,114311514,128042334
2018,114309143,128051721
2018,114309145,128051725
2018,114309147,128042342
2018,114309153,128051732
2018,114309110,128051691
2018,114304403,128051746
2018,114304460,128042399
2018,114309244,128047177
2018,114311610,128042419
2018,114311549,128047128
2018,114311523,128047097
2018,114309200,128051772
2018,114309213,128047150
2018,114309212,128047149
2018,114304397,128047102
2018,114309215,128047151
2018,114309218,128051783
2018,114311589,128051804
2018,114311483,128051678
2018,114309105,128051684
2018,114309105,128051685
2018,114311487,128042318
2018,114311487,128051689
2018,114304439,128042383
2018,114311567,128042383
2018,114304459,128042398
2018,114309246,128042400
2018,114304436,128047146
2018,114311575,128047155
2018,126053492,139576274
2018,126053496,139576279
2018,126058171,139571279
2018,126053502,139571276
2018,126053502,139571277
2018,126058176,139571283
2018,126058175,139571283
2018,126058191,139571300
2018,126053525,139576302
2018,126058194,139571307
2018,126053534,139576308
2018,126053544,139576322
2018,126049326,139576322
2018,126053548,139576328
2018,126053557,139576338
2018,126053558,139576340
2018,126053567,139558922
2018,126053580,139576361
2018,126053603,139576381
2018,126053604,139571331
2018,123582072,137046963
2018,123572353,137045092
2018,114311488,128047054
2018,114309113,128047058
2018,114309115,128051694
2018,114311493,128051694
2018,114304369,128047067
2018,114311506,128051705
2018,126049272,139576254
2018,126053581,139576362
2018,126053581,139576363
2018,116054391,129734447
2018,116049963,129739883
2018,116049966,129729619
2018,116054451,129729637
2018,116050034,129729738
2018,116050035,129729739
2018,116049939,129739853
2018,116054438,129729616
2018,116050009,129739931
2018,116054492,129729698
2018,116054492,129734535
2018,116061528,129734556
2018,116061529,129734556
2018,116061529,129734557
2018,116050042,129729752
2018,116061430,129734492
2018,116061430,129739884
2018,116061451,129739900
2018,123579987,137037581
2018,116054436,129734498
2018,116061436,129729621
2018,116054475,129729678
2018,116061527,129729721
2018,114311485,128047053
2018,123579792,137046945
2018,126049268,139558861
2018,126049276,139558870
2018,126058156,139571262
2018,126058157,139571263
2018,126049286,139571272
2018,126049290,139558885
2018,126058170,139571278
2018,126049311,139558903
2018,123572300,137037358
2018,123572762,137037815
2018,123572755,137045391
2018,123572754,137045390
2018,123572754,137045391
2018,123572395,137037456
2018,123582315,137037813
2018,123572765,137047225
2018,123572482,137045207
2018,123572337,137046948
2018,123582056,137045061
2018,123572563,137045260
2018,123572358,137037426
2018,123582077,137037422
2018,124054885,137539882
2018,123582310,137037806
2018,123572543,137037588
2018,123582318,137047221
2018,123582317,137047221
2018,123572332,137037398
2018,123572342,137045073
2018,123579695,137044952
2018,123580167,137037814
2018,123580174,137037817
2018,126058227,139576396
2018,116049906,129739830
2018,116049909,129739833
