"DATA_YEAR","PROPERTY_ID","PROP_DESC_ID","PROPERTY_VALUE","DATE_RECOVERED","NIBRS_PROP_DESC_ID"
2018,100847390,10,,,107020232
2018,100847443,38,450,,107020305
2018,100847177,10,,,107019974
2018,104618784,38,55,,111858544
2018,104615229,38,300,,111858537
2018,104615230,63,250,,111858538
2018,104615248,24,21000,,111848708
2018,104618789,25,5,,111848696
2018,104618789,63,20,,111858550
2018,104618789,21,270,,111858549
2018,104612871,16,150,,111858564
2018,104612898,38,280,,111848739
2018,104618827,10,,,111858628
2018,106538448,33,900,,114281624
2018,106532372,4,300,,114291836
2018,106532372,63,60,,114291837
2018,117807528,38,1274,,129027400
2018,117796858,38,225,,129022457
2018,117807533,38,300,,129019318
2018,109983757,6,190,,118753962
2018,109983757,63,450,,118753961
2018,109983859,38,600,,118763884
2018,109983761,23,700,,118753968
2018,109983760,23,700,21-SEP-18,118753967
2018,117807532,23,800,,129027404
2018,115764704,23,1000,,126474497
2018,115764534,7,2000,,126472051
2018,109983858,63,150,,118759171
2018,109989039,63,1,14-SEP-18,118754033
2018,109989040,63,1,,118754034
2018,109989025,20,1,,118763807
2018,109989025,19,3,,118763805
2018,109989035,23,800,,118759118
2018,109993823,38,150,,118763803
2018,109983787,38,100,,118759109
2018,109989034,38,30,,118759117
2018,109993885,23,1000,,118759157
2018,109989056,23,1000,16-FEB-19,118759156
2018,109983811,6,40,24-DEC-18,118754029
2018,109993798,4,200,,118753966
2018,109983812,6,40,,118754030
2018,117807522,38,230,,129027391
2018,109989023,23,400,,118759105
2018,109989023,25,20,,118759106
2018,109993827,4,319,,118763809
2018,109993826,16,20,,118763808
2018,109993821,38,395,,118753994
2018,109993829,16,20,,118763810
2018,109993829,4,499,,118759107
2018,109983791,38,122,,118754005
2018,109983842,38,600,,118754082
2018,117803130,23,150,,129027389
2018,117807538,38,3109,,129027413
2018,109989027,5,200,,118759108
2018,109983838,38,250,,118763863
2018,109983793,38,400,,118759112
2018,109983794,7,800,,118759113
2018,109983794,63,25,,118763814
2018,109983794,6,250,,118763813
2018,109993886,38,200,,118763868
2018,109993900,63,30,,118754112
2018,109993900,7,800,,118754111
2018,108639953,21,380,,116998873
2018,108634889,23,1000,,117002717
2018,108634895,63,1,,116998870
2018,108640018,38,1,,117002808
2018,108634937,24,1,,116998947
2018,108630332,24,1,01-MAY-18,116996346
2018,108639953,25,10,,116998874
2018,108639953,63,1,,116998875
2018,108630292,38,200,,117002735
2018,108639981,16,5,,117002768
2018,108639981,6,15,,117002767
2018,108640009,23,800,,117002798
2018,108634890,38,200,,116998862
2018,108634891,22,0,,116998863
2018,108634888,63,250,,116998860
2018,108630317,9,0,,116996326
2018,108630326,23,300,,116996342
2018,108630327,63,5,,116998943
2018,108639948,63,123,,116996283
2018,108630291,38,100,,116996291
2018,108634903,38,255,,116998886
2018,108639989,3,2500,,117002775
2018,108630290,38,50,,116996290
2018,108639968,38,150,,117002751
2018,108634892,63,85,,116998865
2018,108630354,23,1100,,117002837
2018,108634892,24,800,,116998864
2018,108634910,63,30,,117002748
2018,108634910,23,600,,117002747
2018,108634932,38,500,,117002804
2018,105982092,63,302,,113607531
2018,105991061,38,400,,113602825
2018,105991078,7,1700,,113602857
2018,105991078,63,101,,113602858
2018,105991077,38,1000,,113602856
2018,105987069,38,20,,113607507
2018,105982109,38,50,,113602827
2018,104618867,63,500,,111848801
2018,104618870,63,300,,111848803
2018,104851474,6,30,,112149382
2018,104851555,11,1,,112152194
2018,104851555,10,,,112152193
2018,104851496,10,,,112156870
2018,104851474,63,60,,112149381
2018,104846224,38,150,,112149379
2018,104846244,38,225,,112149414
2018,104846244,5,1,,112149415
2018,104846261,23,700,,112156896
2018,104618823,63,200,,111848742
2018,104612906,19,5,,111853248
2018,104612906,9,0,,111853250
2018,104612906,25,250,,111858634
2018,104612906,63,1,,111853249
2018,104615295,23,600,,111858639
2018,104618836,38,300,,111848752
2018,104618831,3,6000,,111853253
2018,104618831,26,1400,,111848748
2018,105982147,63,100,,113602924
2018,105982147,10,,,113602925
2018,105982147,6,1,,113602926
2018,104612893,63,2000,,111848728
2018,102531190,23,700,,109200569
2018,105991059,3,4000,,113602824
2018,102531413,38,3415,,109200872
2018,102531457,26,1,,109200926
2018,102531457,21,1,,109200929
2018,102531457,10,,,109200919
2018,102531608,23,1600,,109201153
2018,105991026,38,200,,113602775
2018,105991030,38,20,,113602781
2018,105982101,38,400,,113607542
2018,105991062,38,150,,113607550
2018,105982051,63,1,,113599307
2018,105982051,9,0,,113599308
2018,105982051,25,40,,113599306
2018,105982051,21,100,,113607483
2018,105991127,23,500,,113602922
2018,105987038,9,0,,113599289
2018,105987038,25,10,,113607472
2018,105987038,63,1,,113599288
2018,105987119,23,1000,,113599377
2018,105987119,63,20,,113599378
2018,105991127,63,30,,113602923
2018,105991126,63,30,26-SEP-18,113602921
2018,105991126,23,500,26-SEP-18,113602920
2018,104851477,38,400,,112149388
2018,104851467,6,15,,112156856
2018,104851467,16,20,,112156855
2018,104851467,4,130,,112156854
2018,104846237,10,,,112156872
2018,104846309,11,1,,112149495
2018,104846309,13,1,,112149496
2018,104851468,63,1,20-JUL-18,112149371
2018,104851498,10,,,112152119
2018,104846257,63,1,,112156893
2018,104851468,25,150,21-JUL-18,112152091
2018,104851468,9,0,20-JUL-18,112152092
2018,104841468,9,0,,112152095
2018,104841468,25,150,,112152094
2018,104841468,63,1,,112152096
2018,104846298,23,750,,112152187
2018,104851561,21,10,,112149487
2018,100847187,11,1,,107019986
2018,100847382,63,50,,107020226
2018,100847176,10,,,107019973
2018,100847186,10,,,107019985
2018,102187853,21,35,20-MAY-18,108749098
2018,102187854,21,35,,108749102
2018,101422556,10,,,107755840
2018,102531304,10,,,109200720
2018,102531390,26,100,,109200845
2018,105991036,38,160,,113602790
2018,105987127,38,500,,113599384
2018,105987127,63,300,,113599385
2018,104846277,13,1,,112156912
2018,101886384,34,3000,,108356355
2018,104846253,6,250,,112156889
2018,104846252,38,500,,112149426
2018,104846273,10,,,112152157
2018,104846277,10,,,112156911
2018,104846277,21,125,,112152160
2018,101422577,10,,,107755864
2018,101422579,10,,,107755867
2018,101422443,10,,,107755689
2018,100847381,25,120,,107020225
2018,100847381,23,600,,107020224
2018,100847377,23,600,16-FEB-18,107020220
2018,100847377,25,40,16-FEB-18,107020221
2018,100847441,10,,,107020303
2018,100847336,19,40,,107020172
2018,100847335,38,300,,107020171
2018,100847168,10,,,107019954
2018,100847419,10,,,107020273
2018,105986964,20,2,,113599202
2018,105986964,63,4,,113599201
2018,105981960,16,625,,113607366
2018,105990962,38,1820,,113602689
2018,105990968,63,3714,,113599224
2018,100847431,23,1000,,107020288
2018,100847444,10,,,107020309
2018,101886337,23,120,,108356278
2018,101886339,9,0,12-APR-18,108356281
2018,101886344,10,,,108356286
2018,101886091,6,50,,108355973
2018,101886091,23,500,,108355972
2018,101886091,63,15,,108355975
2018,100159677,10,,,106137308
2018,100159603,10,,,106137204
2018,100159597,10,,,106137198
2018,100159633,10,,,106137252
2018,100847164,10,,,107019952
2018,100847279,10,,,107020107
2018,100159621,10,,,106137231
2018,100159553,10,,,106137127
2018,100159599,23,600,17-JAN-18,106137200
2018,100159538,10,,,106137113
2018,100159596,10,,,106137194
2018,105991040,38,150,,113607512
2018,100159572,63,30,,106137152
2018,105987122,23,900,,113599381
2018,105987118,38,145,,113599376
2018,105987125,36,200,,113602849
2018,105987125,63,65,,113602851
2018,105987125,20,30,,113602852
2018,105987125,19,150,,113602850
2018,105991074,38,2600,,113607577
2018,100159566,23,849,,106137145
2018,100160363,10,,,106138154
2018,100159570,10,,,106137149
2018,100159606,10,,,106137213
2018,100159613,10,,,106137223
2018,107153061,23,899,,115103498
2018,107153066,63,50,19-NOV-18,115103505
2018,107157554,38,400,,115107260
2018,107157555,63,50,,115103502
2018,107157555,6,15,,115103503
2018,107153058,23,899,05-NOV-18,115107259
2018,107153067,63,50,,115103507
2018,107153067,21,7,,115103508
2018,107153067,6,50,,115103506
2018,107157556,10,,,115103509
2018,100160412,10,,,106138216
2018,107153074,63,30,,115112064
2018,107153074,23,800,,115112063
2018,107159488,63,5,,115107262
2018,107159488,9,0,,115103511
2018,100847179,10,,,107019975
2018,100847324,63,200,,107020161
2018,100847386,10,,,107020230
2018,100159522,10,,,106137096
2018,100159644,63,1,,106137264
2018,100159668,10,,,106137299
2018,100159672,10,,,106137303
2018,104841493,38,225,,112152143
2018,104846256,3,1900,,112149430
2018,104846266,38,1150,,112156900
2018,100847412,23,800,,107020267
2018,100847283,10,,,107020110
2018,100847422,23,250,,107020278
2018,100847450,10,,,107020317
2018,101886367,38,500,,108356324
2018,100159539,19,1,,106137114
2018,100159634,10,,,106137253
2018,101886136,21,75,,108356025
2018,101886434,10,,,108356410
2018,101886136,7,1500,,108356022
2018,101886136,63,45,,108356027
2018,101886131,38,250,,108356020
2018,104851566,10,,,112152201
2018,104851566,8,1,,112156965
2018,104851566,21,1,,112152200
2018,101886287,10,,,108356212
2018,101886399,24,300,,108356370
2018,101886400,63,100,,108356372
2018,101886070,23,65,,108355948
2018,101886395,63,200,,108356366
2018,100159619,10,,,106137229
2018,100159524,10,,,106137098
2018,104841467,16,30,,112156857
2018,104841469,4,450,,112152097
2018,100159573,10,,,106137151
2018,100159674,10,,,106137305
2018,106539974,38,2675,,114279852
2018,106539979,10,,,114289393
2018,106536661,21,30,,114289379
2018,104846225,38,2000,,112149393
2018,104846264,38,900,,112149435
2018,100847447,16,199,,107020312
2018,100847445,16,199,21-FEB-18,107020311
2018,101886191,10,,,108356090
2018,104846278,10,,,112152161
2018,104615300,38,150,,111858644
2018,100159663,23,200,,106137293
2018,100159658,23,700,,106137283
2018,100159657,23,700,28-JAN-18,106137282
2018,100159660,23,200,,106137289
2018,104841532,10,,,112156952
2018,104851563,23,1000,,112149488
2018,104851568,10,,,112149497
2018,101886403,10,,,108356374
2018,100159527,10,,,106137102
2018,100159662,10,,,106137290
2018,100847430,23,1000,,107020287
2018,100159545,6,180,,106137120
2018,100159545,25,80,,106137121
2018,104618739,38,500,,111848624
2018,104615217,7,1400,,111853173
2018,104612851,38,150,,111853170
2018,100847420,10,,,107020274
2018,104846281,23,300,20-AUG-18,112156920
2018,104841506,10,,,112152164
2018,104846281,38,10,20-AUG-18,112156922
2018,104846281,63,30,20-AUG-18,112156921
2018,104846282,23,300,,112156923
2018,104846282,38,10,,112156925
2018,104846282,63,30,,112156924
2018,100159571,10,,,106137150
2018,105986984,38,150,,113602696
2018,105987043,10,20,11-SEP-18,113607474
2018,105991007,10,20,,113602749
2018,101886436,23,800,23-JAN-18,108356413
2018,101886437,23,800,,108356414
2018,105987071,10,,,113599334
2018,101886023,10,,,108355898
2018,105990950,25,15,,113607355
2018,105990950,63,1,,113602673
2018,105990950,9,0,,113602674
2018,105990950,21,1,,113602675
2018,104851527,38,400,,112149443
2018,104851553,63,4,,112156943
2018,104846314,38,300,,112156976
2018,104851574,16,100,,112156977
2018,104851527,63,200,,112152154
2018,107159493,38,150,,115112072
2018,107157581,19,6,,115112094
2018,101885949,10,,,108355799
2018,107157570,10,,,115107276
2018,107159506,7,420,,115112090
2018,107159505,7,420,13-DEC-18,115112089
2018,107153101,63,1,,115103558
2018,107153104,63,50,,115112097
2018,101886334,5,50000,11-APR-18,108356275
2018,101886336,5,50000,,108356277
2018,100159624,23,1,,106137236
2018,100159607,10,,,106137212
2018,100159607,13,1,,106137214
2018,100159624,21,1,,106137235
2018,100159624,10,,,106137237
2018,100159624,63,1,,106137234
2018,101886292,13,1,,108356214
2018,101886217,63,50,,108356121
2018,101886292,10,,,108356213
2018,101886358,63,50,12-APR-18,108356308
2018,101886359,63,50,,108356310
2018,104846247,6,10,,112156885
2018,104846247,26,130,,112156883
2018,104846247,63,75,,112156884
2018,104846262,38,150,,112152147
2018,109989073,23,700,,118759180
2018,104841528,21,1,,112149484
2018,104841528,63,2,,112149483
2018,105987121,7,499,,113607574
2018,105987121,23,298,,113607575
2018,105987121,63,10,,113599380
2018,105987121,6,169,,113602848
2018,105981941,21,40,,113607342
2018,105990946,10,,,113599196
2018,105990946,11,1,,113607347
2018,100159616,10,,,106137226
2018,100159560,10,,,106137138
2018,104618779,24,600,,111853189
2018,104615223,21,213,,111848672
2018,104615223,25,30,,111853182
2018,104615223,63,1,,111853183
2018,104612865,23,100,,111853200
2018,104618788,23,250,,111848694
2018,100159549,10,,,106137125
2018,104618787,23,1000,,111848691
2018,100159523,63,1,,106137097
2018,100159651,63,25,,106137273
2018,100159651,23,499,,106137272
2018,100159675,10,,,106137306
2018,101886368,23,300,,108356325
2018,101886379,38,155,,108356344
2018,101886412,10,,,108356385
2018,104841478,10,,,112152118
2018,104851502,38,87,,112149412
2018,104846260,20,100,,112152146
2018,104841505,23,700,,112156909
2018,100159569,23,400,,106137147
2018,100159632,21,1,,106137251
2018,100159632,10,,,106137250
2018,100159567,23,400,16-JAN-18,106137146
2018,101422629,4,1000,07-MAR-18,107755932
2018,101422667,23,450,13-MAR-18,107755979
2018,101422671,23,450,,107755984
2018,100159670,11,1,,106137301
2018,101422853,36,700,,107756221
2018,101422620,10,,,107755922
2018,101422642,23,350,11-MAR-18,107755947
2018,101422643,23,350,,107755948
2018,101422669,10,,,107755982
2018,101422605,10,,,107755900
2018,101422711,10,,,107756041
2018,101422713,19,50,22-MAR-18,107756044
2018,101422605,63,1,,107755902
2018,101422607,10,,,107755905
2018,101422615,38,500,,107755917
2018,101422665,10,,,107755976
2018,101422708,10,,,107756039
2018,101422681,63,67,,107755994
2018,104618726,63,25,,111853122
2018,104618726,23,400,,111848608
2018,104618740,4,300,,111858470
2018,104615225,16,20,,111848676
2018,104618774,4,300,,111858532
2018,104615257,63,30,09-APR-18,111858576
2018,104615257,16,1,09-APR-18,111858577
2018,104612876,26,450,,111858578
2018,104612876,63,84,,111858579
2018,101422686,10,,,107756004
2018,101422704,10,,,107756034
2018,104612876,16,1,,111853213
2018,102531716,63,10,,109201298
2018,102531718,4,1200,22-JUN-18,109201302
2018,102531720,4,1200,,109201306
2018,101422703,11,1,,107756032
2018,101422703,63,1,,107756033
2018,101422618,10,,,107755920
2018,106539870,38,200,,114286325
2018,106530929,4,600,,114279769
2018,101422684,38,1200,,107756002
2018,106539907,63,20,,114289286
2018,106539907,23,800,,114289282
2018,101422685,10,,,107756003
2018,106530911,23,800,,114279747
2018,106530911,63,20,,114279748
2018,106530917,10,,,114286353
2018,106536558,63,150,,114289234
2018,106539873,38,150,,114289231
2018,106536567,10,,,114279750
2018,106530920,38,246,,114279760
2018,106530921,10,,,114279762
2018,101422738,63,200,,107756067
2018,101422675,3,7500,,107755988
2018,101422674,3,7500,14-MAR-18,107755987
2018,101422816,38,150,,107756180
2018,101422636,63,500,,107755941
2018,101422644,16,400,,107755949
2018,101422645,16,400,,107755950
2018,105990949,38,150,,113602670
2018,105990960,25,100,,113607365
2018,105990960,63,1,,113599208
2018,105990960,9,0,,113602686
2018,105991023,23,600,,113602770
2018,105991023,9,0,,113607498
2018,105991023,25,30,,113607496
2018,105991023,21,110,,113602772
2018,105991023,63,15,,113607497
2018,105991023,16,65,,113602773
2018,105991023,19,120,,113602771
2018,105982072,21,150,,113599330
2018,101422664,10,,,107755975
2018,101422797,10,,,107756145
2018,101422646,63,1,,107755951
2018,101422604,38,90,,107755901
2018,101422639,23,110,,107755944
2018,101422689,21,20,,107756009
2018,101422843,10,,,107756209
2018,102530991,63,60,,109200303
2018,101422616,10,,,107755918
2018,101422597,10,,,107755893
2018,102187641,16,50,,108748814
2018,104615167,23,1100,,111858443
2018,104618734,38,150,,111858462
2018,102187686,3,17000,,108748867
2018,102187793,9,0,,108749024
2018,102187789,3,200,,108749015
2018,102187793,26,50,,108749019
2018,102187793,20,8,,108749021
2018,106536691,63,1,,114289417
2018,106536691,25,10,,114286512
2018,102187793,25,30,,108749020
2018,101885965,10,,,108355818
2018,101885985,33,126,,108355847
2018,101886218,11,1,,108356122
2018,102187692,23,59,,108748873
2018,102187661,38,200,,108748834
2018,102187675,11,1,,108748851
2018,102187689,10,,,108748868
2018,104612814,26,390,,111848603
2018,102187737,10,,,108748928
2018,102187865,10,,,108749124
2018,102187970,63,500,,108749266
2018,104618731,38,150,,111848615
2018,104612814,23,50,,111853114
2018,104612814,21,30,,111853115
2018,104618736,11,1,,111848618
2018,104618736,10,,,111848619
2018,104612822,4,800,,111858467
2018,104615186,63,25,,111858477
2018,104615186,4,250,,111848626
2018,104615184,22,0,,111848625
2018,104615184,63,8,,111858476
2018,104615184,7,10,,111858474
2018,107159472,38,300,,115102041
2018,102187679,10,,,108748854
2018,102187684,38,600,,108748863
2018,107157539,63,35,,115102043
2018,107157539,4,100,,115102042
2018,107153028,21,2600,,115107239
2018,107153028,63,1,,115107240
2018,107153033,23,300,,115103469
2018,107157545,16,150,,115103474
2018,104618849,16,150,,111853263
2018,104618860,33,600,,111848787
2018,101886385,38,250,,108356356
2018,102187698,23,150,,108748882
2018,102187802,38,100,,108749040
2018,102530982,38,70,,109200292
2018,102530980,38,200,,109200289
2018,102530981,21,3,,109200291
2018,102530981,26,20,,109200290
2018,102531062,8,5,,109200419
2018,102531058,8,5,07-JUN-18,109200416
2018,102531331,38,300,,109200762
2018,102531336,63,30,,109200765
2018,102531397,38,400,,109200854
2018,102531424,20,10,,109200889
2018,102531455,23,230,,109200925
2018,102531553,9,0,,109201084
2018,102531553,63,1,,109201081
2018,102531553,23,800,,109201078
2018,102531548,9,0,16-APR-18,109201075
2018,102531548,63,1,16-APR-18,109201074
2018,102531548,23,800,16-APR-18,109201071
2018,102531567,21,43,,109201099
2018,102531659,10,,,109201211
2018,101885982,23,100,,108355838
2018,101885966,10,,,108355819
2018,101885982,20,45,,108355840
2018,101885982,19,200,,108355837
2018,101885982,22,0,,108355844
2018,101885982,63,75,,108355839
2018,101885982,16,1,,108355843
2018,101886047,10,,,108355921
2018,101886424,63,1500,,108356397
2018,101886401,10,,,108356371
2018,101885984,11,1,,108355846
2018,101885984,10,,,108355845
2018,101886342,10,,,108356284
2018,102531013,19,576,29-MAY-18,109200340
2018,101886326,23,200,,108356263
2018,101886326,21,2720,,108356262
2018,101886402,11,1,,108356373
2018,102531001,38,500,,109200315
2018,102531003,10,,,109200318
2018,102531017,10,,,109200343
2018,102531017,11,1,,109200345
2018,102531145,10,,,109200516
2018,102531145,11,1,,109200518
2018,102531022,4,200,,109200354
2018,102531022,16,30,,109200355
2018,102530984,4,2000,,109200295
2018,102530984,16,35,,109200296
2018,102531087,16,20,,109200449
2018,102531565,10,,,109201094
2018,102187866,10,,,108749126
2018,102187699,63,1,,108748881
2018,102187699,25,120,,108748880
2018,102187866,11,1,,108749125
2018,102531220,4,100,,109200605
2018,105990901,23,800,,113602606
2018,105990901,63,130,,113602607
2018,105986961,38,1274,,113599194
2018,105986965,10,,,113602678
2018,105986968,38,200,,113599206
2018,105987037,4,120,,113607468
2018,105987044,10,,,113599297
2018,102531345,11,1,,109200778
2018,102531309,4,160,,109200728
2018,102531300,16,30,,109200717
2018,102531305,4,160,11-JUN-18,109200724
2018,101886390,63,1,,108356361
2018,102187924,38,20,,108749194
2018,102531564,23,500,,109201095
2018,102531786,63,2,,109201385
2018,102531784,10,,,109201382
2018,102187743,23,300,,108748935
2018,102187743,38,1,,108748936
2018,102187767,10,,,108748977
2018,102187703,10,,,108748886
2018,102187710,20,28,,108748896
2018,102187710,10,,,108748897
2018,102187706,10,,,108748888
2018,102531020,38,300,,109200353
2018,102530983,10,,,109200293
2018,102530983,11,1,,109200294
2018,102531165,26,175,,109200536
2018,102531165,25,125,,109200538
2018,102531165,23,300,,109200534
2018,102531165,9,0,,109200540
2018,102531352,23,600,,109200792
2018,102531360,10,400,,109200805
2018,102531479,38,250,,109200975
2018,101886389,10,,,108356360
2018,101886448,16,150,,108356429
2018,102187713,19,22,,108748900
2018,102187799,11,1,,108749037
2018,102187769,23,370,,108748979
2018,117807540,16,180,,129027415
2018,102531526,16,250,,109201047
2018,102531534,23,700,,109201058
2018,102531750,11,1,,109201343
2018,102531750,10,,,109201342
2018,102530992,38,200,,109200304
2018,102531009,38,300,,109200330
2018,102531084,38,100,,109200446
2018,102531025,63,45,,109200361
2018,102531025,6,80,,109200359
2018,102187721,10,,,108748909
2018,102187785,4,150,12-MAY-18,108749010
2018,102187788,4,150,,108749013
2018,102531019,4,750,,109200349
2018,102531019,16,10,,109200352
2018,102531034,6,45,,109200379
2018,102531034,63,1,,109200380
2018,102531034,23,300,,109200377
2018,102531034,21,95,,109200378
2018,102531037,10,,,109200383
2018,102531056,38,250,,109200414
2018,102531063,26,300,,109200421
2018,102531063,36,200,,109200422
2018,102531176,16,25,,109200549
2018,102531177,4,400,,109200551
2018,102531197,21,2,,109200574
2018,102531197,9,0,,109200576
2018,102531207,23,300,,109200586
2018,102531412,38,800,,109200871
2018,102531799,26,80,,109201398
2018,102531800,26,80,,109201401
2018,102531820,10,,,109201422
2018,102531100,63,10,,109200465
2018,102531035,63,1,,109200381
2018,102531100,20,60,,109200459
2018,102531100,25,20,,109200461
2018,102531100,9,0,,109200466
2018,102531699,63,6,,109201277
2018,102531804,38,300,,109201406
2018,104615250,63,35,,111858567
2018,104615250,36,125,,111858566
2018,104618800,10,,,111858568
2018,104615254,10,,,111858572
2018,104618815,23,300,,111853238
2018,102187683,10,,,108748862
2018,102187933,38,1000,,108749206
2018,101886311,6,200,11-APR-18,108356243
2018,101886313,6,200,,108356247
2018,101886313,63,49,,108356248
2018,101886313,23,800,,108356246
2018,101886311,23,800,11-APR-18,108356241
2018,101886311,63,29,11-APR-18,108356245
2018,102531651,9,0,,109201207
2018,102531032,10,,,109200375
2018,102531039,21,1,,109200389
2018,102531039,10,,,109200388
2018,102531651,21,353,,109201204
2018,102531651,25,150,,109201205
2018,102531651,63,1,,109201206
2018,106539964,38,1000,,114289367
2018,106536645,16,10,,114279826
2018,106536645,4,165,,114286453
2018,106536655,23,50,,114279841
2018,106530966,38,150,,114286432
2018,106530973,16,15,,114279822
2018,106530973,4,100,,114279821
2018,102187695,10,,,108748875
2018,102187667,19,230,22-APR-18,108748842
2018,102187668,38,200,,108748843
2018,102187695,63,1,,108748876
2018,102187707,10,,,108748891
2018,102187707,21,1,,108748890
2018,102187778,3,5000,,108749000
2018,102187828,11,1,,108749066
2018,102187843,10,,,108749087
2018,102531051,38,200,,109200405
2018,102531054,38,500,,109200410
2018,102531054,63,250,,109200412
2018,102531433,26,106,,109200897
2018,102531401,4,180,,109200855
2018,102531427,38,150,,109200895
2018,102531433,6,120,,109200896
2018,102531433,63,50,,109200899
2018,102187803,10,,,108749039
2018,102187816,10,,,108749053
2018,102187972,38,50,,108749268
2018,102187671,10,,,108748846
2018,102187761,23,800,,108748969
2018,102187912,10,,,108749183
2018,102187971,38,50,30-MAY-18,108749267
2018,102531040,38,1200,,109200386
2018,102531036,38,540,,109200382
2018,102531040,16,300,,109200387
2018,102531040,20,30,,109200390
2018,102531422,38,100,,109200884
2018,102187735,11,1,,108748926
2018,102187805,10,,,108749041
2018,102531243,38,250,,109200636
2018,102531470,25,50,19-APR-18,109200959
2018,102531477,25,50,,109200969
2018,102531206,21,10,,109200585
2018,102531065,10,,,109200425
2018,102531187,8,7,,109200561
2018,102531187,19,36,,109200560
2018,102531563,23,250,,109201092
2018,102187714,10,,,108748901
2018,102187754,21,20,,108748960
2018,102187968,8,1,,108749263
2018,102531011,13,150,,109200333
2018,102531011,38,900,,109200332
2018,102531010,38,150,,109200331
2018,102531349,10,,,109200784
2018,102531359,4,700,,109200801
2018,102531359,63,30,,109200804
2018,102531095,10,,,109200455
2018,102531278,38,300,,109200674
2018,102531399,38,2500,,109200856
2018,102531545,21,20,,109201072
2018,102531825,10,,,109201432
2018,102531376,38,250,,109200828
2018,102531805,9,0,22-JUN-18,109201407
2018,106530901,38,375,,114279731
2018,106536579,10,,,114286358
2018,102531175,38,500,,109200548
2018,102187916,63,15,24-MAY-18,108749186
2018,102187918,63,15,,108749188
2018,102531180,38,1000,,109200553
2018,102531180,63,1500,,109200552
2018,102531180,6,300,,109200554
2018,102531180,26,100,,109200556
2018,102531409,38,1854,,109200865
2018,102531558,10,,,109201086
2018,102531841,9,0,,109201453
2018,102531841,23,380,,109201447
2018,102531841,63,1,,109201455
2018,102531841,6,215,,109201449
2018,102531841,25,20,,109201450
2018,102531841,16,5,,109201451
2018,106536624,10,1,,114289331
2018,106536624,25,80,,114286426
2018,106536624,63,1,,114289332
2018,102531428,38,100,,109200890
2018,102187724,63,1,,108748913
2018,102187724,10,,,108748914
2018,102187792,38,3415,,108749026
2018,102531103,63,10,,109200468
2018,102530994,38,1954,,109200307
2018,102531016,4,152,,109200346
2018,102531016,16,10,,109200350
2018,102531103,4,200,,109200467
2018,102187930,10,,,108749202
2018,102531569,23,700,,109201102
2018,102531152,38,100,,109200524
2018,102531395,63,20,,109200852
2018,102531391,38,150,,109200850
2018,102187874,10,,,108749132
2018,102187691,23,749,,108748870
2018,102187691,63,150,,108748871
2018,102187690,23,749,05-MAY-18,108748869
2018,102531061,23,500,,109200420
2018,102531463,38,3215,,109200944
2018,102531706,63,6,,109201281
2018,102531429,38,396,,109200893
2018,102531828,10,,,109201430
2018,102187884,23,1200,,108749147
2018,102187809,4,125,,108749044
2018,102187806,4,125,15-MAY-18,108749043
2018,102187882,23,1200,24-MAY-18,108749145
2018,102187962,23,800,,108749257
2018,102187961,23,800,28-MAY-18,108749256
2018,102531807,63,2,,109201408
2018,108634924,23,300,,116998922
2018,102531008,23,216,,109200324
2018,102531008,63,1,,109200329
2018,102531008,16,1,,109200327
2018,102531008,9,0,,109200328
2018,102531008,21,360,,109200323
2018,102531008,26,20,,109200325
2018,102531008,25,20,,109200326
2018,102531027,38,250,,109200363
2018,102531059,6,30,,109200417
2018,102531059,7,220,,109200406
2018,102531059,63,40,,109200409
2018,102531050,7,220,07-JUN-18,109200403
2018,102531050,6,15,07-JUN-18,109200404
2018,102531120,10,,,109200486
2018,102531375,38,250,,109200826
2018,102531543,38,1250,,109201069
2018,102531660,13,1,,109201216
2018,102531660,63,1,,109201213
2018,105981938,23,150,29-AUG-18,113599191
2018,105990936,25,150,,113602649
2018,105990935,25,150,27-FEB-18,113602648
2018,105981940,25,50,12-FEB-18,113607336
2018,105990937,25,50,,113602650
2018,105990937,21,50,,113607337
2018,105990939,38,150,,113599195
2018,105986962,23,800,,113602663
2018,105986953,38,400,,113607328
2018,105990934,9,0,,113602646
2018,105990934,19,12,,113602645
2018,105990934,63,1,,113602647
2018,105990934,25,100,,113602644
2018,105990919,38,385,,113602627
2018,105981934,4,1300,,113607329
2018,105981934,63,20,,113599184
2018,105990930,38,350,,113602640
2018,108634896,63,150,,116998871
2018,108639957,63,1,,116996292
2018,108630293,38,45,,116998889
2018,108639965,6,50,,117002743
2018,108639965,63,40,,117002744
2018,108639973,10,,,116998903
2018,108639978,23,700,,116998906
2018,108634916,63,250,,116998907
2018,108634918,3,5000,11-JUN-18,117002773
2018,108634919,3,5000,,116998910
2018,105990899,10,,,113607315
2018,115764480,38,400,,126474202
2018,115754789,38,1200,,126474242
2018,115754789,63,300,,126477141
2018,104615166,38,500,,111853110
2018,108634899,16,50,,116998881
2018,108634899,4,2000,,116998880
2018,108640017,23,200,,117002806
2018,108640039,23,1000,,117002833
2018,104618750,21,1,,111848650
2018,104618727,16,120,,111858452
2018,104612824,38,300,,111853129
2018,104618750,10,,,111848649
2018,104618750,11,1,,111848648
2018,104618752,63,6,,111848653
2018,104615210,10,,,111858513
2018,104618760,38,500,,111858517
2018,104618763,63,40,,111848663
2018,104615221,63,1,12-JUL-18,111848671
2018,104615222,10,,,111858525
2018,104618778,38,300,,111848682
2018,104615231,63,250,,111858540
2018,104612854,10,,,111853177
2018,104612854,63,1,,111858521
2018,104618785,21,37,,111858546
2018,104618785,22,0,,111853196
2018,104618785,63,1,,111848689
2018,104618785,23,550,,111858545
2018,104618785,9,0,,111848690
2018,104618785,17,30,,111848688
2018,104615236,63,50,,111858547
2018,104612864,4,300,,111853199
2018,104618794,10,,,111848701
2018,104618796,7,870,,111848703
2018,104618796,25,250,,111848704
2018,104618798,25,5,,111848706
2018,104618798,22,0,,111853210
2018,104618798,63,1,,111853208
2018,104618798,20,1,,111848707
2018,104618798,21,22,,111858561
2018,104618798,23,20,,111858562
2018,104618799,63,5,,111848710
2018,104612875,23,399,,111848714
2018,104612883,38,250,,111858600
2018,104618820,63,100,,111848736
2018,104618821,21,20,,111848738
2018,104612897,38,1287,,111853243
2018,104612902,10,,,111858624
2018,104618832,38,1,,111858638
2018,104618847,23,699,,111848768
2018,104612914,10,,,111853262
2018,104612915,38,600,,111853265
2018,104618869,63,1,,111853281
2018,104618869,23,300,,111848802
2018,108630303,6,10,,116996304
2018,108630303,8,4,,117002753
2018,108639971,6,10,28-NOV-18,116998901
2018,108630315,23,350,,117002784
2018,104618866,63,300,,111848800
2018,104618871,23,291,,111848804
2018,108634958,21,126,,116998986
2018,108634958,9,0,,116996369
2018,104612860,4,435,,111853194
2018,104615240,21,240,,111858552
2018,104615268,10,,,111848719
2018,104618850,26,300,,111848770
2018,104618850,63,50,,111848772
2018,104618850,7,250,,111848771
2018,104618850,16,20,,111848774
2018,104618850,20,40,,111848773
2018,104618868,21,1,,111853280
2018,104618868,38,500,,111853279
2018,104612927,38,200,,111853278
2018,104618824,4,1025,,111858619
2018,104618824,16,26,,111848743
2018,104612904,10,,,111853246
2018,104618833,23,700,07-JUN-18,111848749
2018,104618834,23,700,,111848751
2018,104618851,38,1000,,111848775
2018,108630311,38,500,,116996318
2018,115764532,38,546,,126472048
2018,115759471,38,200,,126474288
2018,115759472,9,0,,126482062
2018,115759472,19,100,,126482060
2018,115759472,17,100,,126482061
2018,104618715,10,,,111848596
2018,104615164,63,1,,111858434
2018,104615164,21,1,,111858436
2018,104615164,9,0,,111858435
2018,104612815,63,80,,111858442
2018,104612809,10,,,111853108
2018,104612809,13,1,,111848600
2018,104612815,4,4000,,111858441
2018,104615188,38,300,,111848628
2018,104615188,63,300,,111848629
2018,104612881,10,,,111848720
2018,104615182,38,200,,111858471
2018,104618775,23,1200,,111858533
2018,104618775,63,20,,111848677
2018,108639950,38,300,,117002723
2018,108634898,63,500,,116998876
2018,104612816,38,50,,111853116
2018,104612823,38,1854,,111853127
2018,104615159,10,,,111848598
2018,104618730,38,70,,111848613
2018,104612823,5,1,,111853128
2018,104612848,4,200,,111858514
2018,104615212,16,20,,111853165
2018,104615256,17,600,,111858575
2018,104618802,38,250,,111858574
2018,104612874,10,,,111853211
2018,104618804,38,500,,111848716
2018,104612877,38,580,,111853216
2018,104618721,38,357,,111858440
2018,104615175,31,700,,111848612
2018,104612827,4,400,,111848627
2018,108630309,20,20,,116996312
2018,104615187,4,80,,111858478
2018,104612842,23,50,,111853147
2018,108630309,23,400,,116998914
2018,108639990,23,400,22-JAN-18,116996311
2018,108630331,38,1750,,117002807
2018,108640019,21,1,,116996347
2018,115754910,5,64,,126482179
2018,115764630,16,25,,126474401
2018,115754863,19,3,05-SEP-18,126477252
2018,115764598,16,1,,126482135
2018,115764598,10,,,126482134
2018,115754909,4,445,,126477313
2018,115764474,26,30,,126474184
2018,115764577,6,150,,126474320
2018,116176670,7,800,,126977240
2018,116176670,63,380,,126985181
2018,116179555,21,500,,126977237
2018,116179555,63,2,,126977238
2018,116179555,23,900,,126989503
2018,115764474,63,15,,126472015
2018,115764474,17,20,,126474185
2018,115764474,25,5,,126474186
2018,115764474,6,100,,126472014
2018,115754851,63,1,,126477225
2018,115754851,23,800,,126482121
2018,115764593,17,20,,126477235
2018,115764593,63,90,,126474348
2018,115764593,20,3,,126477236
2018,115764593,6,75,,126474349
2018,104615281,63,25,,111858615
2018,104612894,23,600,18-JUN-18,111858616
2018,104612895,63,2,,111848735
2018,104612895,9,0,,111848737
2018,104612895,23,600,,111848734
2018,104618846,63,2,,111848767
2018,116168228,25,20,,126977239
2018,116168228,63,1,,126989504
2018,116168228,21,110,,126985180
2018,104618772,16,20,,111848674
2018,104612825,38,150,,111853130
2018,104615190,38,500,,111858480
2018,115755037,9,0,,126477493
2018,115755037,25,40,,126477491
2018,115755037,63,2,,126477492
2018,104618772,4,200,,111848673
2018,104618783,6,50,,111848687
2018,104618783,63,250,,111848686
2018,104615238,63,2400,,111848695
2018,104618803,38,510,,111853214
2018,104615258,38,320,,111848715
2018,104615263,38,250,,111853219
2018,104618807,10,,,111858597
2018,104612891,10,,,111858612
2018,104851465,63,25,,112149369
2018,104841464,16,20,,112152088
2018,104841464,4,500,,112152087
2018,104851465,23,500,,112149368
2018,104846285,19,2,,112152170
2018,104618745,63,20,,111848642
2018,104618741,4,600,,111848630
2018,104612840,38,200,,111848641
2018,104618745,36,50,,111853146
2018,104618745,21,200,,111858489
2018,104615202,25,20,08-JUL-18,111853155
2018,104615165,10,,,111858438
2018,104615165,11,1,,111858439
2018,104615165,21,150,,111858437
2018,104615203,63,12,,111858498
2018,104615203,25,20,,111858497
2018,104615203,16,100,,111853156
2018,104615203,21,20,,111858496
2018,104615203,9,0,,111858499
2018,104612856,36,1,,111858526
2018,104612856,63,1,,111858527
2018,104618781,38,250,,111848684
2018,104615233,63,30,,111858541
2018,104618806,19,350,,111848718
2018,104615273,25,10,,111853224
2018,104615273,21,57,,111853223
2018,104615273,63,1,,111853225
2018,104618852,23,350,,111848776
2018,104618852,9,0,,111848779
2018,104618852,63,1,,111848778
2018,104618852,25,100,,111848777
2018,104615317,21,80,,111858660
2018,104615318,23,1000,,111858661
2018,104846251,5,25000,,112152140
2018,104851479,23,800,,112149390
2018,104851504,63,400,,112149413
2018,104846250,5,25000,03-AUG-18,112149423
2018,104851564,23,100,,112156961
2018,109989054,63,71,,118763867
2018,109983857,63,275,,118754095
2018,105990905,25,40,,113607320
2018,105990905,7,1400,,113602611
2018,105990933,26,500,,113607335
2018,105986950,63,20,,113607326
2018,105990925,23,150,31-AUG-18,113602636
2018,105986956,4,700,,113599187
2018,105990945,24,1,,113602665
2018,105990945,38,500,,113607348
2018,105990947,25,25,,113602667
2018,105990947,23,650,,113602666
2018,105990947,21,20,,113602668
2018,105990952,4,400,,113602676
2018,105990959,24,650,,113602683
2018,105981965,63,300,,113607374
2018,105986980,38,200,,113599216
2018,105986981,38,700,,113599217
2018,105981978,38,250,,113607387
2018,104618840,6,10,,111848759
2018,104612886,10,,,111853226
2018,104615285,23,300,,111853244
2018,104612907,23,1000,,111853251
2018,104618840,16,1,,111848760
2018,104618840,63,70,,111853257
2018,104615298,11,1,,111858643
2018,104615289,10,,,111858627
2018,107153079,38,126,,115103531
2018,104851544,10,,,112152173
2018,104841488,10,,,112152135
2018,104851514,63,1,,112152141
2018,104851544,11,1,,112149458
2018,104851544,25,1,,112149459
2018,104841529,9,0,,112156949
2018,104841529,21,8,,112156948
2018,104841529,19,15,,112156947
2018,104841529,23,500,,112149485
2018,107159499,38,300,,115103550
2018,107159507,38,200,,115112091
2018,104618724,63,70,,111853118
2018,104618719,38,200,,111848601
2018,104612813,10,,,111853113
2018,104618724,25,5,,111853119
2018,104618724,9,0,,111858451
2018,104618724,21,5,,111853120
2018,104612834,5,50,,111853141
2018,104618756,10,,,111858504
2018,104618756,63,1,,111853157
2018,104612870,4,400,,111853207
2018,104618801,10,,,111853212
2018,104615301,38,860,,111858645
2018,108630342,23,1000,,116996356
2018,108630282,38,300,,116996280
2018,108639947,21,5,,116996282
2018,108639947,20,100,,116996281
2018,108630355,23,800,11-NOV-18,116996370
2018,108630356,23,800,,116998987
2018,108630356,21,50,,116998988
2018,108630356,63,5,,116998989
2018,104615288,11,1,,111858625
2018,104841514,35,25,,112156930
2018,104851523,23,400,,112156898
2018,104851523,21,175,,112152150
2018,104851523,25,75,,112152151
2018,104851524,10,,,112156899
2018,104846242,38,10,,112156876
2018,104851516,23,799,,112149429
2018,104851515,23,799,09-AUG-18,112149428
2018,104841512,23,1000,,112156928
2018,104851557,23,999,,112156946
2018,104851509,16,50,,112152139
2018,104846231,38,500,,112156864
2018,104851509,6,40,,112149421
2018,104851509,23,239,,112152138
2018,104851531,38,130,,112149446
2018,104846223,38,500,,112152093
2018,104846246,23,500,,112156882
2018,104841472,10,,,112156866
2018,104841480,21,200,,112149409
2018,104846238,38,600,,112152123
2018,104851525,9,0,,112149441
2018,104851525,25,40,,112149439
2018,104851525,23,600,,112149436
2018,104851525,63,40,,112149438
2018,104851525,21,200,,112149437
2018,104851525,16,40,,112149440
2018,104618735,21,17,,111848617
2018,104615173,38,566,,111858453
2018,104618728,63,1500,,111858455
2018,104618735,25,25,,111858465
2018,104618735,23,300,,111858463
2018,104618735,63,40,,111858464
2018,104612831,10,,,111853135
2018,104612839,4,500,,111848634
2018,104612839,16,20,,111848635
2018,104615207,21,480,,111858506
2018,104612839,63,20,,111848636
2018,104615207,10,,,111853161
2018,104615207,13,300,,111858507
2018,104615228,16,288,,111858536
2018,104618790,38,500,,111853202
2018,104615243,13,1,,111858555
2018,104615243,11,1,,111858557
2018,104615243,10,,,111858556
2018,104615244,63,1,,111858558
2018,104615245,21,65,,111848702
2018,104618795,3,1000,,111858559
2018,104618809,63,1,,111848723
2018,104618809,21,2,,111848722
2018,104618812,23,110,,111853228
2018,104612900,63,107,,111858621
2018,104615313,8,2,,111848786
2018,104615315,19,90,,111848793
2018,104615315,63,1,,111848794
2018,104615224,25,50,15-JUL-18,111858528
2018,104612858,9,0,,111858531
2018,104612858,25,50,,111858530
2018,104612858,23,300,,111858529
2018,104612866,63,1000,,111853201
2018,104618816,10,,,111858613
2018,104615284,38,300,,111848741
2018,104618835,23,100,,111858640
2018,104618835,63,20,,111848750
2018,104618776,20,3,,111848679
2018,104618776,6,40,,111853188
2018,104618776,23,400,,111853185
2018,104618776,17,300,,111853186
2018,104618776,63,235,,111853187
2018,104618776,16,5,,111848678
2018,104618776,9,0,,111848680
2018,104612861,4,200,,111858542
2018,104615234,16,40,,111848685
2018,104612862,38,200,,111853193
2018,104615235,38,200,,111858543
2018,104841463,38,250,,112152086
2018,104841477,4,400,,112152116
2018,104841477,63,10,,112152117
2018,104846221,26,1100,,112156852
2018,104851472,38,200,,112149377
2018,104851473,63,10,,112149380
2018,104851473,16,400,,112149378
2018,104841509,23,500,,112149456
2018,104841513,63,863,,112152172
2018,104612885,24,650,27-JUN-18,111858604
2018,104615272,16,25,,111858603
2018,104618810,24,650,,111858605
2018,104618817,10,,,111848727
2018,104851556,11,1,,112149480
2018,104851556,10,,,112149479
2018,104846286,63,40,,112156929
2018,104851466,6,10,,112149370
2018,104851475,23,399,,112149383
2018,104846286,23,900,,112152171
2018,104612924,16,100,,111858659
2018,104612924,63,75,,111853274
2018,104612926,26,70,,111853277
2018,104615316,38,200,,111853276
2018,104618782,16,30,,111853192
2018,104851499,11,1,,112149408
2018,104851499,10,,,112152121
2018,104841510,63,50,,112149457
2018,104618782,4,500,,111853191
2018,104841479,63,1,,112156873
2018,104846222,21,2,,112156853
2018,104851480,63,30,,112149392
2018,104851480,23,700,,112149391
2018,104841479,11,1,,112152120
2018,104846241,38,200,,112152130
2018,104841484,16,100,,112152131
2018,104841484,63,1,,112152132
2018,104841484,21,300,,112156875
2018,104846248,63,250,,112156886
2018,104846249,21,7,,112156888
2018,104846258,38,200,,112156894
2018,104851520,20,30,,112149433
2018,104846276,10,,,112156910
2018,104851551,10,,,112152184
2018,104615269,23,600,,111848721
2018,104851469,26,400,,112149373
2018,104851469,21,500,,112149372
2018,104851469,19,200,,112149374
2018,104851469,63,130,,112149375
2018,104851478,38,1,,112149389
2018,104841524,63,2,,112149472
2018,104851476,63,17,,112149387
2018,104841465,23,150,,112152089
2018,104841465,20,95,,112152090
2018,104851476,17,350,,112149384
2018,104851476,25,40,,112149385
2018,104851476,21,35,,112149386
2018,104846245,10,,,112156881
2018,104851508,10,,,112152137
2018,104841494,63,39,,112156890
2018,104841494,5,1,,112156891
2018,104846271,23,500,,112149442
2018,104841523,10,,,112149471
2018,104615237,63,2,,111853198
2018,104615227,63,50,,111858535
2018,104615226,38,60,,111858534
2018,104612859,63,75,,111853190
2018,104615237,21,5,,111853197
2018,104615237,16,1,,111858548
2018,104615237,25,10,,111848692
2018,104615160,23,200,,111853105
2018,104615172,38,230,,111858454
2018,104615191,4,250,,111853134
2018,104612829,16,25,,111853133
2018,104615209,63,45,,111858509
2018,104615209,25,10,,111858510
2018,104615209,16,10,,111858511
2018,104615209,23,200,,111858508
2018,104615209,21,6,,111858512
2018,104612853,4,550,,111853176
2018,104612852,16,20,,111848668
2018,104618780,21,60,,111848683
2018,104615260,23,50,18-JUL-18,111858582
2018,104615261,23,50,,111858584
2018,104615271,21,851,,111848724
2018,104615282,38,725,,111858617
2018,104618822,23,700,,111848740
2018,104615319,38,250,,111858662
2018,104618797,25,50,,111848705
2018,104618862,38,170,28-JUL-18,111848791
2018,104618863,38,170,,111848792
2018,104851501,21,85,,112152126
2018,104846233,10,,,112152113
2018,104612826,4,200,,111858473
2018,104615158,38,150,,111848597
2018,104615163,3,3000,,111858433
2018,104612826,63,10,,111853131
2018,104615280,23,700,19-JUL-18,111853241
2018,104615280,63,50,19-JUL-18,111858614
2018,104612896,23,400,,111853242
2018,104841489,10,,,112156887
2018,104841476,10,,,112156869
2018,104841489,8,153,,112152136
2018,104841489,21,1,,112149420
2018,104615286,38,400,,111848744
2018,104612819,38,250,,111853123
2018,104615277,21,200,,111853239
2018,104612845,13,1,,111858505
2018,104615196,10,,,111848645
2018,104615205,10,,,111858502
2018,104612845,10,,,111853158
2018,104612863,38,100,,111853195
2018,104618792,63,70,,111848698
2018,104618792,4,350,,111853203
2018,104618792,16,20,,111848700
2018,104615181,38,200,,111858469
2018,104615161,38,1,,111858432
2018,104615174,38,300,,111858456
2018,104615178,23,700,,111858460
2018,104618805,38,7000,,111853215
2018,104618805,63,150,,111858580
2018,104612888,23,1000,,111853229
2018,104612888,63,50,,111853230
2018,104612908,21,5,,111858637
2018,104612908,63,1,,111853252
2018,104612908,25,20,,111858636
2018,104612909,21,40,,111853254
2018,104612890,10,,,111858608
2018,104615283,23,950,,111858618
2018,104615302,38,400,,111858646
2018,104615303,38,350,,111858648
2018,104615303,23,500,,111858647
2018,108639985,63,75,,116998911
2018,108640007,26,350,,117002795
2018,104851510,38,395,,112149422
2018,104851494,10,,,112149402
2018,104841474,10,,,112156868
2018,104841482,23,150,,112152127
2018,104851534,10,,,112149451
2018,104851536,8,1,,112149453
2018,104851543,63,25,,112156919
2018,104851543,23,950,,112156918
2018,104841511,38,1854,,112152169
2018,104841527,16,5,,112149478
2018,104846301,16,5,22-AUG-18,112152191
2018,104851565,23,900,,112149491
2018,104851521,38,285,,112149434
2018,104846240,38,250,,112152129
2018,104841486,63,40,,112156878
2018,104841486,23,600,,112152133
2018,104841503,63,250,,112149449
2018,104846284,63,800,,112156927
2018,104846303,11,1,,112149482
2018,104846303,10,,,112149481
2018,104851541,21,20,,112149455
2018,104851559,25,50,,112156950
2018,104851559,16,50,,112156951
2018,104851559,21,35,,112149486
2018,104841487,16,14,,112152134
2018,104841487,4,120,,112156880
2018,104851540,21,20,18-AUG-18,112149454
2018,104846306,63,10,,112156962
2018,104846306,26,25,,112156960
2018,104846306,23,280,,112156959
2018,104612811,38,60,,111853111
2018,104612812,26,1500,,111853112
2018,104618723,63,30,,111848604
2018,104618723,7,400,,111858450
2018,104618723,38,1000,,111858449
2018,104615171,38,300,,111858448
2018,104612836,38,492,,111858484
2018,104612879,4,900,,111848717
2018,104612882,38,351,,111858598
2018,104612884,36,30,,111853222
2018,104612884,6,20,,111858601
2018,104612892,23,300,,111848726
2018,104615291,35,1000,,111858631
2018,105987157,10,,,113599418
2018,105987152,38,200,,113599414
2018,105987154,63,320,30-MAR-18,113602904
2018,105987155,63,400,,113599417
2018,105982142,63,10,,113599424
2018,105982142,19,2,,113599425
2018,105982142,21,55,,113599422
2018,105982142,23,100,,113602909
2018,105982142,26,30,,113599423
2018,105982145,23,150,,113607611
2018,105987166,23,150,27-SEP-18,113607610
2018,105981957,36,300,,113599204
2018,105981957,22,0,,113607364
2018,105986966,38,1,,113602682
2018,105982067,63,50,,113602777
2018,105982067,7,200,,113599323
2018,105987124,23,400,,113599383
2018,105981922,63,2200,,113602603
2018,105981923,4,800,,113607316
2018,105981935,10,,,113607330
2018,105986957,38,150,,113607331
2018,105986959,21,230,,113599192
2018,105990941,23,500,,113602654
2018,105981948,38,175,,113607351
2018,105981956,38,80,,113607363
2018,105981958,63,1700,,113602685
2018,105982006,38,150,,113602715
2018,105982007,25,30,13-FEB-18,113607430
2018,105982008,25,30,,113602716
2018,105982014,10,,,113602726
2018,105982019,10,,,113599271
2018,105982045,63,150,,113599293
2018,105991018,23,400,,113602758
2018,105987056,25,100,09-JUN-18,113599311
2018,105987057,25,100,,113599312
2018,105982058,16,10,,113607492
2018,105982058,4,75,,113607491
2018,105982061,3,9995,,113602766
2018,105987060,3,9995,22-AUG-18,113599317
2018,106531018,16,100,,114286506
2018,106531019,4,500,,114279872
2018,106539995,23,100,,114286513
2018,106536694,23,100,,114279874
2018,106536694,63,10,,114289419
2018,106536694,25,30,,114286518
2018,106538517,38,50,,114291915
2018,106538470,38,100,,114291841
2018,106538491,23,700,,114291878
2018,106538492,26,50,,114291880
2018,106538492,63,30,,114291881
2018,106538492,21,200,,114291879
2018,106538492,25,25,,114291882
2018,106538496,4,250,,114291887
2018,106538515,38,950,,114291912
2018,105982062,23,500,,113607495
2018,105982068,63,145,,113607503
2018,105991046,20,50,,113599338
2018,105991046,25,50,,113602802
2018,105982089,38,7776,,113607528
2018,105982104,23,2000,,113607544
2018,105987112,10,,,113599372
2018,105987114,23,750,,113599373
2018,105987114,9,0,,113607566
2018,105987114,21,10,,113607565
2018,105982122,38,496,,113602844
2018,105981924,3,35000,,113607317
2018,105981929,10,,,113602626
2018,105990931,25,50,,113599190
2018,105990931,63,1,,113607332
2018,105990931,9,0,,113602642
2018,105982100,63,10,,113607541
2018,105986991,23,700,13-MAR-18,113607395
2018,105981982,23,700,,113607396
2018,105987025,10,,,113599266
2018,105981983,23,1000,,113607397
2018,105981979,38,50,,113602697
2018,105981980,38,500,,113607389
2018,105986992,38,100,,113599228
2018,105987006,23,100,,113599243
2018,105987042,26,8000,,113602748
2018,105987042,35,50,,113599292
2018,105982074,38,200,,113607505
2018,105982119,23,600,,113607570
2018,105982119,63,5,,113607571
2018,105990932,38,220,,113602643
2018,105990900,4,899,,113602605
2018,105990910,38,248,,113602620
2018,105986958,10,,,113599189
2018,105986963,25,55,,113607352
2018,105986963,63,1,,113599198
2018,105986963,9,0,,113599197
2018,105986963,21,20,,113607353
2018,105986963,16,1,,113607354
2018,105981951,63,36,,113607358
2018,105986970,10,,,113602684
2018,105986972,38,1069,,113599209
2018,105981964,38,300,,113607372
2018,105986976,38,300,,113599212
2018,105986977,63,100,,113607373
2018,105981972,4,100,,113607381
2018,105981976,36,100,,113607385
2018,105981977,38,1000,,113607386
2018,105981981,16,35,,113602699
2018,105990970,4,150,,113602700
2018,105990971,63,1,26-AUG-18,113602702
2018,105990971,21,5,26-AUG-18,113602701
2018,105986989,4,1200,,113602703
2018,105986989,63,1,,113599225
2018,105986989,21,5,,113602704
2018,105982054,63,200,,113607486
2018,105982055,21,100,,113607488
2018,105987059,38,200,,113599314
2018,105982057,25,1,,113607489
2018,105982057,16,225,,113599316
2018,105982057,9,0,,113607490
2018,105982057,26,250,,113599315
2018,105982059,38,150,,113607493
2018,105982060,23,800,,113607494
2018,105991022,23,300,,113602767
2018,105991022,63,40,,113602768
2018,105987101,38,200,,113602822
2018,105982077,38,1274,,113607511
2018,105991047,38,300,,113599337
2018,105991060,63,200,,113602823
2018,105982103,38,500,,113607543
2018,106530956,21,75,,114286419
2018,106539901,23,1000,,114289268
2018,106539901,63,100,,114289270
2018,106536604,10,,,114286389
2018,106530956,16,200,,114286418
2018,106536622,38,300,,114279796
2018,106536627,63,800,,114289336
2018,106539954,38,500,,114286447
2018,106530976,38,33,,114279825
2018,106539972,21,10,,114289376
2018,106539972,63,1,,114286478
2018,106539972,25,40,,114289375
2018,106539852,21,50,,114286312
2018,106530894,4,300,,114279715
2018,106539845,16,15,,114279714
2018,106539851,38,200,,114286310
2018,106539852,38,350,,114286311
2018,106539876,16,16,,114286330
2018,106539876,4,200,,114286328
2018,106536569,21,58,,114279751
2018,106536569,6,240,,114286337
2018,106539911,63,33250,,114289296
2018,106536601,10,,,114289305
2018,106530959,23,800,,114279806
2018,106539975,38,500,,114289380
2018,106538550,63,125,,114281725
2018,106538550,9,0,,114291957
2018,106538550,25,5,,114281727
2018,106543093,4,50,,114295654
2018,106543093,16,10,,114295655
2018,106543096,25,50,31-OCT-18,114295661
2018,106543098,25,50,,114295663
2018,106543162,23,100,,114295735
2018,106532439,63,125,31-OCT-18,114281724
2018,106536576,16,300,,114286347
2018,106539869,23,100,,114289228
2018,106536554,23,100,29-SEP-18,114289227
2018,106536576,9,0,,114286350
2018,106536576,23,1300,,114286345
2018,106536576,25,200,,114286348
2018,106536576,21,60,,114286349
2018,106539904,10,,,114286371
2018,106539910,4,492,,114289295
2018,106539976,63,900,,114279853
2018,106539982,23,150,29-AUG-18,114286490
2018,106539982,25,25,28-AUG-18,114289398
2018,106536674,25,25,,114286492
2018,106536674,23,150,,114286491
2018,106530983,23,250,18-OCT-18,114279832
2018,106536640,19,2,,114289352
2018,106530978,4,450,,114289358
2018,106530978,16,30,,114289359
2018,106530983,26,5,18-OCT-18,114279833
2018,106530984,26,5,,114279835
2018,106530984,23,250,,114279834
2018,106536668,23,1149,,114286485
2018,106536668,63,25,,114289389
2018,106538510,4,129,,114295730
2018,106532366,38,100,,114281632
2018,106538477,23,500,,114291854
2018,106538506,38,700,,114291898
2018,106538523,63,100,,114291924
2018,106538529,63,25,,114281695
2018,106538529,4,300,,114281694
2018,106538545,6,40,,114291949
2018,106543225,63,25,,114295811
2018,105990944,16,20,,113602661
2018,105990944,4,150,,113602660
2018,105981944,63,1500,,113607345
2018,105990948,38,300,,113602669
2018,105981949,6,90,,113602672
2018,105981949,23,700,,113602671
2018,105990967,26,200,,113607379
2018,105991038,23,100,,113602793
2018,105991076,21,1,,113602853
2018,105991123,25,30,01-JAN-18,113602917
2018,105991124,21,30,,113602918
2018,105991124,25,30,,113602919
2018,106539892,23,200,,114279757
2018,106530914,38,300,,114286340
2018,106539883,63,80,,114289258
2018,106539883,23,849,,114289257
2018,106539890,38,150,,114286357
2018,106536546,38,150,,114279725
2018,106539896,63,200,,114286363
2018,106536592,19,20,,114289290
2018,106539918,38,100,,114286386
2018,106539928,63,75,,114289316
2018,106536617,38,300,,114289321
2018,106530954,26,450,,114286406
2018,106530954,6,238,,114279793
2018,106539934,36,250,,114289324
2018,106536631,38,900,,114289343
2018,106539955,6,200,,114279823
2018,106536659,33,110,,114279851
2018,106536670,10,,,114279857
2018,106536676,63,35,,114289400
2018,106536677,16,1,,114289401
2018,106539996,38,250,,114289418
2018,106539997,38,25,,114286514
2018,107159471,21,45,,115102039
2018,107159471,4,500,,115102038
2018,107159471,23,1000,,115107237
2018,107159471,63,5,,115102040
2018,107157566,38,200,,115107271
2018,107157567,6,20,,115107272
2018,107159497,9,0,,115112080
2018,107157542,23,800,,115107243
2018,107153075,23,800,18-DEC-18,115103527
2018,107153075,63,30,18-DEC-18,115103528
2018,107153076,10,,,115103529
2018,107153083,25,100,,115112069
2018,107153083,16,1,,115103535
2018,107153083,20,110,,115107273
2018,107153083,19,2,,115112070
2018,107153083,9,0,,115103536
2018,107153083,63,1,,115103537
2018,107159498,38,500,,115112082
2018,106530893,23,100,,114289212
2018,107159475,23,1100,,115103473
2018,107157544,38,800,,115107246
2018,107153050,63,650,,115103488
2018,107157552,36,2500,,115107257
2018,107157577,63,2500,,115107285
2018,106530899,38,146,,114279724
2018,106536570,23,80,06-MAR-18,114279752
2018,106536571,25,10,,114286341
2018,106536571,16,5,,114279753
2018,106536571,23,80,,114289255
2018,106530943,16,20,,114279781
2018,106530944,4,400,,114279782
2018,106530952,4,150,,114279788
2018,106536612,63,500,,114289315
2018,106536653,38,350,,114286462
2018,106530994,23,400,,114289365
2018,106530994,6,250,,114279843
2018,106539968,9,0,,114286472
2018,106539968,63,50,,114289372
2018,106539968,21,60,,114289371
2018,106539968,23,1000,,114286471
2018,107153088,10,,,115103543
2018,107157551,34,6000,,115102052
2018,107153024,38,196,,115103457
2018,107153034,16,25,,115102046
2018,107153034,4,400,,115102045
2018,107153084,23,1100,,115103538
2018,107153088,21,1,,115103544
2018,107153098,10,,,115107288
2018,107153098,21,1,,115107289
2018,107159509,21,550,,115112100
2018,107157585,38,50,,115107291
2018,107159487,38,400,,115112060
2018,107157537,23,1000,,115107236
2018,107153026,6,520,,115103463
2018,107159483,38,145,,115112056
2018,107153086,23,1100,,115112071
2018,107157568,23,1100,20-OCT-18,115107274
2018,106536555,24,800,,114289229
2018,106536556,7,800,,114279739
2018,106536556,25,70,,114279741
2018,106539886,63,1500,,114286351
2018,106539905,10,,,114289274
2018,106538466,19,60,,114281640
2018,106538499,19,1,,114291890
2018,106538500,38,250,,114291891
2018,106538501,63,400,,114291892
2018,106538503,63,200,,114291896
2018,106543182,63,1,,114295761
2018,106543182,25,50,,114295760
2018,106543182,22,0,,114295762
2018,106532427,21,5,,114281703
2018,106532426,38,250,,114281702
2018,106538557,10,,,114291961
2018,106538563,4,180,,114295808
2018,106538563,63,20,,114291975
2018,106536574,38,200,,114289259
2018,117803150,38,6730,,129019325
2018,106536544,15,1000,,114279719
2018,107159503,63,200,,115112087
2018,106543138,11,1,,114291855
2018,106532364,23,900,,114281627
2018,106532365,38,250,,114295657
2018,106543138,10,,,114295711
2018,106543135,63,1,,114295710
2018,106538493,63,2200,,114291883
2018,106543149,63,7800,,114295721
2018,106543149,35,150,,114295722
2018,106538504,38,1000,,114291897
2018,106538505,33,300,,114281669
2018,106532423,26,200,,114281700
2018,106532422,38,350,,114281699
2018,106543197,10,,,114295782
2018,106532435,16,20,,114281715
2018,106532435,4,200,,114281714
2018,106538561,4,250,,114291971
2018,106538561,16,25,,114291972
2018,106539856,38,300,,114286315
2018,106536545,38,200,,114289215
2018,106539849,38,185,,114289218
2018,106530900,38,1,,114279726
2018,106536561,23,600,,114289237
2018,106536561,63,40,,114289238
2018,106539879,10,,,114286339
2018,106536584,4,250,,114289273
2018,106530924,38,250,,114279766
2018,106536589,21,300,,114289281
2018,106536589,8,7,,114289284
2018,106539913,23,800,,114286382
2018,106539913,63,1,,114289300
2018,106539913,9,0,,114286384
2018,106539913,25,100,,114286383
2018,106539919,4,200,,114286387
2018,106539919,16,25,,114286388
2018,106536634,38,250,,114289345
2018,106536636,63,59000,,114286438
2018,106536636,16,20,,114286439
2018,106536673,21,10,,114289396
2018,105990922,38,50,,113602629
2018,105990904,38,3000,,113602609
2018,105990928,38,300,,113607327
2018,105990942,21,100,,113602652
2018,105990942,63,20,,113602653
2018,105991072,9,0,,113602847
2018,105991072,63,10,,113602846
2018,105991072,23,100,,113602845
2018,105991073,63,40,,113607578
2018,105991073,23,500,,113607576
2018,105991116,4,600,,113602907
2018,105987164,26,800,,113607608
2018,105981959,23,1000,,113602687
2018,105990898,21,1,,113599171
2018,105990898,63,25,,113607314
2018,105990898,10,,,113602604
2018,106536552,38,634,,114289225
2018,106539875,38,500,,114279742
2018,106539899,38,100,,114286368
2018,106539912,23,80,,114289298
2018,106539912,19,5,,114286380
2018,106536623,63,5,11-OCT-18,114279800
2018,106539941,63,5,,114289330
2018,106530962,16,40,,114289342
2018,106536632,36,7975,,114279811
2018,106543106,16,1,,114295669
2018,106543106,11,1,,114295671
2018,106543106,10,,,114295668
2018,106543106,21,1,,114295670
2018,106538483,10,,,114281661
2018,106538518,23,800,,114281687
2018,106543188,63,250,,114295768
2018,106532429,10,,,114281705
2018,106543200,38,22,,114295784
2018,106543207,7,1000,,114281716
2018,106543207,23,600,,114281717
2018,106543207,63,30,,114281720
2018,106543207,25,15,,114281721
2018,106538583,38,2500,,114291993
2018,106543203,10,,,114295786
2018,106538562,38,1000,,114291973
2018,106538562,63,250,,114291974
2018,106538568,6,180,,114295814
2018,106538568,23,650,,114295813
2018,106538568,9,0,,114291979
2018,107159469,25,20,,115102036
2018,107159469,20,200,,115102035
2018,107159469,63,740,,115103458
2018,107159469,9,0,,115102037
2018,107153030,16,30,,115103466
2018,107153030,4,300,,115107242
2018,107153032,10,,,115103468
2018,107159474,63,50,,115103472
2018,107153035,25,60,,115107245
2018,107153035,21,60,,115103470
2018,107153035,9,0,,115103471
2018,107157546,10,,,115103477
2018,107157546,11,1,,115103478
2018,107157547,10,,,115103479
2018,107153044,10,,,115103480
2018,107153048,10,,,115103486
2018,107153052,38,249,,115103489
2018,107157550,23,500,,115107256
2018,107159489,25,50,,115103513
2018,105986955,23,200,,113599186
2018,105981945,63,200,,113607346
2018,105981952,6,50,,113607359
2018,105981952,23,100,,113607357
2018,105981950,6,50,17-MAR-18,113607356
2018,105986967,38,400,,113599205
2018,105986985,38,200,,113607388
2018,105986987,20,2,,113599222
2018,105986987,16,25,,113607390
2018,105986988,25,10,,113602698
2018,105986988,17,500,,113607391
2018,105986988,21,160,,113607392
2018,105986988,9,0,,113607394
2018,105986988,63,1,,113607393
2018,105982000,4,100,,113607422
2018,105987045,10,,,113602750
2018,105991025,23,650,,113607499
2018,105991024,23,650,14-SEP-18,113602774
2018,105982069,19,1,,113602780
2018,105982069,63,6,,113599327
2018,105987108,10,,,113602830
2018,105991068,10,,,113607556
2018,105991070,10,,,113607568
2018,105991121,63,25,,113602914
2018,105991121,19,40,,113602913
2018,105991119,38,300,,113599427
2018,107157560,10,,,115107266
2018,107153025,63,100,,115103459
2018,107159477,23,1000,,115107251
2018,107153046,23,1000,23-NOV-18,115107250
2018,107159502,38,500,,115112085
2018,107153081,63,200,,115103533
2018,107153082,63,5,,115103534
2018,107159502,5,1,,115112086
2018,107157574,21,1,,115107281
2018,107157574,10,,,115112075
2018,107159508,20,1,,115112093
2018,107159508,26,260,,115112092
2018,107153103,38,100,,115107290
2018,106538452,4,450,,114295653
2018,106543095,4,631,,114295658
2018,106543116,38,565,,114295684
2018,106538502,25,10,,114291893
2018,106538502,9,0,,114291895
2018,106538502,63,1,,114291894
2018,106543150,33,101,,114295723
2018,106538531,35,1,,114291932
2018,106538549,38,1855,,114291955
2018,106532449,10,1,,114281742
2018,106532449,9,0,,114281743
2018,106532449,63,13,,114281741
2018,106538539,21,1,,114291942
2018,106543198,38,100,,114295783
2018,106532434,10,,,114281712
2018,106532434,21,1,,114281713
2018,106538569,20,7,,114295815
2018,106530971,26,350,,114286443
2018,106536639,38,250,,114289351
2018,106539953,63,500,,114286446
2018,106531006,38,300,,114289388
2018,117796862,63,25,,129022466
2018,106539871,16,25,,114279740
2018,106539843,38,100,,114286302
2018,106539858,38,300,,114286318
2018,106539871,4,600,,114286326
2018,106539844,38,300,,114286303
2018,106539846,23,50,,114289213
2018,106539846,63,20,,114289214
2018,106536548,38,300,,114279728
2018,106530904,38,500,,114289233
2018,106536557,4,600,,114286327
2018,106536557,16,30,,114286329
2018,106536562,4,1500,,114289239
2018,106539885,38,300,,114289261
2018,106530918,38,500,,114279759
2018,106536580,38,2500,,114289266
2018,106536583,4,250,,114289272
2018,106530903,38,500,,114289232
2018,106539882,10,,,114279755
2018,106539900,23,800,,114286369
2018,106536575,63,200,11-SEP-18,114289260
2018,106539884,63,200,,114286346
2018,106536577,38,100,,114289262
2018,106530916,6,70,,114279756
2018,106536578,23,800,,114289263
2018,106539888,17,200,,114286355
2018,106539906,38,1,,114286373
2018,106539906,5,500,,114286372
2018,106530926,38,3215,,114289275
2018,106530931,23,600,,114289285
2018,106536597,21,33,,114289293
2018,106536597,10,,,114289294
2018,106530938,23,300,,114279772
2018,106530939,63,30,,114279774
2018,106530939,9,0,,114279775
2018,106539916,63,30,27-AUG-18,114279773
2018,106530941,10,,,114279779
2018,106536611,38,400,,114286397
2018,106536613,63,50,,114279791
2018,106536613,23,600,,114286401
2018,106539929,63,1,,114286402
2018,106539929,26,20,,114279792
2018,106539929,23,800,,114279789
2018,106539929,21,30,,114279790
2018,106536615,5,150,,114286403
2018,106536619,38,150,,114289323
2018,106539933,16,25,,114286409
2018,106539933,21,10,,114286410
2018,106539933,9,0,,114286411
2018,106539933,63,40,,114286408
2018,106539937,63,100,,114286416
2018,106539942,38,200,,114286423
2018,106539943,21,30,,114286424
2018,106539943,19,30,,114286425
2018,106539948,63,126,,114289344
2018,106530970,38,250,,114286441
2018,106539952,38,210,,114286445
2018,106536642,23,1000,,114289354
2018,106536642,63,10,,114289355
2018,106539957,36,631,,114286454
2018,106539963,38,50,,114286467
2018,106539965,63,150,,114289369
2018,106539966,23,500,,114289370
2018,106539971,16,30,,114289377
2018,106539973,4,500,,114279850
2018,106536660,38,250,,114289378
2018,106536662,10,,,114286479
2018,106536663,38,564,,114289384
2018,106531005,10,,,114286483
2018,106536669,9,0,,114289392
2018,106536669,63,10,,114289391
2018,106536669,23,283,,114289390
2018,106531007,16,40,,114286487
2018,106531007,4,1500,,114286486
2018,106531008,4,100,28-AUG-18,114289394
2018,106531009,4,100,,114279859
2018,106531009,63,10,,114289395
2018,106539914,23,200,,114286385
2018,106530942,63,50,,114289310
2018,106530942,7,1000,,114289309
2018,106539920,63,50,05-OCT-18,114289307
2018,106539925,38,30,,114286398
2018,106539935,9,0,,114286414
2018,106530967,23,600,,114279815
2018,106530992,63,120,,114279840
2018,106539983,10,,,114289399
2018,106531012,38,500,,114286498
2018,106536685,21,100,,114286501
2018,106531017,4,949,,114279871
2018,106531016,16,56,,114279870
2018,106539993,38,250,,114286510
2018,106539994,38,2500,,114286511
2018,106531020,23,400,,114279873
2018,106539998,38,1854,,114286519
2018,106536606,16,25,,114289311
2018,106536606,4,600,,114286390
2018,106536620,9,0,,114286413
2018,106536620,63,1,,114279794
2018,106536620,25,200,,114286412
2018,106530977,23,800,,114286449
2018,106530981,38,500,,114279830
2018,106536657,38,200,,114289374
2018,106531000,7,600,,114286474
2018,106536693,38,300,,114286517
2018,106530975,63,2000,,114286448
2018,106539988,63,150,28-AUG-18,114286503
2018,106539988,4,600,28-AUG-18,114286502
2018,106536686,4,600,,114289411
2018,106536686,63,150,,114289412
2018,106536687,20,100,,114289415
2018,106532362,63,250,,114295652
2018,106538458,9,0,27-OCT-18,114291811
2018,106543090,38,207,,114295645
2018,106538455,23,700,,114291809
2018,106543097,9,0,,114295662
2018,106543097,21,50,,114295660
2018,106543097,63,150,,114295659
2018,106543089,6,250,,114295644
2018,106538457,10,,,114281629
2018,106538458,63,130,27-OCT-18,114281631
2018,106538460,23,500,,114291813
2018,106543100,4,900,,114291816
2018,106543100,63,210,,114291817
2018,106532367,63,500,,114295664
2018,106543104,13,1,,114295666
2018,106543104,10,,,114291820
2018,106543104,21,629,,114295665
2018,106543105,38,200,,114295667
2018,106543108,25,30,,114295673
2018,106538462,63,230,,114291821
2018,106543109,23,100,,114295674
2018,106543111,38,1,,114295676
2018,106543101,23,389,02-NOV-18,114291818
2018,106543111,25,40,,114295675
2018,106543111,20,100,,114281635
2018,106543111,63,70,,114291826
2018,106543111,23,350,,114291824
2018,106543111,21,100,,114291825
2018,106543110,38,1,31-OCT-18,114281634
2018,106543110,63,25,31-OCT-18,114291823
2018,106543110,25,40,31-OCT-18,114291822
2018,106538465,38,500,,114291835
2018,106532370,38,250,,114295679
2018,106543115,10,,,114295682
2018,106543115,11,1,,114295683
2018,106538467,16,50,,114291838
2018,106538467,4,300,,114295686
2018,106543119,23,500,,114295690
2018,106538472,10,,,114295693
2018,106543124,10,,,114295694
2018,106538474,21,55,,114281644
2018,106532375,23,800,,114295696
2018,106532375,19,7,,114295698
2018,106532375,63,16,,114295697
2018,106543132,63,100,10-NOV-18,114295701
2018,106532378,9,0,,114281649
2018,106532378,6,40,,114295708
2018,106532378,63,130,,114295705
2018,106532378,25,5,,114281647
2018,106532378,23,650,,114295703
2018,106543139,10,,,114295712
2018,106538479,11,1,,114281652
2018,106538480,63,100,,114291857
2018,106532384,38,450,,114291856
2018,106532385,24,150,,114291858
2018,106532386,38,150,,114291860
2018,106543142,25,20,,114295715
2018,106543142,9,0,,114291861
2018,106543142,63,1,,114295716
2018,106538482,63,500,,114291862
2018,106532390,38,250,,114281662
2018,106532391,10,,,114281665
2018,106532396,63,200,,114291900
2018,106532396,33,140,,114291901
2018,106538508,38,400,,114295728
2018,106543156,63,100,,114295729
2018,106532398,9,0,,114281673
2018,106532398,63,1,,114281672
2018,106532399,63,6,,114281674
2018,106543167,38,400,,114295737
2018,106532401,63,2,,114281678
2018,108630289,4,200,,116996288
2018,108634904,38,377,,116998887
2018,108630328,23,499,,116996343
2018,106532401,16,90,,114281676
2018,106532401,7,600,,114291910
2018,106532401,21,2,,114281680
2018,106532401,25,20,,114281677
2018,106538513,38,150,,114291909
2018,106543172,4,175,,114295743
2018,106538516,25,25,,114281683
2018,106538516,9,0,,114291914
2018,106538516,21,100,,114291913
2018,106538519,38,300,,114291916
2018,106538519,5,1,,114281688
2018,106532408,38,150,,114295750
2018,106532411,63,50,,114281690
2018,106543177,3,2000,20-NOV-18,114295753
2018,106538520,3,2000,,114295754
2018,106538520,23,1000,,114291918
2018,106543178,25,30,,114291920
2018,106543178,9,0,,114295755
2018,106543178,21,400,,114291919
2018,106532413,10,,,114291922
2018,106538522,10,,,114291923
2018,106543187,38,400,,114295767
2018,106532414,13,800,,114281692
2018,106543191,36,152,,114295770
2018,106532418,38,200,,114295774
2018,106532419,63,55,,114295775
2018,106532419,7,550,,114281697
2018,106538534,21,100,,114291935
2018,106543194,38,150,,114295779
2018,106543196,21,20,,114295781
2018,106543199,20,50,,114291943
2018,106532430,21,20,,114281707
2018,106543202,23,500,,114291944
2018,106538540,63,2,,114291945
2018,106538543,23,800,28-NOV-18,114281709
2018,106538544,23,800,,114291948
2018,106538548,38,250,,114295791
2018,106543206,63,750,,114281719
2018,106543209,10,,,114281722
2018,106543210,10,,,114291956
2018,106538552,63,1,25-OCT-18,114291959
2018,106538553,63,1,,114295795
2018,106532441,10,,,114295797
2018,106543215,23,900,,114281735
2018,106543219,38,1906,,114295804
2018,106543184,21,100,,114295764
2018,106543208,23,730,,114291954
2018,106538560,4,750,,114291970
2018,106539853,4,600,,114286313
2018,106530896,36,650,,114279718
2018,106539848,23,600,,114279720
2018,106536547,38,300,,114279727
2018,106539853,16,30,,114286314
2018,106539864,63,150,,114279736
2018,106539872,38,150,,114289230
2018,106539874,16,120,,114286331
2018,106530919,38,900,,114286364
2018,106536586,4,800,,114289278
2018,106530995,24,1550,,114289366
2018,106530995,63,150,,114279844
2018,106539990,63,300,,114286505
2018,106538564,38,85,,114281744
2018,106532452,3,250,,114281746
2018,106532454,63,100,,114281747
2018,106532455,16,25,,114281750
2018,106532455,4,317,,114281749
2018,106538570,38,300,,114291982
2018,106538574,25,1000,,114295820
2018,106538574,23,2000,,114295819
2018,106538582,38,250,,114291992
2018,106536598,38,200,,114286377
2018,106539897,38,500,,114286366
2018,106536590,4,1500,,114289287
2018,106536594,38,185,,114279770
2018,106530940,38,200,,114279777
2018,106539936,63,500,,114286415
2018,106536650,38,70,,114289360
2018,106531003,38,20,,114289381
2018,106530905,9,0,,114289241
2018,106530905,63,1,,114289240
2018,106530905,25,75,,114279743
2018,106530905,21,70,,114279744
2018,106539880,16,20,,114286342
2018,106539881,4,800,,114279754
2018,106536581,38,156,,114286365
2018,106530937,25,15,,114289302
2018,106530937,9,0,,114289304
2018,106530937,21,60,,114289301
2018,106530937,63,1,,114289303
2018,106539939,11,1,,114286417
2018,106539939,10,,,114289325
2018,106539940,9,0,,114279798
2018,106539940,25,400,,114286421
2018,106539940,16,2,,114286422
2018,106539940,21,320,,114289328
2018,106539940,23,650,,114286420
2018,106539940,63,175,,114289329
2018,106539940,20,10,,114279797
2018,106539940,19,1,,114279799
2018,117796864,38,250,,129027406
2018,106536550,21,5,,114289220
2018,106539842,23,100,,114286301
2018,106536550,63,1,,114289221
2018,106536550,16,10,,114279730
2018,106536550,25,15,,114279729
2018,106536560,25,15,,114289236
2018,106536559,25,15,17-MAR-18,114289235
2018,106530908,7,500,,114289246
2018,106530908,19,1000,,114289245
2018,106530907,38,1,,114286334
2018,106539889,38,300,,114286356
2018,106536585,63,35,,114289277
2018,106536585,23,800,,114289276
2018,106536605,16,5,,114289308
2018,106536608,4,150,,114279780
2018,106536614,23,600,,114289317
2018,106536621,38,350,,114289327
2018,106539958,35,100,,114286455
2018,106530987,63,50,,114286460
2018,106536651,63,48,,114286458
2018,106536681,63,30,,114289406
2018,106536681,26,7000,,114279865
2018,106536681,7,200,,114286497
2018,106543147,63,30,,114281660
2018,106538449,38,250,,114295648
2018,106543131,10,,,114295700
2018,106543147,23,400,,114291864
2018,106543176,38,200,,114295752
2018,106538538,63,1,,114291941
2018,109983847,63,150,,118763875
2018,106538572,9,0,,114295817
2018,106538572,25,10,,114291981
2018,106538572,20,25,,114295816
2018,106538572,63,1,,114295818
2018,106538572,23,60,,114291980
2018,106538495,63,265,,114291885
2018,106532379,10,,,114291849
2018,106532379,21,1,,114291852
2018,106532379,13,1,,114291851
2018,106538495,19,50,,114291886
2018,106538494,38,200,,114291884
2018,106538497,38,300,,114291888
2018,106538498,38,800,,114291889
2018,106538509,16,30,,114281671
2018,106538509,4,475,,114291903
2018,106543183,26,30,,114295763
2018,106543183,23,1000,,114281691
2018,106532432,38,20,,114281710
2018,106543221,38,35,,114295806
2018,106536543,38,300,,114286305
2018,106530897,23,800,,114286308
2018,106532450,36,310,,114291976
2018,106543189,38,225,,114281693
2018,106532425,6,20,,114295778
2018,106532424,38,300,,114281701
2018,106532457,38,130,,114281752
2018,108630281,63,80,,116996279
2018,108639943,38,110,,117002716
2018,105986993,63,1,,113599230
2018,105986990,20,80,,113599226
2018,105986990,8,10,,113599227
2018,105986993,9,0,,113599229
2018,105986993,23,800,,113602705
2018,105982017,10,,,113607439
2018,105982044,10,,,113599287
2018,105987046,10,,,113599298
2018,105987046,63,1,,113602751
2018,105987046,21,1,,113602752
2018,105987064,16,20,,113599322
2018,105987064,4,300,,113602776
2018,105986954,63,10,,113599183
2018,105990896,23,900,,113602602
2018,105990895,23,900,28-AUG-18,113602601
2018,105986941,10,,,113599170
2018,105986954,25,20,,113599182
2018,105990929,25,20,27-JUN-18,113602639
2018,105981936,16,20,,113602641
2018,105981936,4,100,,113599185
2018,105986979,6,200,,113599214
2018,105986979,63,75,,113599215
2018,105986978,38,400,,113599213
2018,105981967,38,150,,113607377
2018,105981968,23,250,,113607378
2018,105981969,38,228,,113599220
2018,105991020,11,1,,113602764
2018,105991020,10,,,113602763
2018,105987063,4,250,,113607501
2018,105987123,23,1000,,113599382
2018,106539902,38,250,,114289269
2018,106539891,16,80,,114289264
2018,106536582,4,129,,114279761
2018,106536582,16,10,,114289267
2018,106530930,10,,,114289283
2018,106530932,38,150,,114286375
2018,106539921,10,,,114286391
2018,106536644,38,300,,114286451
2018,106530980,3,24000,,114279829
2018,106530991,38,690,,114286463
2018,106536682,23,1550,,114289407
2018,106536682,63,150,,114289408
2018,106536692,16,20,,114286516
2018,106536692,38,1000,,114286515
2018,106543128,63,500,,114295695
2018,106538567,23,400,,114291978
2018,106538566,38,300,,114281748
2018,106532360,23,500,,114281622
2018,106532360,63,50,,114281623
2018,106532359,63,30,05-OCT-18,114295647
2018,106543141,23,600,,114291859
2018,106543190,7,1300,,114295769
2018,106538533,3,7500,,114291934
2018,106543122,19,450,06-NOV-18,114295691
2018,106532373,63,100,,114295689
2018,106532373,38,200,,114295688
2018,106543118,38,750,,114291839
2018,106543146,38,500,,114295720
2018,106543193,23,500,,114281698
2018,106543193,6,100,,114295777
2018,106543193,26,100,,114291936
2018,106538554,10,,,114291960
2018,106539887,16,20,,114286354
2018,106536563,63,95,,114289242
2018,106536564,4,150,,114289243
2018,106536564,16,15,,114289244
2018,106539887,4,199,,114286352
2018,106539895,63,1,,114286362
2018,106539895,9,0,,114286360
2018,106539895,25,50,,114286359
2018,106539895,26,100,,114279758
2018,106530923,38,50,,114279765
2018,106530927,38,1175,,114279767
2018,106536587,21,9,,114289279
2018,106536603,23,400,,114289306
2018,106536602,23,400,09-OCT-18,114279778
2018,106536638,20,754,,114279819
2018,106536638,25,30,,114279820
2018,106536638,22,0,,114289350
2018,106530974,6,350,,114279824
2018,106530985,3,3000,30-AUG-18,114279836
2018,106530986,3,3000,,114279837
2018,106539961,38,60,,114286461
2018,106536654,16,20,,114286465
2018,106536654,4,135,,114286464
2018,106530998,38,300,,114279846
2018,105990954,63,50,,113599200
2018,105981946,16,10,,113607350
2018,105981946,4,99,,113602664
2018,105990953,63,50,10-MAR-18,113602677
2018,105990954,23,250,,113599199
2018,105986982,63,300,,113599218
2018,105981966,38,600,,113599219
2018,105981966,16,800,,113607376
2018,105986986,38,150,,113599223
2018,105991021,23,525,,113602765
2018,105982063,38,250,,113602769
2018,105991035,63,1,,113602789
2018,105991035,21,20,,113602788
2018,105991035,23,400,,113602787
2018,105991058,38,500,,113602821
2018,105982105,38,723,,113607545
2018,105982106,38,3848,,113607546
2018,105987106,25,20,,113607552
2018,105987106,63,130,,113599366
2018,105982117,21,1,,113607562
2018,105982117,10,,,113607561
2018,105982117,63,1,,113607564
2018,105982117,8,1,,113602840
2018,105982117,11,1,,113602841
2018,105991075,23,600,,113607579
2018,105991115,38,400,,113607603
2018,105987158,63,100,,113599419
2018,105987167,10,,,113607613
2018,105987167,26,1,,113599430
2018,105987167,8,1,,113607614
2018,105982149,25,250,31-JUL-18,113607615
2018,105982150,20,1400,,113607616
2018,105982150,9,0,,113607618
2018,105982150,25,450,,113607617
2018,105990909,63,12,,113602617
2018,105990909,16,594,,113607321
2018,105990909,20,2,,113602618
2018,105987009,10,,,113607426
2018,105991028,10,,,113599326
2018,105987065,63,999,,113599328
2018,105982073,10,,,113599332
2018,105982144,26,100,,113602916
2018,105982144,63,1,,113607606
2018,105991122,38,250,,113602915
2018,105982146,63,1,,113607612
2018,107153037,38,50,,115102047
2018,105987126,4,650,,113602854
2018,105987117,23,200,05-JUL-18,113602843
2018,105982120,21,1,,113607572
2018,105982120,23,200,,113607569
2018,105987126,63,10,,113602855
2018,107153090,21,1,,115103546
2018,107157540,38,400,,115103464
2018,107157543,23,600,,115107244
2018,107153090,10,,,115107278
2018,106532404,38,1854,,114281682
2018,106538571,38,400,,114291983
2018,106543113,23,1000,,114295678
2018,106543161,10,,,114295734
2018,106532409,10,,,114295751
2018,106532428,9,0,,114281704
2018,105990976,23,400,,113599247
2018,105987010,21,20,,113599248
2018,105982053,11,1,,113607485
2018,105982071,63,15,,113607504
2018,105991057,21,660,,113602820
2018,105991011,6,175,,113602753
2018,105982070,38,150,,113599329
2018,105987067,10,,,113599331
2018,107159470,20,30,,115103460
2018,107159470,9,0,,115103461
2018,107159470,63,1,,115103462
2018,107159501,23,1000,23-NOV-18,115107287
2018,107157569,10,,,115103541
2018,107157569,21,1,,115103542
2018,106539903,7,660,,114286370
2018,106539867,38,200,,114286324
2018,106536553,23,800,,114279738
2018,106536553,63,40,,114289226
2018,106539903,16,50,,114279764
2018,106539903,63,50,,114279763
2018,106530922,38,50,,114289271
2018,106530928,6,60,09-SEP-18,114279768
2018,106536588,6,60,,114289280
2018,106530935,63,1600,,114286379
2018,106530950,23,700,,114279787
2018,106530957,16,10,,114289335
2018,106530957,4,1300,,114289334
2018,106530969,20,5,,114279816
2018,106530969,63,50,,114286434
2018,106530969,23,800,,114286433
2018,106530968,63,50,20-SEP-18,114289347
2018,106531002,4,99,,114286475
2018,106531002,63,30,,114286476
2018,106531001,16,20,,114279849
2018,115759461,23,1200,,126472046
2018,115754780,6,300,,126474227
2018,115754780,21,300,,126474226
2018,115754780,23,300,,126474228
2018,105991120,25,40,,113602911
2018,105991120,23,300,,113602910
2018,105991120,63,1,,113602912
2018,106530898,25,10,,114279721
2018,106530898,63,1,,114286309
2018,106530898,9,0,,114279723
2018,106530898,22,0,,114279722
2018,106536549,38,100,,114289219
2018,106530915,10,,,114289254
2018,106530934,16,150,,114286376
2018,106530933,38,200,,114289292
2018,106536600,4,500,,114289299
2018,106530936,16,50,,114286381
2018,106530945,21,300,,114279783
2018,106539931,38,500,,114289319
2018,106536618,23,750,,114289322
2018,106536641,63,1750,,114289353
2018,106536656,23,400,,114289363
2018,106536656,63,20,,114289364
2018,106539969,6,40,,114286473
2018,106543173,23,175,,114281684
2018,106543102,8,100,,114291819
2018,106543125,38,100,,114291844
2018,106543173,63,2,,114281686
2018,106543173,25,25,,114281685
2018,108634893,63,1,30-DEC-18,117002726
2018,108634893,23,700,30-DEC-18,116998866
2018,108634893,9,0,30-DEC-18,117002727
2018,108634893,16,15,30-DEC-18,116998867
2018,108634894,63,1,,117002729
2018,108634894,16,15,,117002728
2018,108634894,23,700,,116998868
2018,108634894,9,0,,116998869
2018,106538546,11,1,,114291951
2018,106538546,10,,,114295790
2018,106538546,25,1,,114291950
2018,108639954,63,500,,117002731
2018,106532462,38,200,,114281757
2018,108639962,38,200,,117002739
2018,108630295,63,80,,117002741
2018,108640006,63,1,,116996333
2018,108640006,9,0,,116996330
2018,108640006,21,200,,117002790
2018,108640006,25,40,,117002792
2018,107153036,63,1,,115107247
2018,107153065,23,250,,115103504
2018,105982004,23,600,,113607428
2018,105990958,21,25,,113607361
2018,105990958,63,20,,113602681
2018,105990965,63,450,,113607375
2018,105982004,63,20,,113607429
2018,105987120,4,300,,113599379
2018,105991084,23,200,,113602863
2018,105991083,23,200,27-JUN-18,113602862
2018,105987146,10,,,113599410
2018,106532361,38,200,,114281625
2018,106543114,25,100,12-JUL-18,114281639
2018,106532371,23,200,,114295680
2018,106532371,25,100,,114295681
2018,106543192,23,449,,114295771
2018,106532406,25,10,,114295746
2018,106532406,63,20,,114295745
2018,106532406,9,0,,114295747
2018,106543192,6,190,,114295772
2018,106543192,63,85,,114295773
2018,106543201,38,400,,114281706
2018,106538580,21,31,,114291989
2018,105990938,9,0,,113607341
2018,105990907,38,100,,113602615
2018,105990938,63,1,,113607340
2018,105990938,25,15,,113607339
2018,105990938,21,50,,113607338
2018,105986974,38,450,,113599210
2018,105987022,3,30000,03-SEP-18,113599262
2018,105982012,3,30000,,113607435
2018,105987047,10,,,113599299
2018,105982050,25,50,,113607482
2018,105982049,25,50,10-AUG-18,113607481
2018,105982079,38,500,,113602800
2018,105987102,21,730,,113607548
2018,105987105,4,500,,113607551
2018,105982113,21,1,,113602835
2018,105982113,10,,,113602833
2018,105982113,63,1,,113602834
2018,107153087,6,5,,115107275
2018,107153087,21,60,,115103539
2018,107153087,63,3,,115103540
2018,107157573,10,,,115107280
2018,107157582,38,500,,115112095
2018,107157582,24,1,,115112096
2018,105982121,63,25,,113607573
2018,107153045,10,,,115107249
2018,107157538,63,250,,115107238
2018,107153029,38,400,,115103465
2018,107153031,26,1400,,115103467
2018,107159480,38,100,,115107255
2018,107153056,23,950,,115103493
2018,107153057,10,,,115103494
2018,106539924,36,250,,114286396
2018,106530892,25,10,,114279713
2018,106536551,23,699,,114289222
2018,106539859,23,1100,,114289223
2018,106539951,63,20,,114286437
2018,106539951,23,200,,114289348
2018,106539989,63,50,,114286504
2018,115759456,63,13,,126477147
2018,115759456,23,100,,126474253
2018,115759456,16,5,,126477148
2018,106539857,38,100,,114286316
2018,106536542,23,200,,114289211
2018,106539857,3,1,,114286317
2018,106530895,22,0,,114279717
2018,106530895,26,100,,114286304
2018,106530895,63,20,,114279716
2018,106539863,38,375,,114286323
2018,106539877,4,300,,114286333
2018,106536565,26,1,02-OCT-18,114289247
2018,106539894,38,150,,114286361
2018,106536599,16,15,,114289297
2018,106536599,4,1540,,114286378
2018,106536610,63,100,,114286392
2018,106530947,38,250,,114279785
2018,106539926,38,500,,114286399
2018,106539927,38,190,,114286400
2018,106539930,63,50,,114289318
2018,106539938,23,850,,114279795
2018,106539944,63,1500,,114279801
2018,106536643,26,100,,114286450
2018,106530982,38,300,,114279831
2018,106536649,63,50,,114286457
2018,106530988,63,75,,114289361
2018,106530988,38,75,,114286459
2018,106530993,23,200,,114279842
2018,106530964,38,125,,114279814
2018,106536646,3,11000,,114289356
2018,106539962,38,100,,114286466
2018,106530993,25,5,,114286469
2018,106530993,16,5,,114286468
2018,106530997,20,5,,114279845
2018,106530996,38,100,,114289368
2018,106539970,4,250,,114286477
2018,106539981,10,,,114289397
2018,106536679,25,25,,114289405
2018,106536679,23,500,,114279864
2018,106536679,21,84,,114286496
2018,106531011,25,25,29-AUG-18,114279863
2018,106531011,23,500,28-AUG-18,114289404
2018,105987028,10,,,113602730
2018,105982052,23,750,,113607484
2018,105987058,38,200,,113599313
2018,105987103,38,400,,113607549
2018,105982107,38,150,,113602826
2018,105981970,23,799,,113602695
2018,105990966,23,799,10-SEP-18,113602694
2018,105981975,38,150,,113607384
2018,106532465,63,250,,114281759
2018,105986975,10,,,113599211
2018,106532392,38,120,,114281666
2018,106543091,24,1500,,114295646
2018,106543120,38,500,,114291843
2018,106543148,10,,,114281664
2018,106532393,63,20,,114291875
2018,106532393,25,50,,114291874
2018,106532393,6,160,,114291873
2018,106532393,22,0,,114281667
2018,106532393,17,500,,114291872
2018,106538490,23,700,,114291877
2018,106532400,10,,,114291904
2018,106532421,10,,,114295776
2018,106532436,63,2002,,114291953
2018,109993879,38,250,,118754069
2018,109993880,38,200,,118754070
2018,107153040,10,,,115103475
2018,107159476,10,,,115103476
2018,107153049,10,,,115103487
2018,107157553,63,100,,115107258
2018,107159481,63,100,12-DEC-18,115112053
2018,107153047,23,1000,,115103481
2018,107153047,63,25,,115103482
2018,107157586,63,300,,115103560
2018,106543126,10,,,114281642
2018,106538450,16,20,,114291808
2018,106538451,4,150,,114295651
2018,106543117,23,150,,114295685
2018,106543154,31,2400,,114291902
2018,106543169,4,700,,114281679
2018,106538535,26,300,,114291937
2018,106538535,21,50,,114291938
2018,106543195,38,200,,114295780
2018,106538565,38,863,,114291977
2018,106532456,38,293,,114281751
2018,105990897,10,,,113599172
2018,105981937,38,150,,113599188
2018,105990943,25,50,,113602656
2018,105990943,63,1,,113602659
2018,105990943,9,0,,113602658
2018,105990943,21,50,,113607344
2018,105981947,25,2,,113607349
2018,105981953,38,200,,113599203
2018,105981954,26,300,,113607360
2018,105982088,6,80,,113602818
2018,105982088,25,30,,113607527
2018,105982088,63,75,,113602819
2018,105987091,6,80,20-FEB-18,113607525
2018,105987091,63,75,20-FEB-18,113599353
2018,105987100,23,300,,113599363
2018,105991071,38,100,,113599375
2018,105987030,38,6400,,113602733
2018,105990994,38,4900,,113602732
2018,107159479,26,1,,115103484
2018,107159479,10,,,115102051
2018,107159479,21,1,,115103485
2018,107159479,63,1,,115103483
2018,107157584,23,700,,115112099
2018,107153095,20,20,,115103551
2018,105982108,63,50,,113607547
2018,107153064,10,,,115103500
2018,107153069,38,250,,115107261
2018,107157563,63,1,,115107267
2018,107157563,11,1,,115103525
2018,107157563,10,,,115107268
2018,107157563,21,130,,115112066
2018,107157578,23,500,,115103553
2018,107153096,23,500,17-OCT-18,115103552
2018,107153100,4,300,,115103557
2018,105990940,10,,,113602651
2018,105981942,63,100,,113602655
2018,105981942,36,100,,113602657
2018,105981942,26,50,,113607343
2018,105990964,16,1,,113602693
2018,105990964,25,60,,113602692
2018,105990964,23,800,,113602691
2018,105982056,63,150,,113607487
2018,105987070,38,950,,113602782
2018,106538468,10,,,114295687
2018,106543092,38,196,,114295649
2018,106543092,5,1,,114295650
2018,106532363,26,95,,114281626
2018,106532380,10,,,114295713
2018,106538486,15,2000,,114281663
2018,106538488,10,,,114291868
2018,106543163,63,60,,114295736
2018,106543164,63,30,,114291905
2018,106538547,63,700,,114291952
2018,106538575,38,1500,,114291984
2018,106538581,23,175,,114291990
2018,106538581,63,15,,114291991
2018,106532382,63,100,,114295714
2018,106543094,38,200,,114291810
2018,106543129,63,20,,114291847
2018,106543129,23,1300,,114295699
2018,106538484,23,1200,,114291866
2018,106532394,5,100,,114291876
2018,106532397,38,100,,114295725
2018,106543155,63,150,,114295727
2018,106538532,23,250,,114291933
2018,106532431,19,20,,114295787
2018,106532433,4,179,,114281711
2018,106532442,10,,,114295798
2018,106532442,11,1,,114291962
2018,106532447,4,50,,114291969
2018,106532451,11,1,,114281745
2018,106543226,23,210,,114295812
2018,106532464,23,400,,114281758
2018,109983827,63,150,,118754056
2018,109989052,4,430,,118759153
2018,107159478,10,,,115102050
2018,107153055,23,500,,115103492
2018,107153063,23,580,,115103501
2018,107153072,11,1,,115103519
2018,107153072,63,1,,115103516
2018,107153073,19,4,,115103520
2018,109993883,23,400,,118763865
2018,107153073,63,1,,115103522
2018,107153073,9,0,,115103521
2018,107153073,21,400,,115103517
2018,107153073,25,120,,115103518
2018,107157559,63,1,16-DEC-18,115107265
2018,107157559,25,40,16-DEC-18,115107264
2018,109993825,38,126,,118763806
2018,109993828,63,150,,118753997
2018,109983788,38,35,,118763811
2018,106539908,10,,,114289289
2018,106539860,23,550,,114286319
2018,106539861,25,100,,114286320
2018,106536591,21,660,07-OCT-18,114289288
2018,106536593,21,660,,114286374
2018,106539917,10,,,114279776
2018,106536616,38,3900,,114286405
2018,106536616,26,150,,114289320
2018,106539932,38,730,,114286404
2018,106536630,63,1,,114289340
2018,106536630,25,20,,114289338
2018,106536630,9,0,,114289341
2018,109993838,23,100,,118763819
2018,108640014,23,235,,116998941
2018,108630324,25,30,,116998935
2018,108630324,63,10,,116996335
2018,108630324,17,20,,116998936
2018,108630324,19,2,,116996339
2018,108630324,23,140,,116996334
2018,115764512,21,160,,126474245
2018,115764527,38,126,,126477156
2018,115764586,23,400,,126477224
2018,108634906,63,800,,116998892
2018,108630283,38,375,,116996284
2018,108639963,63,130,,116998893
2018,108639967,23,200,,116998896
2018,108639969,4,200,,117002752
2018,108639972,38,546,,117002756
2018,108634914,38,200,,116998904
2018,108634915,21,2,,116998905
2018,108639986,38,300,,116998912
2018,108640002,38,574,,117002785
2018,108639987,23,1000,,117002774
2018,108639946,38,2200,,117002721
2018,108639958,38,1000,,117002736
2018,108639942,19,545,,117002715
2018,108639956,3,5000,,116996289
2018,108639959,63,1,,117002737
2018,108639959,20,2,,116998888
2018,108639960,38,500,,117002740
2018,108634905,38,200,,116998890
2018,108639966,63,30,,117002745
2018,108639966,23,800,,116996296
2018,108634911,23,50,,117002755
2018,108634911,25,300,,117002754
2018,108639977,3,6000,,117002762
2018,108639979,19,100,,117002763
2018,108630316,9,0,,116996323
2018,108630316,63,1,,116996324
2018,108640016,25,300,,117002805
2018,108640016,63,1,,116998944
2018,108639983,9,0,,117002771
2018,108639983,63,1,,117002772
2018,108639983,25,50,,117002770
2018,108639983,21,3,,116998908
2018,108639982,25,30,08-APR-18,117002769
2018,108634920,25,15,,116996316
2018,108634920,63,50,,116996315
2018,108634920,20,50,,116996314
2018,108634920,9,0,,116996317
2018,108630310,38,200,,117002776
2018,108634928,20,22,,116998928
2018,108634928,63,1,,116996327
2018,108634928,23,550,,117002787
2018,108634928,13,50,,117002788
2018,108640015,38,170,,116996340
2018,108640015,19,20,,116998942
2018,108640015,22,0,,116996341
2018,109993888,63,300,,118763870
2018,108639961,63,50,,116998891
2018,108639961,25,150,,117002738
2018,108639961,21,700,,116996295
2018,108630297,16,25,,116998897
2018,108630297,4,509,,116996297
2018,108639975,23,100,,117002759
2018,108639975,16,80,,117002760
2018,108639974,16,80,02-DEC-18,117002758
2018,108639974,23,100,02-DEC-18,117002757
2018,108639976,23,1000,,117002761
2018,108630307,23,400,,116996308
2018,108639980,21,350,,117002765
2018,108639980,23,500,,117002764
2018,108639995,63,20,,116998920
2018,108639995,23,200,,116998919
2018,108634950,23,850,,117002821
2018,108634959,13,700,,117002834
2018,108634959,63,100,,117002835
2018,108634959,19,80,,117002836
2018,108634929,38,500,,116998929
2018,108639980,16,100,,117002766
2018,108634917,63,350,,116998909
2018,108640011,23,150,,116998933
2018,108634935,16,75,15-AUG-18,116998946
2018,108630329,16,75,,116996344
2018,108634934,38,400,,116998945
2018,108639988,21,6,,116998913
2018,108630285,63,1,,116996285
2018,108639945,26,1000,,117002720
2018,108639945,7,1200,,117002719
2018,108639944,38,300,,117002718
2018,108639949,38,264,,117002722
2018,108630330,38,400,,116996345
2018,108634933,4,189,,116998940
2018,108630284,63,1500,,116998861
2018,108639951,6,30,,117002725
2018,108639951,7,800,,117002724
2018,108634897,6,30,,116998872
2018,108634900,24,2000,,116998882
2018,108630294,23,1000,,116996293
2018,108630294,25,50,,116996294
2018,117807527,16,90,,129027399
2018,117796876,23,1,,129022490
2018,109989029,9,0,,118754004
2018,109983786,38,500,,118763801
2018,109983789,25,50,24-OCT-18,118754002
2018,109989029,63,1,,118759111
2018,109989029,7,400,,118754003
2018,109989029,21,30,,118763812
2018,109989029,25,90,,118759110
2018,109993834,16,30,,118763817
2018,109993834,4,1000,,118754011
2018,109983852,63,300,,118754089
2018,109989059,63,150,,118763880
2018,109988994,4,300,,118759070
2018,109989028,21,220,,118753999
2018,109989028,23,500,,118753998
2018,109983839,38,500,,118754075
2018,109983841,20,10,,118754078
2018,109983841,26,35,,118754077
2018,109983841,9,0,,118754079
2018,109983841,21,40,,118754076
2018,109993822,4,100,,118763802
2018,109993824,63,125,,118753995
2018,109993824,9,0,,118753996
2018,109993824,23,200,,118763804
2018,109983798,19,30,,118754012
2018,109983798,16,25,,118754013
2018,109983798,4,500,,118763818
2018,109993884,38,25,,118763866
2018,109989045,63,692,,118759139
2018,109993862,38,200,,118763844
2018,109993863,63,20,,118759140
2018,115754912,38,75,,126477315
2018,109983792,4,300,,118754006
2018,109983792,16,15,,118754007
2018,109983816,23,800,,118763833
2018,115754790,23,1000,,126472040
2018,115754867,20,80,30-DEC-18,126482137
2018,115759426,21,80,,126474163
2018,115755032,38,250,,126477487
2018,115755032,23,350,,126477486
2018,115764561,23,400,,126482079
2018,115754870,21,150,,126477254
2018,115754870,20,80,,126482138
2018,115754870,9,0,,126482139
2018,115754870,25,5,,126474359
2018,115754870,63,1,,126482140
2018,115754870,26,1,,126474360
2018,115759630,38,975,,126474533
2018,115754794,38,500,,126477150
2018,115764528,23,100,,126474264
2018,115754803,23,800,,126474274
2018,115754914,4,600,,126474391
2018,115759454,63,200,,126472042
