victim_id,offense_id
35203175,39641485
35203176,39636726
35203177,39638980
35203178,39636727
35203179,39640381
35203120,39636717
35203121,39636718
35203104,39640368
35203104,39640369
35203105,39638967
35203106,39641473
35203107,39641474
35203108,39638968
35203109,39638969
35203110,39638970
35203111,39651479
35203111,39651480
35203112,39638971
35203113,39651481
35203114,39640370
35203114,39640371
35203115,39641475
35203116,39638972
35203116,39638973
35203117,39651482
35203118,39637542
35203119,39636151
35203122,39640372
35203123,39651483
35203124,39638974
35203125,39638975
35203126,39641476
35203127,39651484
35203127,39651485
35203128,39640373
35203129,39641477
35203130,39636719
35203131,39636152
35203132,39636720
35203133,39640374
35203133,39640375
35203134,39636721
35203135,39638976
35203136,39651486
35203137,39638977
35203138,39636722
35203139,39636153
35203140,39640376
35203141,39637543
35203142,39637544
35203143,39637545
35203144,39651487
35203145,39637546
35203146,39637547
35203147,39637548
35203148,39636154
35203148,39636155
35203149,39640377
35203149,39640378
35203150,39651488
35203150,39651489
35203151,39638311
35203151,39638312
35203152,39636723
35203153,39636156
35203154,39638978
35203155,39638313
35203156,39636157
35203156,39636158
35203157,39641478
35203158,39641479
35203159,39641480
35203160,39636159
35203161,39636159
35203162,39641481
35203163,39640379
35203164,39638314
35203165,39638315
35203166,39638316
35203167,39638317
35203168,39641482
35203169,39640380
35203170,39636724
35203170,39636725
35203171,39651490
35203172,39641483
35203173,39638979
35203174,39641484
35849368,37648047
35850505,37653810
39428092,39670272
39422632,39658043
39423663,39663810
39418275,39673579
39418276,39657188
39418276,39657189
39418277,39673580
39418278,39654908
39418279,39658751
39418280,39651129
39418281,39673581
39418282,39657393
39418283,39657394
39418284,39654909
39418285,39657395
39418287,39659723
39418286,39659722
39418288,39658752
39418289,39673582
39418290,39659724
39418291,39673583
39418291,39673584
39418292,39673585
39418293,39654910
39418293,39654911
39418294,39659725
39418294,39659726
39419253,39662893
39419253,39662894
39419254,39673594
39419255,39662895
39419255,39662896
39419256,39662897
39419257,39673595
39419258,39651142
39419259,39664849
39418295,39659727
39418295,39659728
39418296,39662885
39418297,39662886
39418298,39662887
39418299,39657396
39418300,39651130
39418301,39673586
39418302,39651131
39418303,39658753
39418303,39658754
39418304,39673587
39418305,39657397
39418306,39657398
39418307,39673588
39418308,39659729
39418308,39659730
39418309,39673589
39418310,39657399
39418310,39657400
39418311,39658755
39418312,39657190
39418313,39657401
39418314,39659731
39418315,39651132
39418316,39651133
39418317,39651134
39418318,39658756
39418319,39658757
39418319,39658758
39418320,39657191
39418320,39657192
39418321,39657402
39418322,39662888
39418323,39658759
39418324,39658760
39418325,39657403
39418326,39657193
39418326,39657194
39418327,39651135
39418327,39651136
39418328,39651137
39418328,39651138
39418329,39673590
39418330,39662889
39418331,39657195
39418332,39673591
39418332,39673592
39418333,39658761
39418333,39664847
39418334,39651139
39418335,39659732
39418336,39662890
39418337,39662891
39418337,39662892
39418338,39657196
39418339,39657197
39418340,39673593
39418341,39657198
39418342,39659733
39418343,39664848
39419252,39651140
39419252,39651141
39419260,39657404
39419261,39659734
39419262,39673596
39419263,39657199
39419263,39657200
39419264,39657405
39419265,39651143
39419266,39662898
39419267,39659735
39419268,39659736
39419269,39657201
39419270,39662899
39419271,39657202
39419272,39664850
39419273,39651144
39419274,39664851
39419274,39664852
39419275,39662900
39419276,39662901
39419277,39659737
39419278,39664853
39419279,39662902
39419279,39662903
39419280,39651145
39419281,39662904
39419282,39673597
39419282,39673598
39419283,39657406
39419284,39673599
39419285,39664854
39419285,39664855
39419286,39662905
39419287,39662905
39419288,39651146
39419289,39651147
39419290,39657203
39419291,39657204
39419292,39664856
39419293,39659738
39419293,39659739
39419294,39659740
39419295,39673600
39419296,39651148
39419297,39662906
39419298,39657205
39419299,39657407
39419300,39651149
39419301,39664857
39419302,39659741
39419303,39673601
39419304,39657408
39419305,39662907
39419306,39662908
39419307,39662909
39419308,39662910
39419308,39662911
39419309,39657409
39419310,39662912
39419311,39657410
39419311,39657411
39419312,39657412
39419313,39651150
39419314,39657413
39419314,39657414
39419315,39673602
39419316,39673602
39419317,39651151
39419318,39662913
39419319,39662914
39419320,39657415
39419321,39657416
39419323,39664858
39419322,39664858
39419324,39651152
39419325,39651153
39419326,39657206
39419327,39662915
39419328,39657207
39419329,39659742
39419331,39662916
39419330,39662916
39419332,39673603
39419333,39659743
39419334,39659744
39419335,39659745
39419336,39651154
39419337,39662917
39419338,39659746
39419339,39659747
39419340,39664859
39419340,39664860
39419341,39662918
39419344,39673605
39419345,39659750
39419346,39673606
39419347,39664861
39419348,39662919
39419349,39651155
39419350,39657417
39419342,39659748
39419342,39659749
39419343,39673604
39418234,39659713
39418235,39657387
39418236,39659714
39418237,39658746
39418238,39651122
39418239,39658747
39418240,39651123
39418241,39657388
39418242,39654902
39418243,39651124
39418244,39658748
39418245,39673571
39418245,39673572
39418246,39651125
39418247,39651125
39418248,39659715
39418249,39657389
39418249,39657390
39418250,39659716
39418251,39673573
39418252,39673574
39418253,39654903
39418253,39654904
39418255,39657391
39418254,39657391
39418256,39651126
39418257,39673575
39418258,39657185
39418259,39658749
39418260,39659717
39418261,39651127
39418261,39651128
39418262,39659718
39418263,39657392
39418264,39673576
39418265,39658750
39418266,39657186
39418267,39654905
39418267,39654906
39418268,39659719
39418269,39659720
39418270,39657187
39418271,39673577
39418272,39659721
39418273,39654907
39418274,39673578
39421586,39664923
39421586,39664924
39420479,39660548
39420514,39682349
39421454,39663740
39421492,39665449
39419351,39662920
39419352,39662921
39419353,39662922
39419354,39657208
39419355,39662923
39419356,39657209
39419356,39657210
39419357,39657418
39419358,39662924
39419359,39673607
39419360,39657419
39419361,39651156
39419362,39651157
39419363,39651158
39419364,39651159
39419365,39662925
39419366,39664862
39419367,39657420
39419368,39662926
39419369,39659751
39419370,39662927
39419371,39651160
39419372,39657421
39419389,39657216
39419390,39651162
39419390,39651163
39419391,39651164
39419392,39665410
39419393,39664865
39419373,39659752
39419373,39659753
39419374,39664863
39419375,39657422
39419376,39662928
39419377,39657211
39419378,39659754
39419378,39659755
39419379,39657423
39419380,39657212
39419380,39657213
39419381,39657214
39419381,39657215
39419382,39664864
39419383,39663691
39419384,39657424
39419385,39665408
39419386,39651161
39419387,39665409
39419388,39663692
39419394,39651165
39419395,39664866
39419396,39673608
39419397,39664867
39419398,39659756
39419399,39651166
39419400,39664868
39419401,39651167
39419402,39665411
39419404,39659757
39419403,39659757
39419405,39663693
39419405,39663694
39419406,39673609
39419407,39673610
39419407,39673611
39419408,39673612
39419409,39659758
39419410,39673613
39419411,39657217
39419412,39651927
39419413,39663695
39419414,39659759
39419415,39659759
39419416,39659760
39419417,39651928
39419418,39673614
39419419,39657218
39419420,39663696
39419421,39664869
39419422,39651929
39419422,39651930
39419423,39663697
39419424,39659761
39419424,39659762
39419425,39663698
39419426,39659763
39419427,39673615
39419428,39663699
39419429,39665412
39419430,39665413
39419431,39657219
39419432,39659764
39419433,39664870
39419434,39664871
39420341,39659765
39420342,39663700
39420343,39659766
39420344,39664872
39420344,39664873
39420347,39665414
39420363,39651933
39420417,39663711
39420417,39663712
35849469,37653534
35849470,37653535
35849332,36158021
35848308,36157541
39422598,39663780
39422678,39682395
39421504,39658013
39421505,39664914
39421506,39665293
39421506,39665294
39421507,39682361
39421508,39665295
39421509,39665451
39421510,39660570
39421511,39665452
39421512,39658014
39421513,39665453
39421514,39682362
39421515,39660571
39421516,39658015
39421517,39682363
39421518,39665454
39421519,39665296
39421520,39658016
39421521,39682364
39421522,39665455
39421523,39663748
39421524,39663749
39421527,39682365
39421525,39682365
39421526,39682365
39421528,39660572
39421529,39665297
39421530,39665298
39421531,39682366
39421531,39682367
39421532,39665456
39421533,39664915
39421534,39663750
39421535,39665457
39421535,39665458
39421536,39663751
39421537,39663752
39421538,39663753
39421539,39660573
39421540,39660574
39421541,39663754
39421541,39663755
39421543,39682368
39421542,39682368
39421544,39658017
39421545,39666215
39421546,39666216
39421547,39663756
39421548,39658018
39421549,39666217
39421550,39660575
39421551,39660576
39421552,39663757
39421553,39660577
39421554,39682369
39421555,39658019
39421557,39665299
39421556,39665300
39421558,39664916
39421559,39666218
39421559,39666219
39421560,39660578
39421561,39658020
39421562,39682370
39421563,39665301
39421564,39666220
39421565,39666221
39421566,39658021
39421567,39664917
39421567,39664918
39421568,39658022
39421569,39682371
39421569,39682372
39421570,39666222
39421571,39666222
39421572,39664919
39421573,39658023
39421574,39664920
39421575,39665302
39421576,39658024
39421577,39658025
39421578,39658026
39421579,39658027
39421580,39664921
39421581,39663758
39421582,39663759
39421583,39664922
39421584,39660579
39421585,39658028
39421587,39658029
39421588,39660580
39421590,39660581
39421592,39663761
39421601,39664927
39421609,39660585
39421617,39663763
39422551,39663773
39422559,39682381
39422561,39658034
39422582,39663777
39422586,39664940
39420424,39664888
39420425,39651939
39420426,39673632
39420427,39657235
39420428,39660531
39420429,39664889
39420429,39664890
39420430,39651940
39420431,39657236
39420432,39663713
39420433,39660532
39420434,39660533
39420434,39660534
39420434,39660535
39420435,39660536
39420436,39660537
39420436,39660538
39420437,39660539
39420437,39660540
39420438,39657237
39420440,39660541
39420439,39660542
39420441,39665434
39420442,39673633
39420443,39665435
39420444,39663714
39420445,39651941
39420446,39663715
39420447,39651942
39420448,39665436
39420449,39657238
39420450,39657239
39420451,39665437
39420452,39660543
39420453,39664891
39420454,39663716
39420455,39663717
39420456,39664892
39420457,39663718
39420458,39660544
39420458,39660545
39420459,39660546
39420461,39657240
39420460,39657241
39420462,39657242
39420463,39657243
39420464,39673634
39420465,39651943
39420466,39663719
39420467,39665438
39420468,39665439
39420469,39660547
39420470,39673635
39420471,39651944
39420472,39663720
39420473,39664893
39420473,39664894
39420474,39657244
39420475,39663721
39420476,39651945
39420477,39663722
39420477,39663723
39420478,39673636
39420480,39665440
39420481,39660549
39420482,39663724
39420483,39663725
39420484,39665441
39420485,39660550
39420486,39651946
39420487,39651947
39420488,39651947
39420489,39651948
39420489,39651949
39420490,39660551
39420491,39663726
39420491,39663727
39420492,39664895
39420493,39651950
39420493,39651951
39420494,39663728
39420495,39660552
39420495,39660553
39420496,39660554
39420497,39665442
39420498,39663729
39420499,39660555
39420500,39657245
39420501,39673637
39420502,39657246
39420503,39673638
39420504,39657247
39420504,39657248
39420505,39673639
39420505,39682348
39420506,39651952
39420507,39665443
39420508,39660556
39420509,39651953
39420510,39663730
39420511,39663730
39420512,39665444
39420513,39660557
39420515,39663731
39420516,39682350
39420517,39665445
39420518,39663732
39420519,39664896
39420520,39651954
39420521,39660558
39420522,39663733
39420523,39663734
39421437,39664897
39421438,39664898
39421439,39682351
39421440,39651955
39421441,39664899
39421442,39682352
39421442,39682353
39421443,39663735
39421443,39663736
39421444,39663737
39421445,39660559
39421445,39660560
39421446,39657249
39421446,39657250
39421447,39664900
39421447,39664901
39421448,39657251
39421448,39657252
39421449,39660561
39421449,39660562
39421450,39665446
39421451,39663738
39421451,39663739
39421452,39651956
39421453,39665447
39421455,39657253
39421456,39660563
39421457,39664902
39421458,39657254
39421459,39657255
39421459,39658009
39421460,39663741
39421461,39651957
39421462,39658010
39421463,39660564
39421463,39660565
39421464,39663742
39421465,39664903
39421466,39660566
39421466,39660567
39421467,39664904
39421468,39665448
39421469,39664905
39421470,39651958
39421471,39651959
39421472,39651960
39421473,39663743
39421474,39651961
39421475,39651962
39421476,39682354
39421477,39663744
39421478,39664906
39421479,39651963
39421480,39664907
39421481,39664908
39421482,39682355
39421483,39682356
39421484,39665290
39421485,39665291
39421486,39682357
39421487,39682358
39421488,39682359
39421489,39663745
39421490,39663746
39421491,39658011
39421493,39665450
39421494,39664909
39421495,39664910
39421496,39658012
39421497,39660568
39421498,39663747
39421499,39660569
39421500,39682360
39421501,39664911
39421502,39665292
39421503,39664912
39421503,39664913
39420345,39673616
39420346,39651931
39420348,39663701
39420349,39657220
39420350,39673617
39420351,39663702
39420352,39673618
39420353,39665415
39420353,39665416
39420353,39665417
39420354,39651932
39420355,39657221
39420356,39664874
39420357,39663703
39420357,39663704
39420358,39663705
39420359,39657222
39420360,39665418
39420361,39665418
39420362,39665419
39420364,39664875
39420365,39663706
39420366,39664876
39420366,39664877
39420367,39664878
39420368,39657223
39420369,39664879
39420370,39651934
39420371,39657224
39420372,39657225
39420373,39673619
39420373,39673620
39420374,39659767
39420375,39665420
39420376,39657226
39420377,39659768
39420378,39664880
39420379,39657227
39420380,39665421
39420380,39665422
39420385,39657230
39420386,39673621
39420386,39673622
39420387,39651935
39420388,39665426
39420389,39673623
39420390,39657231
39420391,39665427
39420392,39659769
39420393,39651936
39420394,39665428
39420395,39665429
39420396,39664881
39420396,39664882
39420397,39673624
39420398,39673625
39420399,39663707
39420400,39663707
39420401,39664883
39420401,39664884
39420402,39673626
39420402,39673627
39420403,39665430
39420381,39657228
39420381,39657229
39420382,39665423
39420383,39665424
39420384,39665425
39420404,39673628
39420404,39673629
39420405,39659770
39420406,39663708
39420407,39663709
39420408,39657232
39420409,39651937
39420410,39673630
39420410,39673631
39420411,39651938
39420412,39663710
39420413,39665431
39420414,39657233
39420415,39660527
39420416,39660528
39420418,39665432
39420419,39660529
39420419,39660530
39420420,39664885
39420420,39664886
39420421,39665433
39420422,39657234
39420423,39664887
35849462,37651329
35849477,37647402
35848416,36156844
35849397,37648051
35848296,36155091
35848320,36156823
35848335,36156827
35849488,37641684
35849432,37652796
35850483,37662778
35850485,37647415
35853700,37654375
35851645,37641740
35850516,37654308
35850558,37654313
35850578,37653825
39423793,39664589
39423794,39665129
39423795,39666101
39423796,39664590
39423797,39666283
39423798,39682436
39423799,39665749
39423800,39669382
39423801,39665750
39423802,39664591
39423803,39666102
39423804,39682437
39423805,39682438
39423806,39666103
39423807,39664592
39424706,39665751
39424707,39666284
39424733,39669387
39422591,39658038
39422592,39663779
39422593,39682384
39422594,39668591
39422595,39682385
39422596,39666239
39422597,39664945
39422597,39664946
39422599,39663781
39422600,39663782
39422601,39682386
39422602,39668592
39422602,39668593
39422603,39663783
39422604,39663783
39422605,39664947
39422606,39664947
39422607,39666240
39422608,39663784
39422609,39668594
39422610,39668595
39422611,39666241
39422612,39668596
39422613,39663785
39422614,39668597
39422615,39663786
39422616,39665310
39422617,39663787
39422618,39658039
39422619,39664948
39422620,39658040
39422621,39663788
39422622,39663789
39422623,39682387
39422624,39666242
39422625,39658041
39422626,39664949
39422627,39666243
39422628,39666244
39422629,39658042
39422630,39666245
39422631,39663790
39422634,39668598
39422633,39668598
39422635,39668599
39422636,39664950
39422637,39682388
39422637,39682389
39422638,39658044
39422638,39658045
39422639,39658046
39422640,39665311
39422641,39668600
39422641,39668601
39422642,39664951
39422643,39666246
39422644,39666247
39422645,39668602
39422646,39664952
39422647,39682390
39422648,39663791
39422649,39664953
39422650,39682391
39422651,39663792
39422652,39666248
39422653,39668603
39422654,39682392
39422655,39665312
39422656,39666249
39422657,39664954
39422658,39668604
39422659,39668605
39422660,39668606
39422661,39682393
39422662,39682394
39422663,39665313
39422664,39665314
39422664,39665315
39422665,39664955
39422666,39666250
39422667,39664956
39422668,39664957
39422669,39665316
39422670,39665718
39422671,39668607
39422671,39668608
39422672,39665719
39422673,39666251
39422674,39666252
39422675,39663793
39422675,39663794
39422676,39658047
39422676,39658048
39422677,39658049
39422677,39658050
39422679,39663795
39422680,39682396
39422681,39665720
39422681,39665721
39422682,39666253
39422683,39665317
39422684,39665722
39422685,39666254
39422686,39665723
39422687,39666255
39422688,39663796
39422689,39663796
39422690,39665724
39422691,39663797
39422692,39666256
39422692,39666257
39422693,39665318
39422694,39682397
39422695,39665725
39422696,39682398
39422697,39665726
39422698,39666258
39422698,39666259
39422699,39658051
39422700,39663798
39422701,39663799
39422702,39665319
39422703,39658052
39422704,39658052
39422705,39668609
39422706,39665727
39422707,39663800
39422708,39665728
39422709,39682399
39422710,39658053
39422711,39665320
39422711,39665321
39422712,39682400
39422713,39665322
39423626,39658054
39423626,39658055
39423627,39658056
39423627,39658057
39423628,39658058
39423629,39663801
39423629,39663802
39423630,39658059
39423631,39665323
39423632,39682401
39423633,39663803
39423634,39658060
39423635,39663804
39423635,39663805
39423636,39665095
39423636,39665096
39423637,39665729
39423638,39665097
39423639,39668610
39423640,39682402
39423641,39682403
39423642,39663806
39423643,39665098
39423644,39668611
39423645,39682404
39423646,39666261
39423647,39666260
39423647,39666261
39423648,39665099
39423649,39663807
39423650,39665100
39423651,39665101
39423651,39665102
39423652,39665103
39423652,39665104
39423653,39668612
39423654,39682405
39423655,39665105
39423656,39665106
39423656,39665107
39423657,39682406
39423657,39682407
39423658,39682408
39423659,39682409
39423660,39668613
39423661,39663808
39423662,39663809
39423664,39682410
39423665,39663811
39423666,39682411
39423666,39682412
39423667,39663812
39423668,39665108
39423668,39665109
39423669,39665324
39423670,39666262
39423671,39668614
39430141,39690359
39430144,39690360
39421589,39666223
39421591,39663760
39421593,39666224
39421594,39658030
39421595,39658030
39421596,39682373
39421597,39663762
39421598,39664925
39421598,39664926
39421599,39666225
39421600,39682374
39421602,39665303
39421602,39665304
39421603,39682375
39421604,39660582
39421605,39660583
39421606,39666226
39421607,39664928
39421608,39660584
39421610,39665305
39421611,39682376
39421612,39682377
39421612,39682378
39421613,39666227
39421614,39664929
39421615,39665306
39421616,39664930
39421618,39663764
39422535,39663765
39422536,39666228
39422536,39666229
39422537,39660586
39422538,39663766
39422538,39663767
39422538,39663768
39422539,39663769
39422539,39663770
39422540,39663771
39422541,39660587
39422542,39663772
39422543,39658031
39422544,39660588
39422545,39666230
39422546,39658032
39422547,39660589
39422548,39664931
39422548,39664932
39422549,39660590
39422550,39664933
39422552,39666231
39422552,39666232
39422553,39658033
39422554,39682379
39422555,39665307
39422556,39682380
39422557,39664934
39422558,39668586
39422560,39666233
39422562,39664935
39422563,39665308
39422564,39663774
39422565,39666234
39422566,39666234
39422567,39665309
39422568,39666235
39422568,39666236
39422569,39664936
39422570,39664937
39422571,39664938
39422571,39664939
39422572,39666237
39422573,39658035
39422574,39668587
39422575,39666238
39422576,39668588
39422577,39663775
39422578,39682382
39422579,39658036
39422580,39668589
39422581,39663776
39422583,39658037
39422584,39668590
39422585,39682383
39422587,39664941
39422588,39663778
39422589,39664942
39422589,39664943
39422590,39664944
39424772,39665765
39423672,39665730
39423673,39665325
39423674,39666263
39423675,39682413
39423675,39682414
39423676,39665326
39423677,39665731
39423678,39665327
39423678,39665328
39423679,39665110
39423680,39682415
39423681,39666264
39423682,39668615
39423683,39666265
39423684,39663813
39423685,39668616
39423686,39666266
39423687,39668617
39423688,39665329
39423689,39663814
39423690,39666267
39423691,39666268
39423692,39666269
39423693,39663815
39423693,39664576
39423694,39665732
39423695,39665111
39423696,39668618
39423697,39665733
39423697,39665734
39423698,39682416
39423699,39668619
39423700,39666270
39423701,39682417
39423702,39665735
39423703,39682418
39423704,39665112
39423705,39666271
39423706,39665113
39423707,39665114
39423708,39682419
39423709,39682420
39423710,39666272
39423711,39665736
39423712,39665115
39423713,39665737
39423714,39664577
39423715,39682421
39423716,39682421
39423717,39668620
39423718,39665116
39423719,39668621
39423720,39669375
39423721,39665330
39423722,39666090
39423723,39664578
39423724,39666091
39423725,39666273
39423726,39669376
39423726,39669377
39423727,39682422
39423728,39664579
39423729,39664580
39423730,39665738
39423730,39665739
39423731,39665740
39423732,39669378
39423733,39665117
39423734,39666092
39423735,39669379
39423736,39665118
39423737,39665741
39423738,39682423
39423739,39682424
39423740,39666274
39423741,39665742
39423742,39682425
39423743,39664581
39423744,39666093
39423745,39682426
39423746,39666094
39423746,39666095
39423747,39682427
39423748,39666096
39423749,39664582
39423749,39664583
39423750,39669380
39423751,39666097
39423752,39665119
39423753,39666098
39423754,39664584
39423755,39666275
39423756,39666276
39423757,39665743
39423758,39665120
39423759,39682428
39423760,39665121
39423761,39666277
39423762,39665744
39423763,39665745
39423764,39664585
39423765,39682429
39423766,39666099
39423767,39664586
39423768,39666278
39423769,39665122
39423770,39666279
39423771,39665746
39423772,39666280
39423773,39666281
39423774,39665123
39423775,39665124
39423776,39665747
39423777,39664587
39423778,39665125
39423779,39682430
39423780,39682431
39423781,39682432
39423782,39665126
39423783,39682433
39423784,39666100
39423785,39665127
39423786,39682434
39423787,39665748
39423788,39664588
39423789,39669381
39423790,39682435
39423791,39665128
39423792,39666282
35848361,36155105
35848362,36155106
35848363,36156834
35848364,36157251
35848365,36155107
35848365,36155108
35848366,36160883
35848366,36160884
35848367,36156835
35848368,36155109
35848369,36156836
35848370,36157942
35848371,36155110
35848372,36157943
35848373,36157944
35848374,36156837
35848376,36157545
35848375,36157546
35848375,36157547
35848377,36160885
35848377,36160886
35848378,36161030
35848379,36160887
35848380,36157252
35848381,36157548
35848382,36161031
35848382,36161032
35848382,36161033
35848383,36157253
35848384,36155111
35848385,36156838
35848386,36156839
35848387,36155112
35848388,36161034
35848389,36157254
35848390,36160888
35848391,36157549
35848392,36160889
35848393,36155113
35849451,37647397
35849452,37641683
35849453,37647398
35849454,37648823
35849455,37653022
35849456,37651328
35849457,37653532
35849458,37653023
35849459,37652798
35849460,37647399
35849461,37648824
35849463,37647400
35849464,37653533
35849465,37652799
35849466,37647401
35849467,37648825
35849468,37653790
35849471,37648826
35849472,37652800
35849473,37653791
35849474,37653792
35849475,37648827
35849476,37653536
35849478,37651330
35849479,37651331
35849480,37653537
35849481,37652801
35849482,37647403
35849483,37647404
35848343,36157247
35848344,36157248
35848345,36160878
35848346,36155103
35848347,36157938
35848348,36160879
35848348,36160880
35848349,36160881
35848350,36156829
35848351,36157249
35848352,36156830
35848353,36155104
35848354,36156831
35848354,36156832
35848355,36156833
35848356,36157250
35848357,36160882
35848359,36157939
35848358,36157940
35848360,36157941
35848394,36156840
35848395,36155114
35848396,36156841
35848397,36160890
35848398,36157550
35848399,36157551
35848400,36157552
35848401,36157553
35848402,36155115
35848403,36157945
35848404,36156842
35848406,36155116
35848405,36155117
35848407,36157255
35848408,36156843
35848409,36161035
35848410,36160891
35848411,36160892
35848412,36161036
35848413,36155118
35848414,36157554
35848415,36157946
35848417,36155119
35848418,36156845
35848419,36160893
35849324,36157256
35849325,36157947
35849326,36157555
35849327,36160894
35849328,36157948
35849329,36157556
35849330,36155120
35849331,36155121
35849333,36157557
35849334,36157949
35849335,36161037
35849336,36156846
35849337,36155122
35849338,36155123
35849339,36155124
35849340,36158022
35849341,36155125
35849342,36158023
35849343,37648042
35849344,37651315
35849345,37648043
35849346,37641666
35849347,37653510
35849348,37648044
35849349,37641667
35849350,37653003
35849350,37653004
35849351,37653511
35849352,37653005
35849353,37648045
35849354,37647388
35849355,37653512
35849356,37648046
35849357,37653006
35849358,37647389
35849359,37653007
35849360,37641668
35849361,37652784
35849362,37652785
35849363,37653008
35849364,37653513
35849364,37653514
35849365,37641669
35849366,37653515
35849367,37652786
35849369,37648048
35849370,37641670
35849371,37641671
35849372,37653009
35849373,37651316
35849374,37652787
35849375,37653516
35849376,37653517
35849377,37653518
35849378,37652788
35849379,37648049
35849380,37652789
35849380,37652790
35849381,37653010
35849382,37641672
35849383,37647390
35849383,37647391
35849384,37651317
35849385,37652791
35849386,37651318
35849387,37653519
35849387,37653520
35849388,37653521
35849389,37641673
35849390,37652792
35849391,37652793
35849392,37648050
35849393,37641674
35849393,37641675
35849394,37653011
35849395,37653012
35849395,37653013
35849396,37652794
35849398,37651319
35849399,37653014
35849400,37648052
35849401,37648053
35849402,37653522
35849403,37651320
35849403,37651321
35849404,37647392
35849405,37651322
35849406,37651323
35849407,37653015
35849408,37653016
35849409,37648054
35849410,37647393
35849411,37651324
35849412,37653523
35849413,37651325
35848292,36161022
35848293,36157240
35848294,36157539
35848294,36157540
35848295,36161023
35848297,36161024
35848298,36155092
35848299,36160867
35848300,36160868
35848301,36156821
35848302,36157241
35848303,36157242
35848304,36157934
35848305,36157935
35848306,36160869
35848307,36160869
35848309,36160870
35848310,36161025
35848311,36160871
35848312,36160872
35848312,36160873
35848313,36160874
35848314,36156822
35848315,36157936
35848316,36155093
35848316,36155094
35848317,36155095
35848317,36155096
35848318,36160875
35848319,36157243
35848319,36157244
35848321,36157542
35848322,36161026
35848323,36156824
35848324,36156825
35848325,36161027
35848326,36155097
35848327,36156826
35848328,36155098
35848328,36155099
35848329,36157245
35848330,36155100
35848331,36161028
35848332,36160876
35848333,36155101
35848334,36157543
35848336,36155102
35848337,36157937
35848338,36157544
35848339,36160877
35848340,36156828
35848341,36157246
35848342,36161029
35849484,37653538
35849485,37653793
35849486,37647405
35849487,37647406
35849489,37651332
35849490,37651333
35849491,37652802
35849492,37653794
35849493,37648828
35849494,37652803
35849495,37641685
35849495,37641686
35849496,37641687
35849496,37641688
35849497,37651334
35849498,37651335
35849499,37652804
35849500,37652805
35849501,37652805
35849502,37652806
35849503,37641689
35849504,37654293
35850408,37653795
35850409,37652807
35850410,37651336
35850411,37653796
35850412,37648829
35850413,37648829
35850414,37648830
35850415,37653797
35850416,37652808
35850417,37651337
35850418,37647407
35850419,37651338
35850419,37651339
35850420,37654294
35850421,37654295
35850422,37641690
35850422,37641691
35850423,37653798
35850424,37662768
35850425,37654296
35850426,37641692
35850427,37648831
35850428,37652809
35850429,37641693
35850430,37652810
35850431,37652811
35850432,37648832
35850432,37648833
35850433,37641694
35850434,37647408
35850435,37654297
35850436,37652812
35850437,37648834
35850438,37653799
35850439,37662769
35850440,37662770
35850441,37647409
35850442,37653800
35850443,37641695
35850444,37641696
35850445,37653801
35850446,37647410
35850447,37662771
35850448,37647411
35850449,37653802
35850450,37654298
35850451,37654298
35850452,37652813
35850453,37648835
35850454,37653803
35850455,37641697
35850456,37654299
35850458,37641698
35850461,37641699
35850463,37641700
35850479,37662777
35849414,37647394
35849415,37641676
35849416,37652795
35849417,37653017
35849418,37653018
35849419,37647395
35849420,37653019
35849421,37641677
35849422,37653524
35849423,37641678
35849424,37648055
35849424,37648056
35849425,37648057
35849425,37648058
35849426,37641679
35849426,37641680
35849427,37647396
35849428,37641681
35849429,37648059
35849430,37648814
35849431,37653525
35849433,37648815
35849434,37653526
35849435,37648816
35849436,37652797
35849437,37653527
35849438,37651326
35849439,37648817
35849440,37653528
35849440,37653529
35849441,37648818
35849441,37648819
35849442,37648820
35849443,37653020
35849444,37648821
35849445,37648822
35849446,37653530
35849447,37651327
35849448,37653531
35849449,37653021
35849450,37641682
35852603,37662815
35852644,37648904
35850499,37648839
35850509,37662517
39424708,39682439
39424709,39682440
39424710,39682441
39424711,39669383
39424712,39666285
39424713,39665752
39424714,39666286
39424715,39664593
39424716,39666287
39424717,39665753
39424718,39666104
39424719,39666288
39424719,39666289
39424720,39666290
39424721,39666105
39424722,39669384
39424722,39669385
39424723,39665754
39424724,39666291
39424725,39669386
39424726,39666292
39424727,39665130
39424728,39682442
39424729,39666106
39424730,39664594
39424731,39664595
39424732,39666293
39424732,39666294
39424734,39665755
39432215,39674812
39426909,39667120
39438811,39684674
39424735,39669388
35848291,36157538
39424752,39665136
35850457,37653804
35850459,37647412
35850460,37652814
35850462,37662772
35850464,37662773
35850465,37652815
35850466,37652816
35850467,37654300
35850468,37662774
35850469,37654301
35850470,37654301
35850471,37654301
35850472,37654301
35850473,37653805
35850474,37662775
35850475,37662775
35850476,37654302
35850477,37653806
35850477,37653807
35850478,37662776
35850480,37653808
35850480,37653809
35850481,37647413
35850482,37647414
35850484,37654303
35850484,37654304
35850486,37654305
35850487,37662512
35853704,37657706
35853721,37654377
35852649,37662825
35852649,37662826
35852650,37653869
35852651,37662827
35852652,37642506
35852653,37648220
35852654,37662828
35852655,37648221
35852656,37662563
35852657,37662829
35852658,37662830
35852659,37648906
35852660,37648907
35852661,37654357
35852662,37648222
35852663,37662564
35852664,37662831
35852665,37662832
35852666,37653870
35852667,37653871
35852668,37648908
35852669,37648223
35852669,37648224
35852670,37656934
35852671,37662565
35852672,37653872
35852673,37662833
35852674,37656935
35852675,37642507
35852676,37662566
35852677,37662566
35852678,37662566
35852679,37662834
35852680,37656936
35852681,37656937
35852681,37656938
35852682,37653873
35852683,37653874
35852684,37648225
35852685,37648226
35852686,37654358
35852687,37653875
35852688,37662835
35852689,37662836
35852690,37657692
35852706,37642512
35852707,37642513
35852708,37657694
35852709,37654360
35852710,37642514
35852711,37662569
35852712,37648230
35852713,37653877
35852714,37657695
35852715,37654361
35852716,37657696
35852717,37662570
35852718,37657697
35852719,37662842
35852691,37642508
35852692,37648227
35852693,37654359
35852694,37662567
35852695,37642509
35852695,37642510
35852696,37648228
35852697,37653876
35852698,37662837
35852699,37662838
35852700,37662568
35852701,37657693
35852702,37648229
35852703,37642511
35852704,37662839
35852704,37662840
35852705,37662841
35852720,37662571
35852721,37662572
35852721,37662573
35852722,37642515
35852723,37657698
35852724,37648231
35852725,37657699
35852726,37654362
35852727,37654363
35852728,37654364
35852729,37642516
35852730,37662843
35852731,37648232
35852732,37642517
35852733,37662844
35852734,37648233
35852741,37642519
35852753,37653880
35851574,37648865
35851575,37662539
35851576,37653839
35851577,37641726
35851577,37641727
35851578,37648196
35851579,37654331
35851580,37641728
35851580,37641729
35851581,37654332
35851582,37653840
35851583,37662808
35851584,37653841
35851585,37653842
35851586,37641730
35851587,37648197
35851588,37648866
35851589,37648198
35851590,37654333
35851591,37662809
35851592,37648867
35851593,37653843
35851594,37654334
35851571,37641725
35851572,37648195
35851573,37648864
35851595,37641731
35851596,37654335
35851597,37641732
35851598,37648868
35851599,37654336
35851600,37648199
35851600,37648200
35851601,37654337
35851602,37654338
35851603,37648869
35851604,37662540
35851605,37641733
35851606,37653844
35851607,37662810
35851608,37641734
35851610,37662541
35851609,37662541
35851611,37654339
35851612,37653845
35851613,37654340
35851614,37648870
35851615,37648201
35851615,37648202
35851616,37648203
35851617,37648871
35851618,37653846
35851619,37662811
35851620,37641735
35851621,37641736
35851622,37648204
35851623,37648205
35851624,37654341
35851625,37662812
35851626,37641737
35851627,37662542
35851628,37641738
35851629,37641739
35851630,37662543
35851631,37662543
35851632,37662544
35851633,37648872
35851633,37648873
35851634,37653847
35851635,37654342
35851635,37654343
35851636,37648874
35851637,37648875
35851637,37648876
35851638,37648877
35851638,37648878
35851639,37662813
35851640,37653848
35851640,37653849
35851641,37648879
35851642,37648880
35851642,37648881
35851643,37662545
35851644,37653850
35851646,37662814
35851647,37662546
35851648,37648882
35851649,37654344
35851650,37654345
35851651,37662547
35851652,37653851
35851653,37662548
35851654,37648206
35851655,37653852
35851656,37662549
35851656,37662550
35851657,37648207
35851658,37662551
35851659,37641741
35851660,37648208
35851661,37648883
35851662,37654346
35851663,37653853
35851664,37648884
35851665,37654347
35851666,37648885
35851667,37654348
35851668,37648886
35851669,37648887
35851669,37648888
35851670,37654349
35851671,37648209
35851671,37648210
35851671,37648211
35851672,37641742
35852584,37648889
35852585,37653854
35852586,37653855
35852586,37653856
35852587,37648890
35852588,37653857
35852589,37648212
35852589,37648213
35852590,37654350
35852592,37662552
35852591,37662553
35852593,37641743
35852594,37662554
35852594,37662555
35852595,37653858
35852596,37641744
35852597,37662556
35852598,37653859
35852599,37662557
35852600,37641745
35852601,37648214
35852602,37653860
35852604,37653861
35852605,37662816
35852606,37653862
35852607,37648891
35852608,37654351
35852609,37648892
35852609,37648893
35852609,37648894
35852610,37648215
35852610,37648216
35852611,37648217
35852612,37662817
35852613,37654352
35852614,37662818
35852615,37648895
35852615,37648896
35852616,37653863
35852617,37648897
35852618,37662558
35852619,37648898
35852620,37662819
35852621,37662820
35852622,37648899
35852623,37654353
35852624,37654354
35852625,37648900
35852626,37654355
35852627,37662821
35852628,37648218
35852629,37662822
35852630,37662559
35852630,37662560
35852631,37662561
35852632,37648901
35852633,37648902
35852634,37662562
35852635,37648903
35852636,37662823
35852637,37641746
35852637,37641747
35852638,37662824
35852639,37653864
35852640,37653865
35852641,37653866
35852642,37653867
35852643,37642505
35852645,37648219
35852646,37654356
35852647,37653868
35852648,37648905
35850488,37662779
35850488,37662780
35850489,37641701
35850489,37641702
35850490,37662781
35850491,37648836
35850491,37648837
35850492,37662513
35850493,37662782
35850494,37662514
35850495,37662783
35850496,37641703
35850497,37662784
35850498,37648838
35850500,37647416
35850501,37641704
35850502,37647417
35850503,37654306
35850504,37662785
35850506,37641705
35850507,37662515
35850508,37662516
35850510,37647418
35850511,37662786
35850512,37662787
35850513,37654307
35850514,37662518
35850515,37641706
35850517,37662519
35850518,37648840
35850519,37662520
35850520,37647419
35850521,37641707
35850522,37641708
35850523,37654309
35850524,37662788
35850525,37648841
35850526,37647420
35850527,37662521
35850528,37647421
35850529,37648842
35850530,37647422
35850531,37641709
35850532,37647423
35850533,37662789
35850534,37653812
35850535,37653811
35850536,37641710
35850537,37653813
35850538,37648843
35850539,37653814
35850540,37653815
35850541,37648844
35850542,37641711
35850543,37641711
35850544,37647424
35850545,37647425
35850546,37654310
35850547,37641712
35850547,37641713
35850548,37647426
35850549,37653816
35850550,37654311
35850551,37648845
35850551,37648846
35850552,37648847
35850553,37653817
35850554,37653818
35850554,37653819
35850555,37654312
35850556,37648848
35850556,37648849
35850556,37648850
35850557,37653820
35850559,37648851
35850560,37654314
35850561,37641714
35850562,37662522
35850563,37662523
35850564,37648852
35850565,37641715
35850566,37662790
35850567,37647427
35850568,37647428
35850569,37648853
35850570,37662791
35850571,37662524
35850572,37653821
35850573,37653822
35850574,37641716
35850575,37654315
35850576,37662792
35851530,37662797
35851530,37662798
35851531,37654324
35851532,37654325
35851533,37654326
35851534,37662799
35851535,37648857
35851536,37662534
35851537,37653828
35851538,37653829
35851539,37654327
35851540,37641723
35851541,37662535
35851542,37662800
35851543,37653830
35851543,37653831
35851544,37653830
35851545,37662801
35851546,37648190
35851547,37648191
35851548,37648192
35851549,37662802
35851550,37653832
35851551,37662803
35851551,37662804
35851552,37654328
35851553,37662805
35851554,37662536
35851555,37654329
35851556,37654330
35851557,37648858
35851558,37653833
35851558,37653834
35851559,37653835
35851559,37653836
35851560,37648859
35851560,37648860
35851561,37648193
35851562,37648861
35851563,37648862
35851564,37662806
35851565,37662807
35851566,37648194
35851567,37641724
35851568,37662537
35851568,37662538
35851569,37648863
35851570,37653837
35851570,37653838
35850577,37653823
35850577,37653824
35850579,37647429
35850580,37654316
35850581,37653826
35850582,37653826
35850583,37662793
35850584,37662525
35850585,37662526
35851493,37641717
35851494,37641717
35851495,37641717
35851498,37641717
35851499,37641717
35851500,37641717
35851496,37641717
35851497,37641717
35851501,37662527
35851502,37641718
35851503,37647430
35851503,37647431
35851504,37654317
35851505,37662528
35851506,37654318
35851507,37647432
35851508,37662529
35851509,37662530
35851509,37662531
35851510,37648854
35851510,37648855
35851511,37647433
35851512,37662532
35851513,37662794
35851514,37641719
35851515,37654319
35851516,37654320
35851517,37648856
35851518,37641720
35851519,37641721
35851520,37662795
35851520,37662796
35851521,37653827
35851522,37648186
35851523,37641722
35851524,37654321
35851525,37662533
35851526,37654322
35851527,37648187
35851527,37648188
35851528,37648189
35851529,37654323
39426990,39675104
39427011,39683271
39434458,39679194
39425880,39683238
39424755,39666107
39424767,39666305
39424788,39682451
39424851,39666321
35853703,37662853
35853705,37662854
35853706,37662855
35853707,37650516
35853708,37650517
35853709,37657707
35853710,37648243
35853711,37662856
35853712,37657708
35853713,37654376
35853714,37648244
35853715,37662857
35853715,37662858
35853716,37648245
35853717,37648246
35853718,37648247
35853719,37662585
35853719,37662586
35853720,37648248
35853722,37662859
35853723,37648249
35853747,37650519
35853748,37657714
35853749,37650520
35853750,37662590
35853751,37662591
35853752,37662861
35853753,37653886
35853724,37654378
35853725,37653883
35853726,37653883
35853727,37654379
35853728,37653884
35853729,37657709
35853731,37654381
35853730,37654380
35853732,37654382
35853733,37657710
35853733,37657711
35853734,37662587
35853734,37662588
35853735,37648250
35853736,37650518
35853737,37654383
35853738,37654384
35853739,37662589
35853740,37653885
35853741,37653885
35853742,37648251
35853743,37662860
35853744,37648252
35853745,37657712
35853745,37657713
35853746,37648253
35853746,37648254
35853754,37648255
35853755,37654385
35853756,37657715
35853756,37657716
35853757,37653887
35853758,37654386
35853759,37654387
35853760,37654388
35853760,37654389
35853761,37650521
35853762,37648256
35853763,37648257
35853764,37654390
35853764,37654391
35853765,37657717
35853766,37662862
35852735,37657700
35852736,37654365
35852736,37654366
35852737,37648234
35852738,37642518
35852739,37662574
35852740,37654367
35852742,37642520
35852743,37654368
35852744,37653878
35852745,37653879
35852746,37662575
35852747,37648235
35852748,37650506
35852749,37662576
35852750,37662577
35852751,37650507
35852752,37662578
35852754,37662845
35852755,37650508
35852755,37650509
35852756,37650510
35852757,37648236
35852758,37648237
35852759,37662846
35852760,37657701
35852761,37654369
35853671,37662847
35853671,37662848
35853672,37662849
35853673,37653881
35853674,37648238
35853674,37648239
35853675,37662579
35853676,37662850
35853677,37650511
35853678,37662580
35853679,37650512
35853680,37648240
35853681,37650513
35853682,37654370
35853683,37662581
35853684,37662851
35853685,37662852
35853686,37662582
35853687,37648241
35853688,37654371
35853689,37654372
35853690,37650514
35853691,37650515
35853692,37657702
35853693,37648242
35853694,37653882
35853695,37657703
35853696,37657704
35853697,37654373
35853698,37662583
35853699,37654374
35853701,37662584
35853702,37657705
39426893,39665195
39426901,39665800
39426912,39674329
39426920,39674332
39435544,39691256
39427002,39675105
39427012,39666180
39427014,39683272
39425812,39669421
39425813,39666130
39425814,39665161
39425815,39673531
39425816,39665162
39425817,39683225
39425818,39683225
39425819,39666331
39425820,39673532
39425821,39669422
39425822,39669423
39425823,39669424
39425824,39674293
39425825,39674294
39425826,39674295
39425827,39669425
39432324,39675813
39425828,39674296
39425829,39665163
39425830,39666131
39425831,39674297
39425831,39674298
39425832,39674299
39425833,39674300
39425834,39669426
39425836,39683226
39425835,39683227
39425837,39665786
39425838,39669427
39425839,39683228
39425841,39665164
39425840,39665165
39425842,39683229
39425843,39669428
39425844,39665166
39425845,39665787
39425846,39666332
39425846,39666333
39425847,39683230
39425848,39674301
39425849,39669429
39425850,39683231
39425851,39683232
39425852,39665167
39425853,39666334
39425854,39665168
39425855,39666335
39425856,39666336
39425857,39674302
39425858,39683233
39425859,39666132
39425860,39665169
39425861,39674303
39425862,39665170
39425863,39669430
39425864,39674304
39425865,39665171
39425865,39665172
39425866,39683234
39425867,39666133
39425868,39666134
39425869,39674305
39425870,39665788
39425871,39683235
39425872,39666135
39425873,39669431
39425874,39665789
39425875,39683236
39425876,39665173
39425877,39674306
39425878,39683237
39425879,39666136
39425881,39669432
39425882,39683239
39425883,39665174
39425883,39665175
39425884,39674307
39425885,39665176
39425886,39669433
39425887,39674308
39425887,39674309
39425888,39669434
39425888,39669435
39425889,39666137
39425889,39666138
39425890,39669436
39425890,39669437
39425891,39666337
39425892,39683240
39425893,39683241
39425894,39683242
39425895,39665177
39425896,39665790
39425897,39683243
39425898,39666338
39425899,39669438
39425900,39665178
39425901,39669439
39425902,39683244
39425903,39666339
39425904,39683245
39425905,39666139
39425906,39683246
39425907,39666140
39425908,39665791
39425909,39666340
39425910,39667105
39425917,39667109
39425917,39667110
39425918,39669442
39425919,39665179
39425920,39666142
39425921,39669443
39425922,39669444
39425923,39669445
39425923,39669446
39425924,39683247
39425925,39665793
39425911,39667106
39425912,39666141
39425913,39669440
39425914,39665792
39425915,39669441
39425916,39667107
39425916,39667108
39425939,39665180
39425943,39669450
39424736,39665756
39424737,39669389
39424738,39666295
39424738,39666296
39424739,39665131
39424739,39665132
39424740,39666297
39424741,39665133
39424742,39665757
39424743,39665134
39424744,39666298
39424745,39682443
39424746,39665758
39424746,39665759
39424747,39665760
39424747,39665761
39424748,39666299
39424749,39682444
39424750,39665135
39424782,39682449
39424783,39665139
39424784,39666309
39424872,39673530
39424873,39669412
39424873,39669413
39424874,39666325
39424874,39666326
39424875,39666327
39424876,39669414
39424877,39666127
39424878,39669415
39424878,39669416
39424879,39682461
39424879,39682462
39424880,39682463
39424881,39682464
39424882,39665782
39424883,39665158
39424884,39669417
39424885,39666328
39425797,39665783
39425798,39665784
39425799,39666329
39425800,39669418
39425801,39666128
39425802,39669419
39425804,39669420
39425803,39669420
39425805,39665159
39425806,39666330
39425807,39682465
39428997,39670277
39424751,39666300
39424753,39664596
39424754,39682445
39424756,39682446
39424757,39669390
39424758,39669391
39424759,39669391
39424760,39665762
39424761,39665763
39424762,39666301
39424763,39669392
39424763,39669393
39424764,39666108
39424764,39666109
39424765,39666302
39424765,39666303
39424766,39666304
39424768,39665764
39424769,39682447
39424770,39682448
39424771,39664597
39424773,39666110
39424774,39666111
39424775,39666306
39424776,39666307
39424777,39666308
39424778,39665137
39424779,39669394
39424780,39665138
39424781,39664598
39424785,39682450
39424786,39666112
39424787,39665140
39424789,39665141
39424790,39665142
39424790,39665143
39424791,39669395
39424792,39665766
39424793,39665767
39424794,39666310
39424795,39665144
39424796,39666113
39424796,39666114
39424797,39665145
39424797,39665146
39424798,39669396
39424799,39666311
39424799,39666312
39424800,39666115
39424800,39666116
39424801,39682452
39424802,39666313
39424803,39666117
39424804,39669397
39424805,39666314
39424806,39665768
39424807,39666118
39424808,39666315
39424809,39669398
39424810,39666316
39424810,39666317
39424811,39665769
39424812,39682453
39424813,39669399
39424814,39666119
39424815,39682454
39424816,39666318
39424817,39664599
39424818,39665147
39424819,39665148
39424820,39669400
39424821,39682455
39424822,39665770
39424823,39665771
39424824,39665772
39424825,39666120
39424826,39664600
39424827,39665773
39424828,39682456
39424829,39665774
39424830,39669401
39424831,39682457
39424832,39666319
39424833,39666121
39424834,39669402
39424835,39666122
39424836,39665149
39424837,39669403
39424838,39665775
39424838,39665776
39424839,39665777
39424840,39666320
39424841,39669404
39424842,39665778
39424843,39665150
39424844,39669405
39424845,39666123
39424845,39666124
39424846,39665779
39424847,39665780
39424848,39682458
39424849,39665151
39424850,39682459
39424852,39682460
39424853,39669406
39424853,39669407
39424854,39666125
39424855,39666322
39424856,39665781
39424857,39666323
39424858,39669408
39424859,39669409
39424860,39665152
39424861,39665153
39424862,39666126
39424863,39665154
39424864,39665154
39425808,39665160
39425809,39665785
39425810,39683224
39425811,39666129
39424865,39665155
39424866,39665155
39424867,39666324
39424868,39665156
39424868,39665157
39424869,39665156
39424869,39665157
39424870,39673528
39424870,39673529
39424871,39669410
39424871,39669411
39427983,39669493
39427961,39666188
39427962,39669491
39427963,39674353
39427964,39674352
39427965,39683281
39427966,39683282
39427967,39683283
39427968,39671135
39427969,39675114
39427970,39683284
39427971,39671136
39427972,39665978
39427973,39671137
39427973,39671138
39427974,39674354
39427975,39666189
39427992,39665981
39427993,39674356
39427994,39683289
39427995,39666192
39427996,39666193
39427997,39666194
39427998,39671892
39427999,39665982
39428000,39683290
39428001,39666195
39428002,39666196
39428003,39665983
39428004,39671893
39428005,39666197
39428006,39666198
39428008,39669495
39428007,39669494
39428009,39666199
39428010,39674357
39428011,39666200
39428012,39666201
39428013,39671894
39428014,39669496
39428015,39683291
39428016,39683292
39428017,39675118
39428018,39675119
39428019,39666202
39428020,39665984
39428021,39674358
39428022,39669497
39428023,39665985
39428024,39675120
39428025,39683293
39428026,39671895
39428027,39665986
39428028,39665987
39428029,39665988
39428030,39669498
39428031,39674359
39428032,39671896
39428033,39665989
39428034,39665990
39428035,39671897
39428036,39669499
39428037,39671898
39428038,39666203
39428039,39670259
39428040,39674360
39428041,39666204
39428042,39671899
39428043,39675121
39428044,39670260
39428045,39675122
39428045,39675123
39428047,39666206
39428046,39666205
39428048,39671900
39428049,39675124
39428050,39665991
39428051,39665992
39428052,39683294
39428053,39665993
39428054,39665994
39428055,39683295
39428056,39675125
39428057,39671901
39428058,39674361
39428059,39670261
39428060,39665995
39428061,39666207
39428062,39674362
39428063,39675126
39428064,39683296
39428065,39666208
39428066,39666209
39428067,39670262
39428067,39670263
39428068,39665996
39428069,39665997
39428070,39675127
39428071,39675128
39428072,39670264
39428073,39671902
39428074,39665998
39428075,39675129
39428076,39683297
39428077,39670265
39428078,39670266
39428079,39671903
39428080,39674363
39428081,39670267
39428081,39670268
39428082,39675130
39428083,39683298
39428084,39670269
39428085,39665999
39428086,39670270
39428087,39666000
39428088,39670271
39428089,39675131
39428090,39666210
39428091,39690320
39433315,39691193
39428093,39690321
39428095,39666212
39428094,39666211
39428096,39674364
39428097,39690322
39428098,39671904
39428099,39666213
39428100,39666213
39428101,39666214
39428102,39671905
39428103,39666001
39428104,39675132
39428104,39675133
39428105,39671906
39428106,39690323
39425977,39669458
39426880,39666154
39426881,39683254
39426882,39666155
39426883,39667115
39426884,39674323
39426885,39669459
39426885,39669460
39426886,39665799
39426887,39665192
39426888,39665192
39426889,39665191
39426889,39665192
39426890,39665193
39426890,39665194
39426891,39666156
39426891,39666157
39426892,39683255
39426892,39683256
39426894,39665196
39426895,39667116
39426896,39674324
39426897,39667117
39426898,39669461
39426899,39674325
39426900,39674326
39426902,39671119
39426903,39669462
39426904,39683257
39426905,39666158
39426906,39674327
39426907,39667118
39426908,39667119
39426910,39674328
39426911,39669463
39426913,39674330
39426914,39665197
39426915,39671120
39426916,39674331
39426917,39675092
39426918,39671121
39426919,39675093
39426921,39666159
39426922,39674333
39426923,39683258
39426924,39683258
39426924,39683259
39426925,39669464
39426926,39666160
39426927,39666160
39426928,39666161
39426929,39675094
39426930,39675095
39426931,39675096
39426932,39675097
39426933,39671122
39426934,39665198
39426935,39674334
39426936,39669465
39426937,39669466
39426938,39665199
39426939,39675098
39426940,39669467
39426940,39669468
39426941,39674335
39426943,39683260
39426942,39683260
39426942,39683261
39426944,39665200
39426945,39674336
39426946,39674337
39426947,39666162
39426948,39669469
39426949,39683262
39426950,39674338
39426951,39674339
39426952,39683263
39426953,39666163
39426954,39675099
39426955,39666164
39426956,39675100
39426957,39666165
39426958,39669470
39426958,39669471
39426959,39669472
39426960,39671123
39426961,39666166
39426962,39665201
39426963,39683264
39426964,39683264
39426965,39666167
39426966,39665202
39426967,39665203
39426968,39666168
39426969,39666169
39426970,39665204
39426971,39683265
39426972,39666170
39426973,39666171
39426974,39674340
39426975,39665205
39426976,39683266
39426977,39675101
39426978,39675102
39426979,39671124
39426980,39665206
39426981,39675103
39426982,39683267
39426983,39666172
39426984,39671125
39426985,39666173
39426986,39683268
39426987,39666174
39426988,39669473
39426989,39683269
39426991,39669474
39426992,39671126
39426993,39665966
39426994,39666175
39426995,39665967
39426996,39665968
39426997,39674341
39426998,39665969
39426999,39683270
39427000,39666176
39430232,39690380
39427001,39666177
39427003,39671127
39427004,39669475
39427005,39665970
39427006,39665971
39427007,39666178
39427008,39669476
39427009,39666179
39427010,39675106
39427013,39666181
39427015,39675107
39427016,39675108
39427017,39674342
39427018,39665972
39427019,39669477
39427019,39669478
39427020,39683273
39427021,39669479
39427022,39669480
39427023,39674343
39427024,39674344
39427025,39671128
39427026,39674345
39427027,39665973
39427028,39669481
39427029,39669482
39427029,39669483
39427030,39671129
39427031,39683274
39427032,39666182
39427033,39669484
39427034,39674346
39427035,39674347
39427036,39683275
39427037,39671130
39427038,39675109
39427039,39666183
39427040,39669485
39427041,39674348
39427042,39665974
39427045,39671132
39427043,39671131
39427044,39671132
39427046,39666184
39427047,39665975
39427048,39683276
39427049,39674349
39431245,39675951
39430089,39675162
39434349,39676011
39434398,39674872
39425926,39667111
39425927,39665794
39425928,39683248
39425929,39665795
39425930,39666143
39425931,39666144
39425932,39674310
39425933,39683249
39425934,39666145
39425935,39666146
39425935,39666147
39425936,39669447
39425936,39669448
39425937,39667112
39425938,39674311
39425940,39674312
39425941,39669449
39425942,39665181
39425944,39669451
39425945,39666148
39425946,39674313
39425947,39666149
39425948,39665796
39425949,39665797
39425950,39674314
39425951,39674315
39425951,39674316
39425952,39666150
39425953,39669452
39425954,39674317
39425955,39674318
39425956,39674319
39425957,39665798
39425958,39674320
39425959,39665182
39425960,39669453
39425961,39665183
39425962,39683250
39425962,39683251
39425963,39669454
39425964,39667113
39425965,39683252
39425966,39683253
39425967,39666151
39425968,39665184
39425968,39665185
39425969,39669455
39425969,39669456
39425970,39665186
39425970,39665187
39425971,39667114
39425972,39674321
39425972,39674322
39425973,39666152
39425973,39666153
39425974,39665188
39425975,39665189
39425975,39665190
39425976,39669457
39428107,39671907
39428107,39671908
39428108,39666977
39428109,39670273
39428110,39670274
39428111,39666978
39428112,39675134
39428113,39671909
39428114,39671909
39428115,39671910
39428115,39671911
39428116,39675135
39428117,39674365
39428117,39674366
39428118,39671912
39428119,39666979
39428120,39670275
39428121,39675136
39428122,39675137
39428123,39666980
39428123,39666981
39428124,39690324
39428125,39690325
39428126,39690326
39428992,39674367
39428993,39690327
39428994,39666002
39428995,39670276
39428996,39675138
39428996,39675139
39428998,39690328
39428999,39674368
39429000,39666003
39429001,39671913
39429002,39674369
39429003,39666982
39429003,39666983
39429004,39666984
39429005,39674370
39429006,39671914
39429007,39666985
39429008,39670278
39429009,39674371
39429010,39690329
39429011,39670279
39429012,39675140
39429013,39666004
39429014,39671915
39429015,39666005
39429016,39690330
39429017,39671916
39429018,39670280
39429019,39666986
39429020,39671917
39429021,39674372
39429022,39666987
39429023,39666988
39429024,39674373
39429025,39690331
39429026,39674374
39429027,39690332
39429028,39690333
39429029,39666006
39429030,39666007
39429030,39666008
39429031,39666989
39429032,39670281
39429033,39671918
39429034,39670282
39429035,39666009
39429036,39671919
39429036,39671920
39429037,39670283
39429038,39674375
39429039,39675141
39429040,39671921
39429041,39666010
39429042,39675142
39429043,39670284
39429044,39666990
39429045,39690334
39429045,39690335
39429046,39690336
39429047,39666011
39429048,39690337
39429049,39670285
39429050,39690338
39429051,39675143
39429052,39690339
39429053,39666012
39429054,39674376
39429055,39666991
39429056,39666992
39429057,39666013
39429058,39675144
39429060,39674378
39429090,39678266
39427976,39665979
39427977,39666190
39427978,39683285
39427978,39683286
39427979,39683287
39427980,39669492
39427981,39683288
39427982,39671139
39427984,39675115
39427985,39675116
39427986,39665980
39427988,39671891
39427987,39671890
39427989,39674355
39427990,39666191
39427991,39675117
39427050,39669486
39427051,39671133
39427052,39675110
39427053,39683277
39427054,39671134
39427056,39675111
39427055,39675112
39427057,39669487
39427058,39666185
39427059,39674350
39427949,39669488
39427950,39674351
39427951,39675113
39427952,39666186
39427953,39669489
39427954,39669490
39427955,39683278
39427956,39665976
39427957,39683279
39427958,39665977
39427959,39666187
39427960,39683280
39431264,39679096
39431263,39679095
39431268,39675034
39431318,39679114
39432205,39674811
39432278,39679128
39432294,39675212
39430198,39674415
39430199,39671960
39430199,39671961
39430200,39690375
39430201,39666043
39430202,39675010
39430203,39674416
39430204,39671962
39430205,39675927
39430206,39671963
39430207,39678300
39430208,39678301
39430209,39675928
39430210,39666044
39430211,39666045
39430212,39675929
39430213,39678302
39430214,39690376
39430215,39690377
39430216,39678303
39430217,39678304
39430217,39678305
39430218,39674024
39430219,39690378
39430220,39678306
39430221,39690379
39430222,39678307
39430223,39675930
39430224,39675931
39430225,39674025
39430226,39675173
39430227,39678308
39430228,39675174
39430229,39675932
39430230,39674026
39430231,39674027
39430233,39674028
39430234,39674029
39430235,39675011
39430236,39675012
39430237,39675013
39430237,39675014
39430238,39678309
39430239,39671964
39430240,39690381
39430240,39690382
39430241,39678310
39430242,39675933
39430242,39675934
39430243,39678311
39431143,39690383
39431144,39671965
39431144,39671966
39431145,39690384
39431146,39690385
39431147,39675015
39431148,39675935
39431149,39678312
39431150,39675936
39431151,39675016
39431152,39675017
39431153,39671967
39431154,39674030
39431155,39678313
39431156,39690386
39431157,39671968
39431158,39675018
39431159,39671969
39431160,39671970
39431161,39674031
39431162,39690387
39431163,39674032
39431164,39675019
39431165,39678314
39431166,39674033
39431167,39675937
39431168,39675938
39431169,39671971
39431170,39675939
39431171,39671972
39431172,39675940
39431173,39671973
39431174,39678315
39431175,39675020
39431176,39690388
39431176,39690389
39431177,39674034
39431178,39675175
39431179,39671974
39431180,39690390
39431181,39675021
39431182,39674035
39431183,39678316
39431184,39671975
39431185,39690391
39431186,39678317
39431187,39674036
39431188,39675941
39431189,39675942
39431190,39675022
39431191,39674037
39431192,39671976
39431193,39675943
39431194,39675176
39431195,39675023
39431196,39675024
39431197,39675177
39431199,39675025
39431198,39675025
39431200,39678318
39431200,39678319
39431201,39675178
39431201,39675179
39431202,39690392
39431204,39675944
39431203,39675944
39431205,39675180
39431206,39671977
39431207,39674038
39431207,39674039
39431208,39675945
39431208,39675946
39431209,39671978
39431210,39671978
39431211,39674798
39431212,39678320
39431213,39675181
39431213,39675182
39431214,39690393
39431214,39690394
39431215,39675947
39431216,39678321
39431217,39671979
39431218,39675026
39431218,39675027
39431219,39674799
39431220,39679090
39431221,39690395
39431222,39690396
39431222,39690397
39431223,39671980
39431224,39690398
39431225,39690399
39431226,39679091
39431227,39690400
39431227,39690401
39431228,39690402
39431229,39675948
39431230,39675183
39431230,39675184
39431231,39671981
39431232,39690403
39431233,39679092
39431234,39675949
39431235,39675950
39431236,39671982
39431237,39671983
39431238,39675028
39431239,39674800
39431240,39671984
39431241,39675185
39431242,39690404
39431243,39690405
39431244,39671985
39431246,39675186
39431247,39679093
39431248,39675187
39431249,39675952
39431250,39671986
39431251,39671987
39431252,39671988
39431252,39671989
39431253,39675029
39431254,39674801
39431255,39679094
39431256,39675953
39431257,39675030
39431258,39671990
39431259,39675188
39431260,39671991
39431261,39675031
39431262,39674802
39429137,39671934
39429138,39678273
39429139,39690348
39429140,39674977
39429141,39674391
39429142,39675154
39429143,39675155
39429144,39678274
39429144,39678275
39429145,39674392
39429146,39678276
39429147,39675156
39429148,39674978
39429149,39690349
39429150,39674393
39429151,39674979
39429152,39678277
39429153,39678278
39429154,39671935
39429155,39674980
39429156,39674981
39429157,39666026
39429158,39675157
39429159,39690350
39429160,39690351
39429161,39678279
39429162,39690352
39429163,39678280
39429164,39666027
39429165,39666028
39429166,39675158
39429166,39675159
39429167,39675160
39429168,39674394
39429169,39671936
39429170,39671937
39430064,39678281
39430065,39675161
39430066,39674395
39430067,39666029
39430068,39671938
39430069,39671939
39430070,39671940
39430071,39674982
39430072,39674396
39430073,39674397
39430074,39671941
39430076,39678283
39430077,39678283
39430075,39678282
39430078,39671942
39430079,39674983
39430080,39674398
39430081,39674399
39430083,39671943
39430082,39671944
39430084,39674984
39430085,39674985
39430086,39671945
39430087,39678284
39430088,39674400
39430090,39678285
39430091,39675163
39430092,39675164
39430093,39674986
39430094,39674987
39430095,39674988
39430096,39674401
39430097,39690353
39430098,39675165
39430099,39674989
39430099,39674990
39430100,39690354
39430101,39690354
39430103,39690354
39430102,39690354
39430104,39674991
39430104,39674992
39430105,39666030
39430106,39674993
39430106,39674994
39430107,39674995
39430108,39674996
39430108,39674997
39430109,39671946
39430110,39671947
39430111,39674402
39430112,39674403
39430113,39674998
39430114,39690355
39430114,39690356
39430115,39666031
39430116,39671948
39430117,39674404
39430117,39674405
39430118,39674405
39430119,39678286
39430120,39671949
39430121,39675166
39430122,39690357
39430123,39678287
39430124,39678288
39430125,39666032
39430126,39671950
39430127,39675167
39430128,39675168
39430129,39675169
39430130,39671951
39430131,39678289
39430132,39674406
39430132,39674407
39430133,39671952
39430134,39674408
39430135,39678290
39430136,39674409
39430137,39671953
39430138,39690358
39430139,39671954
39430140,39675170
39430142,39675171
39430143,39678291
39430145,39690361
39430146,39666033
39430147,39666034
39430148,39690362
39430149,39690363
39430150,39674410
39430151,39674999
39430152,39671955
39430152,39671956
39430153,39678292
39430154,39690364
39430154,39690365
39430155,39678293
39430156,39666035
39430157,39666036
39430158,39675000
39430159,39678294
39430160,39666037
39430161,39690366
39430161,39690367
39430162,39675001
39430179,39674412
39430180,39690373
39430181,39666041
39430182,39678296
39430183,39678297
39430184,39675924
39430185,39675925
39430186,39678298
39430187,39675926
39430163,39678295
39430164,39675002
39430165,39675003
39430166,39666038
39430166,39666039
39430167,39690368
39430168,39690369
39430169,39675004
39430170,39675005
39430171,39674411
39430172,39690370
39430173,39690371
39430174,39690372
39430175,39666040
39430176,39671957
39430177,39675006
39430178,39675172
39430188,39674413
39430189,39678299
39430190,39675007
39430191,39671958
39430192,39674414
39430193,39666042
39430194,39671959
39430195,39675008
39430196,39675009
39430197,39690374
39429059,39674377
39429061,39670286
39429062,39670287
39429063,39670288
39429064,39670289
39429065,39671922
39429066,39674379
39429067,39690340
39429069,39666015
39429068,39666014
39429070,39675145
39429071,39671923
39429072,39671924
39429073,39675146
39429074,39678260
39429075,39678261
39429076,39666016
39429077,39674380
39429078,39666993
39429079,39671925
39429080,39675147
39429081,39666017
39429082,39675148
39429083,39674381
39429084,39666018
39429085,39666994
39429086,39678262
39429086,39678263
39429087,39678264
39429087,39678265
39429088,39690341
39429089,39671926
39429091,39678267
39429092,39671927
39429093,39675150
39429094,39675149
39429095,39666995
39429096,39678268
39429097,39678269
39429098,39666019
39429099,39674382
39429100,39671928
39429101,39666996
39429102,39671929
39429103,39678270
39429104,39666997
39429105,39666020
39429106,39671930
39429107,39666998
39429109,39674383
39429108,39674384
39429110,39690342
39429111,39666999
39429112,39675151
39429113,39666021
39429114,39674385
39429115,39678271
39429116,39667000
39429117,39666022
39429118,39674386
39429119,39671931
39429120,39666023
39429121,39690343
39429122,39690344
39429123,39675152
39429124,39690345
39429125,39675153
39429126,39674387
39429126,39674388
39429127,39671932
39429127,39671933
39429128,39666024
39429129,39666025
39429130,39674389
39429131,39690346
39429132,39667001
39429133,39690347
39429134,39667002
39429135,39674390
39429136,39678272
39433276,39679147
39433300,39674845
39433303,39675823
39433304,39672805
39433305,39675988
39433306,39674846
39433307,39675989
39433308,39675824
39433309,39675825
39433310,39672806
39433311,39679150
39433312,39679151
39433313,39679152
39433314,39675228
39433316,39675826
39433317,39675827
39433318,39675229
39433319,39679153
39433319,39679154
39433320,39675990
39433321,39675991
39433322,39675992
39433323,39691194
39433324,39674847
39433325,39679155
39433326,39679156
39433327,39691195
39433328,39691196
39433329,39679157
39433330,39675828
39433331,39674848
39433332,39675829
39433333,39672807
39433333,39672808
39433334,39675830
39433335,39672809
39433336,39675993
39433337,39674849
39433338,39672810
39433339,39674850
39433339,39674851
39433340,39674852
39433341,39675994
39433342,39675230
39433343,39679158
39433344,39672811
39433345,39679159
39433346,39675995
39433347,39675996
39433348,39675831
39433349,39675231
39433349,39675232
39433350,39675997
39433351,39672812
39433352,39691197
39433353,39679160
39433354,39675832
39433355,39679162
39433355,39679163
39433356,39679161
39433357,39675998
39433358,39672813
39433359,39675833
39433360,39679164
39433361,39675233
39433362,39675999
39433363,39676000
39433363,39676001
39433364,39675834
39433365,39691198
39433366,39672814
39433367,39676002
39431265,39674803
39431266,39690406
39431267,39675032
39431267,39675033
39431269,39679097
39431269,39679098
39431270,39679099
39431271,39675954
39431272,39675035
39431273,39679100
39431273,39679101
39431274,39671992
39431275,39679102
39431276,39690407
39431276,39691164
39431277,39675189
39431278,39679103
39431279,39675190
39431280,39674804
39431280,39674805
39431281,39675036
39431282,39675037
39431283,39679104
39431284,39671993
39431285,39675191
39431285,39675192
39431286,39671994
39431287,39675038
39431288,39679105
39431288,39679106
39431289,39675955
39431290,39679107
39431291,39675039
39431292,39675193
39431293,39675194
39431294,39671995
39431295,39679108
39431295,39679109
39431296,39675195
39431297,39679110
39431298,39675040
39431299,39675041
39431300,39674806
39431301,39671996
39431301,39671997
39431302,39675196
39431303,39674807
39431304,39674808
39431305,39679111
39431306,39679112
39431307,39675042
39431308,39671998
39431309,39674809
39431310,39679113
39431311,39675043
39431312,39675197
39431313,39675956
39431314,39675198
39431315,39675044
39431316,39691165
39431317,39674810
39431319,39671999
39432206,39675045
39432207,39675199
39432208,39675200
39432209,39675957
39432210,39679115
39432210,39679116
39432211,39675958
39432212,39672000
39432213,39679117
39432213,39679118
39432214,39672001
39432216,39675046
39432217,39675799
39432218,39675800
39432218,39675801
39432219,39675802
39432220,39672002
39432221,39679119
39432222,39675959
39432223,39675960
39432224,39691166
39432225,39674813
39432226,39679120
39432227,39679121
39432228,39675961
39432229,39675962
39432230,39672003
39432231,39675201
39432232,39675963
39432233,39675202
39432234,39679122
39432235,39672004
39432236,39674814
39432237,39679123
39432238,39675203
39432239,39672005
39432240,39674815
39432241,39675204
39432241,39675205
39432242,39691167
39432242,39691168
39432243,39672006
39432244,39675206
39432244,39675207
39432245,39675803
39432246,39672007
39432247,39675804
39432248,39675805
39432249,39679124
39432250,39675208
39432251,39672008
39432252,39675806
39432253,39691169
39432254,39674816
39432255,39675964
39432256,39672009
39432257,39674817
39432258,39679125
39432259,39674818
39432316,39674825
39432317,39672782
39432318,39672782
39432319,39675216
39435547,39675892
39435573,39681594
39432260,39679126
39432263,39672010
39432263,39672011
39432262,39672010
39432262,39672011
39432261,39672010
39432261,39672011
39432264,39691170
39432265,39675965
39432266,39672012
39432267,39672013
39432268,39675807
39432269,39691171
39432270,39675209
39432271,39675209
39432272,39675808
39432273,39679127
39432276,39679127
39432277,39679127
39432274,39679127
39432275,39679127
39432279,39674819
39432279,39674820
39432280,39675210
39432281,39675966
39432282,39674821
39432283,39675967
39432284,39674822
39432285,39679129
39432286,39675211
39432287,39679130
39432288,39675968
39432289,39691172
39432290,39675809
39432290,39675810
39432291,39675969
39432292,39691173
39432293,39672014
39432295,39675970
39432296,39672776
39432297,39675971
39432298,39672777
39432299,39679131
39432300,39691174
39432301,39675213
39432301,39675214
39432302,39674823
39432303,39675215
39432304,39691175
39432305,39679132
39432306,39675972
39432307,39679133
39432308,39672778
39432309,39675973
39432310,39675974
39432311,39691176
39432312,39672779
39432313,39672780
39432314,39672781
39432315,39674824
39435598,39691263
39434506,39691234
39435446,39691239
39435461,39675881
39435484,39674890
39435489,39691248
39435489,39691249
39433373,39675235
39433374,39679165
39433375,39691199
39433376,39683189
39433377,39691200
39433378,39683190
39433379,39675836
39433380,39676003
39433381,39675837
39433381,39675838
39433382,39691201
39433368,39672815
39433368,39672816
39433369,39672817
39433370,39674853
39433371,39675234
39433372,39675835
39433383,39683191
39433383,39683192
39433384,39679166
39433385,39683193
39433385,39683194
39433386,39691202
39433387,39691203
39433388,39674854
39433389,39672818
39433390,39683195
39433391,39675839
39433392,39674855
39433393,39679167
39433394,39674856
39433395,39672819
39433396,39676004
39433397,39672820
39433398,39679168
39433399,39676005
39433400,39676006
39433401,39679169
39433402,39679170
39433403,39679171
39433404,39674857
39433405,39679172
39433405,39679173
39433406,39691204
39433406,39691205
39433407,39679174
39433407,39679175
39433408,39674858
39433408,39674859
39433409,39675840
39433410,39691206
39433411,39683196
39433411,39683197
39433412,39691207
39433413,39674860
39433414,39676007
39433414,39676008
39433415,39680793
39433416,39675841
39433417,39679176
39433418,39675842
39433419,39680794
39433420,39691208
39433421,39675843
39433422,39683198
39433423,39683199
39433424,39674861
39433425,39683200
39433426,39683201
39433427,39680795
39433428,39675844
39434353,39683203
39434356,39675851
39434411,39675858
39432320,39675811
39432321,39675812
39432322,39675975
39432323,39675976
39432325,39691177
39432326,39672783
39432327,39674826
39432328,39679134
39432329,39679135
39432330,39672784
39432331,39674827
39432332,39679136
39432333,39691178
39432334,39674828
39432334,39674829
39432335,39691179
39432336,39675977
39432337,39675217
39432338,39679137
39432339,39675218
39432340,39672785
39432341,39674830
39432342,39679138
39432343,39691180
39432344,39672786
39432345,39691181
39432346,39691182
39432346,39691183
39432347,39691184
39432348,39675219
39432348,39675220
39432349,39675219
39432349,39675220
39432350,39691185
39432350,39691186
39432351,39675814
39432352,39672787
39432353,39674831
39432354,39675815
39436600,39684037
39432355,39691187
39432356,39674832
39432357,39672788
39432358,39674833
39432359,39691188
39432360,39675816
39432361,39675817
39432362,39679139
39432363,39672789
39432364,39675221
39432365,39679140
39432366,39675222
39432367,39691189
39432368,39675978
39432369,39679141
39432370,39672790
39432371,39691190
39432373,39672791
39432372,39672791
39432374,39675223
39432375,39672792
39432376,39674834
39432377,39675979
39432378,39675980
39432379,39674835
39432380,39672793
39432381,39679142
39432382,39679143
39432383,39672794
39432384,39672795
39432384,39672796
39432385,39679144
39433266,39675818
39433267,39679145
39433267,39679146
39433268,39675224
39433269,39675224
39433270,39672797
39433271,39672798
39433272,39674836
39433273,39674837
39433274,39674838
39433275,39675819
39433277,39675225
39433278,39675225
39433279,39675226
39433280,39675981
39433280,39675982
39433281,39675983
39433282,39675984
39433283,39691191
39433284,39672799
39433286,39675985
39433285,39675986
39433287,39675987
39433288,39679148
39433289,39675820
39433290,39691192
39433291,39675227
39433292,39675821
39433293,39675822
39433294,39672800
39433295,39672801
39433296,39674839
39433296,39674840
39433297,39672802
39433298,39674841
39433298,39674842
39433299,39674843
39433299,39674844
39433301,39679149
39433302,39672803
39433302,39672804
39435510,39674900
39435510,39674901
39435511,39675888
39435511,39675889
39435512,39680840
39435513,39674902
39435514,39684009
39435515,39674903
39435516,39680841
39435516,39680842
39435517,39684010
39435517,39684011
39435518,39680843
39435519,39684767
39435519,39684768
39435520,39684770
39435521,39684769
39435522,39675890
39435523,39684012
39435524,39691254
39435525,39684771
39435526,39684013
39435527,39681588
39435528,39687933
39435529,39674904
39435530,39681589
39435531,39674905
39435532,39684772
39435533,39681590
39435534,39675891
39435535,39687934
39435536,39684014
39435537,39681591
39435538,39684773
39435539,39674906
39435540,39674907
39435541,39684774
39435542,39691255
39435543,39684775
39435545,39691257
39435546,39684015
39435548,39687935
39435549,39691258
39435549,39691259
39435550,39684776
39435551,39687936
39435552,39684777
39435553,39675893
39435554,39675894
39435554,39675895
39435555,39681592
39435555,39681593
39435556,39687937
39435557,39684778
39435558,39691260
39435559,39675896
39435560,39687938
39435561,39674908
39435562,39684779
39435562,39684780
39435563,39684016
39435564,39687939
39435565,39674909
39435566,39674910
39435567,39684017
39435568,39684781
39435569,39684018
39435570,39684782
39435570,39684783
39435571,39674911
39435572,39684784
39435574,39684785
39435575,39684786
39435576,39674912
39435577,39687940
39435578,39674913
39435579,39675897
39435580,39684787
39435581,39674914
39435582,39684019
39435583,39691261
39435584,39684788
39435585,39684020
39435586,39684021
39435587,39687941
39435589,39684022
39435588,39684023
39435590,39684789
39435591,39684024
39435592,39674915
39435593,39674916
39435594,39674916
39435595,39674917
39435596,39684790
39435597,39691262
39435599,39684025
39435600,39675898
39435601,39684026
39435602,39675899
39435602,39675900
39435603,39687942
39435608,39684027
39435609,39684027
39435604,39684027
39435605,39684027
39435606,39684027
39435607,39684027
39435610,39687943
39435611,39687944
39435612,39681595
39435613,39681596
39435614,39674918
39435615,39684791
39435616,39681597
39435617,39684028
39435618,39684792
39435618,39684793
39436529,39684794
39436530,39684795
39436530,39684796
39436531,39684798
39436532,39684797
39436532,39684798
39436533,39684799
39436534,39687945
39436535,39681598
39436536,39684800
39436537,39684029
39436537,39684030
39436538,39681599
39436539,39687946
39436540,39675901
39436541,39674919
39436542,39684801
39436543,39681600
39436544,39691264
39436545,39687947
39436546,39687948
39436547,39675902
39436548,39675903
39436549,39691265
39436550,39684031
39436551,39684802
39436552,39687949
39436553,39691266
39436553,39700983
39436553,39700984
39436554,39675904
39436555,39681601
39436556,39700985
39436557,39674920
39436558,39674921
39436559,39684032
39436560,39684033
39436561,39675905
39436562,39684803
39436563,39684034
39436564,39687950
39436564,39687951
39436565,39674922
39436566,39681602
39436567,39700986
39436568,39675676
39436568,39675677
39436575,39681604
39436578,39700987
39434432,39680819
39434433,39679188
39434434,39675863
39434435,39679189
39434436,39683219
39434437,39676028
39434438,39680820
39434439,39679190
39434440,39675864
39434441,39675865
39434441,39675866
39434442,39691218
39434443,39676029
39434444,39674878
39434445,39675867
39434446,39679191
39434447,39683220
39434447,39683221
39434449,39691219
39434449,39691220
39434450,39691219
39434450,39691220
39434448,39691219
39434448,39691220
39434451,39675868
39434451,39675869
39434452,39691221
39434453,39674879
39434454,39683222
39434454,39683223
39434455,39679192
39434456,39676030
39434457,39679193
39434459,39680821
39434460,39675870
39434461,39680822
39434461,39680823
39434462,39674880
39434462,39674881
39434463,39691222
39434463,39691223
39434464,39676031
39434465,39679195
39434466,39683983
39434467,39683984
39434468,39675871
39434469,39683985
39434470,39683986
39434470,39683987
39434471,39683988
39434472,39680824
39434473,39674882
39434474,39683989
39434475,39679196
39434476,39683990
39434477,39683991
39434478,39675872
39434479,39675872
39434480,39680825
39434481,39679197
39434482,39691224
39434483,39691225
39434484,39675873
39434485,39676032
39434486,39679198
39434487,39679199
39434488,39691226
39434489,39691227
39434489,39691228
39434490,39680826
39434491,39683992
39434492,39675874
39434492,39675875
39434493,39679200
39434494,39691229
39434495,39691230
39434496,39679201
39434497,39676033
39434498,39680827
39434499,39675876
39434500,39691231
39434501,39676034
39434502,39691232
39434503,39674883
39434504,39691233
39434505,39683993
39434507,39691235
39434508,39691236
39434509,39683994
39434510,39683995
39434511,39674884
39434512,39684750
39434513,39680828
39434514,39679202
39434515,39683996
39434516,39683997
39434517,39680829
39434517,39680830
39434517,39680831
39434518,39679203
39434519,39684751
39434520,39679204
39434521,39679205
39434522,39674885
39434523,39674886
39434524,39674887
39434525,39675877
39434526,39675878
39434527,39679206
39435440,39691237
39435441,39691238
39435442,39683998
39435443,39675879
39435444,39683999
39435444,39684000
39435445,39684752
39435447,39691240
39435448,39684001
39435449,39680832
39435450,39679207
39435451,39679208
39435452,39679209
39435453,39684002
39435454,39691241
39435455,39674888
39435455,39674889
39435457,39679211
39435456,39679210
39435458,39675880
39435459,39691242
39435459,39691243
39435460,39680833
39435462,39684003
39435463,39684753
39435464,39680834
39435465,39680835
39435466,39684754
39435467,39691244
39435468,39675882
39435469,39691245
39435470,39679212
39435471,39679213
39435471,39679214
39435472,39684755
39435473,39679968
39435474,39679969
39435475,39680836
39435476,39691246
39435476,39691247
39435477,39684004
39435478,39680837
39435478,39680838
39435494,39679972
39435495,39684007
39435496,39674895
39435497,39691250
39435498,39674896
39435498,39674897
39435499,39674898
39435500,39691251
39435479,39680839
39435480,39684756
39435480,39684757
39435480,39684758
39435481,39679970
39435481,39679971
39435482,39675883
39435482,39675884
39435483,39675885
39435485,39684759
39435486,39674891
39435487,39674892
39435487,39674893
39435488,39684760
39435488,39684761
39435490,39684762
39435490,39684763
39435491,39684005
39435491,39684006
39435492,39684764
39435493,39674894
39435501,39675886
39435502,39684765
39435503,39675887
39435504,39691252
39435505,39674899
39435506,39687932
39435507,39684766
39435508,39691253
39435509,39684008
39433429,39676009
39433430,39680796
39433431,39691209
39433432,39691210
39433433,39674862
39433434,39680797
39433435,39674863
39433436,39675845
39433437,39680798
39433438,39679177
39433439,39675846
39433440,39680799
39433441,39676010
39433442,39691211
39433443,39674864
39433444,39675847
39433444,39675848
39433445,39679178
39434350,39683202
39434351,39680800
39434351,39680801
39434352,39675849
39434352,39675850
39434354,39680802
39434355,39683204
39434357,39680803
39434358,39676012
39434359,39680804
39434360,39683205
39434361,39691212
39434362,39675852
39434363,39676013
39434364,39676014
39434365,39676015
39434366,39676016
39434367,39680805
39434367,39680806
39434368,39675853
39434369,39674865
39434370,39676017
39434371,39676018
39434372,39679179
39434373,39683206
39434374,39691213
39434374,39691214
39434375,39676019
39434376,39674866
39434377,39680807
39434378,39674867
39434379,39680808
39434380,39683207
39434381,39674868
39434382,39674869
39434383,39674870
39434384,39676020
39434385,39674871
39434386,39679180
39434387,39679181
39434388,39683208
39434389,39683209
39438820,39685405
39437682,39675711
39434390,39680809
39434391,39683210
39434392,39683211
39434393,39679182
39434393,39679183
39434394,39691215
39434395,39676021
39434396,39675854
39434397,39680810
39434399,39680811
39434400,39675855
39434401,39675856
39434402,39676022
39434403,39683212
39434403,39683213
39434404,39679184
39434405,39679185
39434406,39680812
39434406,39680813
39434407,39691216
39434408,39676023
39434409,39680814
39434410,39675857
39434412,39679186
39434413,39679187
39434414,39680815
39434415,39680816
39434416,39674873
39434416,39674874
39434417,39680817
39434418,39675859
39434418,39675860
39434419,39676024
39434419,39676025
39434420,39675861
39434421,39676026
39434421,39676027
39434422,39674875
39434422,39674876
39434423,39683214
39434424,39691217
39434425,39675862
39434426,39683215
39434427,39683216
39434428,39680818
39434429,39674877
39434430,39683217
39434431,39683218
39437764,39701807
39438888,39685414
39439881,39685424
39436569,39687952
39436570,39681603
39436571,39684035
39436572,39675906
39436573,39684036
39436574,39687953
39436576,39687954
39436577,39687955
39436579,39675678
39436580,39681605
39436581,39687956
39436582,39681606
39436583,39700988
39436584,39700989
39436585,39684804
39436586,39684805
39436587,39681607
39436588,39675679
39436589,39684806
39436590,39681608
39436591,39675680
39438773,39688017
39438773,39688018
39438774,39701823
39438775,39684855
39438776,39685397
39438777,39684666
39438778,39684094
39438779,39688019
39438780,39681659
39438781,39681660
39438782,39684095
39438783,39688020
39438784,39684856
39438785,39684667
39438786,39684096
39438787,39684668
39438788,39681661
39438789,39684669
39438790,39684857
39438791,39701824
39438792,39684670
39438793,39684097
39438794,39684098
39438795,39688021
39438796,39684099
39438796,39684100
39438797,39688022
39438798,39685398
39438799,39685399
39438800,39701825
39438801,39684101
39438802,39684671
39438803,39684858
39438804,39681662
39438805,39684672
39438805,39684673
39438806,39684102
39438806,39684103
39438807,39684104
39438808,39688023
39438809,39685400
39438810,39684105
39438812,39688784
39438813,39685401
39438813,39685402
39438814,39701826
39438815,39684106
39438816,39685403
39438817,39685404
39438818,39681663
39438819,39684675
39438821,39701827
39438822,39684676
39438823,39701828
39438824,39684677
39438825,39688785
39438826,39684678
39438827,39681664
39438828,39684107
39438829,39701829
39438830,39688787
39438831,39688786
39437677,39687980
39437678,39684065
39437679,39684647
39437680,39684833
39437681,39687981
39437683,39684834
39437683,39684835
39437684,39681628
39437685,39701024
39437686,39681629
39437687,39684066
39437687,39684067
39437688,39684068
39437689,39681630
39437690,39701025
39437690,39701026
39437691,39681631
39437691,39681632
39437692,39687982
39437693,39687983
39437694,39675712
39437694,39675713
39437695,39675714
39437696,39681633
39437697,39701027
39437698,39687984
39437698,39687985
39437699,39684648
39437700,39701028
39437701,39684836
39437702,39684069
39437703,39684649
39437704,39684650
39437705,39684070
39437706,39684651
39437707,39675715
39437708,39684071
39437709,39687986
39437710,39684072
39437710,39684073
39437711,39684074
39437712,39675716
39437713,39687987
39437714,39701029
39437715,39684075
39437716,39684076
39437716,39684077
39437717,39701030
39437722,39687988
39437723,39675718
39437724,39684837
39437725,39684653
39437726,39701794
39437727,39675719
39437728,39675720
39437729,39684654
39437730,39684838
39437730,39684839
39437731,39701795
39437732,39675721
39437733,39675722
39437733,39675723
39437734,39684078
39437734,39684079
39437735,39681635
39437736,39684840
39437737,39701796
39437738,39687989
39437739,39684655
39437739,39684656
39437740,39701797
39437740,39701798
39437741,39687990
39437741,39687991
39437742,39684080
39437743,39681636
39437743,39681637
39437744,39687992
39437745,39687993
39437746,39687994
39437747,39687995
39437748,39701799
39437748,39701800
39437749,39701799
39437749,39701800
39437750,39701801
39437751,39687996
39437752,39675724
39437752,39675725
39437753,39675726
39437755,39701802
39437754,39701802
39437756,39684081
39437757,39701803
39437758,39684841
39437758,39684842
39438857,39685409
39437718,39701031
39437719,39684652
39437720,39675717
39437721,39681634
39437759,39701804
39437759,39701805
39437760,39684843
39437761,39681638
39437762,39701806
39437763,39687997
39437765,39684657
39437766,39681639
39437767,39701808
39437768,39687998
39437769,39684658
39437770,39687999
39437771,39701809
39437772,39684844
39437773,39684659
39437774,39688000
39437775,39688001
39437776,39685383
39437777,39684660
39437778,39685384
39437779,39688002
39437780,39681640
39437781,39684845
39437782,39681641
39437783,39681642
39437783,39681643
39437784,39684661
39437785,39685385
39437786,39685386
39437787,39701810
39437788,39684846
39437789,39684082
39437790,39701811
39437791,39681644
39437792,39688003
39437793,39688004
39437794,39684847
39437794,39684848
39437795,39684849
39437796,39684662
39437797,39684850
39438711,39684083
39438712,39688005
39438713,39685387
39438714,39684084
39438715,39701812
39438716,39688006
39438717,39688006
39438719,39684085
39438718,39684085
39438720,39684085
39438721,39685388
39438722,39685389
39438723,39685390
39438724,39684851
39438725,39701813
39438726,39684852
39438727,39681645
39438727,39681646
39438728,39681647
39438729,39684086
39438729,39684087
39438730,39688007
39438731,39681648
39438732,39688008
39438733,39684853
39438734,39684088
39438735,39688009
39438736,39684663
39438737,39681649
39438738,39681650
39438739,39684089
39438740,39685391
39438740,39685392
39438741,39684090
39438742,39684090
39438743,39701814
39438744,39688010
39438745,39701815
39438746,39684091
39438747,39685393
39438748,39681651
39438749,39681652
39438750,39701816
39438750,39701817
39438751,39688011
39438751,39688012
39438752,39684664
39438753,39681653
39438754,39701818
39438755,39688013
39438755,39688014
39438757,39684092
39438758,39684092
39438756,39684092
39438759,39688015
39436592,39681609
39436593,39700990
39436594,39681610
39436595,39675681
39436596,39687957
39436597,39684807
39436598,39675682
39436599,39684808
39436601,39684809
39436602,39687958
39436603,39684038
39436604,39700991
39436605,39684039
39436606,39675907
39436607,39700992
39436608,39684810
39436609,39700993
39436610,39687959
39436611,39681611
39436611,39681612
39436612,39681613
39436613,39684040
39436615,39684042
39436616,39684043
39436614,39684041
39436617,39684044
39436618,39684045
39436619,39684811
39436619,39684812
39436620,39675683
39436620,39675684
39436621,39675684
39436622,39675684
39436623,39675684
39436624,39684046
39436625,39684046
39436626,39687960
39436627,39687961
39436628,39675685
39436629,39675908
39436630,39675686
39436631,39675687
39436632,39675688
39436633,39675909
39436634,39700994
39436635,39675910
39436636,39675689
39436637,39675690
39436638,39700995
39436638,39700996
39436639,39675691
39436639,39675692
39436640,39675911
39436641,39684047
39436642,39684047
39436643,39687962
39436644,39684048
39436644,39684049
39436645,39687963
39436645,39687964
39436646,39684813
39436647,39684814
39436647,39684815
39436648,39681614
39436649,39684816
39436650,39700997
39436651,39687965
39436652,39681615
39436652,39681616
39436653,39684817
39436654,39684818
39436655,39684050
39436656,39684051
39436657,39687966
39436658,39684052
39436659,39700998
39436660,39675912
39436661,39700999
39436661,39701000
39436662,39684053
39436663,39684819
39436664,39701001
39436665,39684820
39436666,39687967
39436667,39675913
39436667,39675914
39436668,39684054
39436669,39687968
39436670,39675693
39436671,39701002
39436672,39684055
39436673,39681617
39436674,39675694
39436675,39675915
39436676,39675916
39436677,39675917
39436678,39675918
39436678,39675919
39436679,39684821
39436680,39684634
39436681,39701003
39436682,39701004
39436683,39684822
39436684,39681618
39436685,39684056
39436686,39681619
39436687,39675695
39436688,39687969
39436689,39684057
39436691,39675696
39436690,39675696
39436692,39684058
39436692,39684059
39436693,39701005
39436694,39687970
39436695,39701006
39436696,39687971
39436697,39675697
39436698,39684635
39436699,39701007
39436700,39684823
39436701,39701008
39436702,39684060
39436703,39675698
39436704,39684824
39436704,39684825
39436705,39684826
39437620,39684636
39437621,39687972
39437622,39684637
39437623,39687973
39437624,39701009
39437624,39701010
39437625,39675699
39437626,39684638
39437627,39675700
39437628,39701011
39437628,39701012
39437629,39687974
39437630,39675701
39437631,39681620
39437632,39687975
39437633,39684827
39437634,39687976
39437635,39675702
39437636,39684639
39437636,39684640
39437637,39701013
39437638,39684061
39437639,39675703
39437639,39675704
39437640,39684641
39437641,39701014
39437642,39681621
39437643,39684642
39437644,39684643
39437645,39701015
39437646,39681622
39437647,39701016
39437648,39684644
39437649,39684828
39437650,39684829
39437651,39684645
39437652,39684830
39437653,39684831
39437654,39701017
39437655,39701018
39437656,39684646
39437657,39675705
39437658,39687977
39437659,39684062
39437660,39681623
39437661,39681623
39437662,39684063
39437662,39684064
39437664,39701019
39437663,39701020
39437665,39701021
39437666,39687978
39437667,39675706
39437668,39675707
39437669,39681624
39437669,39681625
39437670,39684832
39437671,39701022
39437671,39701023
39437672,39675708
39437672,39675709
39437673,39681626
39437674,39681627
39437675,39687979
39437676,39675710
39438887,39681677
39439810,39684689
39438760,39701819
39438760,39701820
39438761,39681654
39438762,39681655
39438763,39701821
39438764,39684093
39438765,39685394
39438766,39681656
39438766,39681657
39438766,39681658
39438767,39684665
39438768,39685395
39438769,39701822
39438770,39688016
39438771,39685396
39438772,39684854
39438832,39684859
39438833,39681665
39438834,39701830
39438835,39688788
39438835,39688789
39438836,39688789
39438837,39684860
39438838,39681666
39438839,39701831
39438840,39684679
39438841,39685619
39438842,39688790
39438842,39688791
39438843,39685406
39438844,39684861
39438845,39684680
39438847,39684682
39438846,39684681
39438848,39685620
39438849,39688792
39438850,39688793
39438851,39685407
39438852,39681667
39438853,39684683
39438854,39684862
39438855,39688794
39438856,39685408
39440918,39684718
39440919,39685670
39440920,39685671
39440921,39684719
39440922,39685440
39440923,39691161
39440924,39688832
39440925,39684720
39440926,39688833
39440927,39685672
39440927,39685673
39440928,39701878
39440928,39701879
39440929,39701880
39440930,39688834
39440931,39688835
39438858,39688795
39438859,39684684
39438860,39681668
39438861,39684863
39440932,39701881
39440933,39685674
39440934,39688836
39440935,39691162
39440936,39688837
39440937,39681703
39440938,39684721
39440939,39681704
39440940,39684722
39440941,39685675
39440942,39685441
39440943,39688838
39440944,39688839
39440945,39684723
39440946,39685676
39440947,39691163
39440948,39681705
39440949,39701882
39440950,39691923
39440950,39691924
39440951,39701883
39440952,39684724
39440953,39684725
39440954,39685442
39440955,39691925
39440956,39681706
39440957,39688840
39440958,39685443
39440959,39685677
39440959,39685678
39440960,39685444
39440961,39684726
39440962,39685679
39440962,39685680
39440963,39681707
39440964,39688841
39440965,39684727
39440966,39684728
39440967,39688842
39440968,39701884
39440968,39701885
39440969,39701886
39440970,39684729
39440971,39701887
39440971,39701888
39440972,39684730
39440973,39685681
39440973,39685682
39440974,39684731
39440975,39691926
39440976,39681708
39440977,39681709
39440978,39691927
39440979,39685683
39440980,39684732
39438862,39685410
39438863,39685410
39438864,39681669
39438865,39701832
39438865,39701833
39438866,39681670
39438867,39701834
39438867,39701835
39438868,39685621
39438868,39685622
39438869,39701836
39438870,39681671
39438871,39681672
39438872,39681673
39438873,39684685
39438874,39701837
39438875,39685623
39438876,39681674
39438877,39688796
39438878,39684686
39440907,39684716
39440908,39701875
39440908,39701876
39440909,39691159
39440910,39688828
39440911,39685668
39440912,39691160
39440913,39688829
39440913,39688830
39440914,39701877
39440915,39684717
39440916,39688831
39440917,39685669
39438879,39684687
39438880,39681675
39438881,39685411
39438882,39681676
39438883,39685412
39438883,39685413
39438884,39701838
39438884,39701839
39438885,39701840
39438886,39684688
39438889,39685624
39439811,39681678
39439812,39701841
39439813,39688797
39439814,39685625
39439815,39684690
39439816,39685415
39439817,39684864
39439818,39688798
39439819,39681679
39439819,39681680
39439820,39688799
39439821,39685626
39439822,39685627
39439823,39701842
39439824,39685416
39439825,39688800
39439826,39684865
39439827,39681681
39439828,39685628
39439829,39685629
39439830,39685630
39439831,39684691
39439832,39684692
39439833,39688801
39439834,39685417
39439835,39685631
39439836,39701843
39439837,39684866
39439838,39684693
39439838,39684694
39439839,39684695
39439840,39681682
39439841,39685418
39439842,39685632
39439843,39688802
39439844,39685419
39439845,39688803
39439846,39684696
39439847,39685633
39439848,39701844
39439849,39684867
39439849,39684868
39439850,39688804
39439851,39688804
39439852,39688805
39439853,39684869
39439853,39684870
39439854,39685420
39439855,39685421
39439856,39685634
39439857,39688806
39439858,39684871
39439859,39684872
39439860,39685635
39439861,39684697
39439862,39701845
39439862,39701846
39439863,39701847
39439863,39701848
39439864,39684698
39439864,39684699
39439866,39684700
39439865,39684701
39439867,39688807
39439867,39688808
39439868,39685422
39439869,39681683
39439870,39685636
39439871,39685423
39439872,39701849
39439873,39701850
39439873,39701851
39439874,39688809
39439875,39681684
39439876,39685637
39439877,39701852
39439877,39701853
39439878,39685638
39439879,39688810
39439880,39685639
39439882,39688811
39439883,39684702
39439885,39685641
39439885,39685642
39439884,39685640
39439886,39681685
39439887,39681686
39439888,39681687
39439889,39681688
39439890,39685643
39439891,39701854
39439892,39684873
39439893,39684703
39439894,39685425
39439895,39688812
39439896,39688813
39439897,39681689
39439898,39701855
39439899,39701856
39439912,39684878
39439912,39684879
39439913,39685429
39439914,39701858
39439915,39685648
39439916,39684880
39439917,39684881
39439918,39684882
39439919,39701859
39439900,39684704
39439901,39684874
39439902,39685644
39439903,39701857
39439904,39685426
39439905,39684875
39439906,39685427
39439907,39685428
39439908,39685645
39439908,39685646
39439909,39684876
39439910,39685647
39439911,39684877
39439920,39688814
39439921,39688815
39439922,39684705
39439923,39681690
39439924,39684883
39439925,39685649
39439926,39701860
39439926,39701861
39439927,39681691
39439927,39681692
39439928,39685430
39439928,39685431
39439929,39684706
39439930,39685650
39439931,39685651
39439932,39685652
39439933,39681693
39439934,39685653
39439935,39684884
39439935,39684885
39439936,39684886
39439937,39688816
39439938,39688817
39439939,39688818
39439940,39685654
39439941,39685432
39439942,39701862
39439943,39701863
39439944,39685655
39439945,39685656
39439945,39685657
39439945,39685658
39439946,39688819
39439947,39685659
39439948,39701864
39439949,39684887
39439950,39701865
39439951,39688820
39439952,39684707
39439953,39701866
39439954,39684708
39439955,39685433
39439956,39701867
39439957,39688821
39439958,39685434
39439959,39685660
39439959,39685661
39439960,39685435
39439961,39688822
39439962,39701868
39439962,39701869
39439963,39684888
39439964,39681694
39439965,39685436
39439966,39684709
39439967,39684889
39439968,39688823
39439969,39685437
39439970,39684710
39439971,39701870
39439971,39701871
39439972,39685662
39439973,39684890
39439974,39681695
39439975,39701872
39439976,39684711
39439976,39684712
39439977,39685663
39439978,39684713
39439979,39691158
39439980,39684714
39439981,39685438
39439982,39685439
39439983,39701873
39439984,39685664
39439984,39685665
39439985,39688824
39439986,39681696
39439987,39681697
39439988,39688825
39439989,39681698
39439989,39681699
39439990,39688826
39439991,39681700
39440900,39684715
39440901,39685666
39440902,39685667
39440903,39681701
39440904,39688827
39440905,39681702
39440906,39701874
