suspect_using_id,offense_id
4,39641485
4,39636726
4,39638980
4,39636727
4,39640381
4,39636717
4,39636718
1,39640368
1,39640369
4,39638967
4,39641473
4,39641474
4,39638968
4,39638969
3,39638970
3,39651479
3,39651480
4,39638971
4,39651481
4,39640370
4,39640371
4,39641475
4,39638972
4,39638973
4,39651482
4,39637542
4,39636151
4,39640372
4,39651483
4,39638974
4,39638975
4,39641476
4,39651484
4,39651485
4,39640373
4,39641477
4,39636719
4,39636152
4,39636720
4,39640374
4,39640375
4,39636721
4,39638976
4,39651486
4,39638977
4,39636722
4,39636153
4,39640376
4,39637543
4,39637544
4,39637545
4,39651487
1,39637546
4,39637547
4,39637548
4,39636154
4,39636155
4,39640377
4,39640378
4,39651488
4,39651489
4,39638311
4,39638312
4,39636723
4,39636156
4,39638978
4,39638313
4,39636157
4,39636158
4,39641478
4,39641479
4,39641480
4,39636159
4,39641481
4,39640379
4,39638314
4,39638315
4,39638316
4,39638317
4,39641482
4,39640380
4,39636724
4,39636725
4,39651490
4,39641483
4,39638979
4,39641484
4,37648047
4,37653810
4,39670272
4,39658043
4,39663810
4,39673579
4,39657188
4,39657189
4,39673580
4,39654908
4,39658751
4,39651129
4,39673581
4,39657393
4,39657394
4,39654909
4,39657395
4,39659722
4,39659723
4,39658752
4,39673582
4,39659724
4,39673583
4,39673584
4,39673585
3,39654910
3,39654911
3,39659725
3,39659726
4,39662893
4,39662894
4,39673594
4,39662895
4,39662896
4,39662897
4,39673595
4,39651142
4,39664849
4,39659727
4,39659728
4,39662885
3,39662886
4,39662887
4,39657396
3,39651130
4,39673586
4,39651131
4,39658753
4,39658754
4,39673587
4,39657397
4,39657398
4,39673588
4,39659729
4,39659730
1,39673589
4,39657399
4,39657400
4,39658755
4,39657190
4,39657401
4,39659731
4,39651132
4,39651133
4,39651134
4,39658756
3,39658757
3,39658758
4,39657191
4,39657192
4,39657402
4,39662888
4,39658759
4,39658760
4,39657403
1,39657193
1,39657194
4,39651135
4,39651136
4,39651137
4,39651138
4,39673590
4,39662889
4,39657195
4,39673591
4,39673592
4,39664847
4,39658761
4,39651139
4,39659732
1,39662890
4,39662891
4,39662892
4,39657196
4,39657197
4,39673593
4,39657198
4,39659733
4,39664848
4,39651140
4,39651141
4,39657404
4,39659734
4,39673596
4,39657199
4,39657200
3,39657405
4,39651143
4,39662898
4,39659735
4,39659736
4,39657201
3,39662899
4,39657202
4,39664850
4,39651144
4,39664851
4,39664852
4,39662900
4,39662901
4,39659737
4,39664853
4,39662902
4,39662903
4,39651145
4,39662904
4,39673597
4,39673598
4,39657406
4,39673599
4,39664854
4,39664855
4,39662905
4,39651146
1,39651147
4,39657203
4,39657204
4,39664856
4,39659738
4,39659739
4,39659740
4,39673600
4,39651148
4,39662906
4,39657205
4,39657407
4,39651149
3,39664857
1,39664857
4,39659741
4,39673601
4,39657408
4,39662907
4,39662908
4,39662909
3,39662910
4,39662911
4,39657409
4,39662912
3,39657410
3,39657411
4,39657412
4,39651150
4,39657413
4,39657414
4,39673602
4,39651151
4,39662913
4,39662914
4,39657415
4,39657416
4,39664858
4,39651152
4,39651153
3,39657206
4,39662915
4,39657207
4,39659742
4,39662916
4,39673603
4,39659743
4,39659744
4,39659745
4,39651154
4,39662917
4,39659746
4,39659747
4,39664859
4,39664860
4,39662918
4,39673605
4,39659750
4,39673606
4,39664861
4,39662919
4,39651155
4,39657417
4,39659748
4,39659749
4,39673604
4,39659713
4,39657387
1,39659714
4,39658746
4,39651122
4,39658747
4,39651123
4,39657388
4,39654902
4,39651124
4,39658748
4,39673571
4,39673572
4,39651125
4,39659715
4,39657389
4,39657390
4,39659716
4,39673573
4,39673574
4,39654903
4,39654904
4,39657391
4,39651126
3,39673575
4,39657185
4,39658749
4,39659717
4,39651127
4,39651128
4,39659718
4,39657392
4,39673576
4,39658750
4,39657186
4,39654905
3,39654906
4,39659719
4,39659720
4,39657187
4,39673577
4,39659721
2,39654907
4,39673578
4,39664923
4,39664924
4,39660548
4,39682349
4,39663740
4,39665449
4,39662920
4,39662921
4,39662922
4,39657208
4,39662923
4,39657209
4,39657210
4,39657418
4,39662924
4,39673607
4,39657419
4,39651156
4,39651157
4,39651158
4,39651159
4,39662925
4,39664862
3,39657420
4,39662926
4,39659751
4,39662927
4,39651160
4,39657421
4,39657216
4,39651162
4,39651163
4,39651164
4,39665410
4,39664865
4,39659752
4,39659753
4,39664863
4,39657422
4,39662928
4,39657211
4,39659754
4,39659755
4,39657423
4,39657212
4,39657213
4,39657214
4,39657215
3,39664864
4,39663691
3,39657424
4,39665408
4,39651161
4,39665409
3,39663692
4,39651165
4,39664866
4,39673608
4,39664867
4,39659756
4,39651166
4,39664868
4,39651167
4,39665411
4,39659757
4,39663693
4,39663694
4,39673609
4,39673610
4,39673611
4,39673612
4,39659758
4,39673613
4,39657217
3,39651927
4,39663695
4,39659759
4,39659760
3,39651928
4,39673614
4,39657218
4,39663696
4,39664869
4,39651929
4,39651930
4,39663697
4,39659761
4,39659762
4,39663698
4,39659763
4,39673615
4,39663699
4,39665412
4,39665413
4,39657219
4,39659764
4,39664870
4,39664871
4,39659765
4,39663700
4,39659766
3,39664872
3,39664873
4,39665414
4,39651933
4,39663711
4,39663712
4,37653534
4,37653535
4,36158021
4,36157541
4,39663780
4,39682395
4,39658013
4,39664914
4,39665293
4,39665294
4,39682361
4,39665295
4,39665451
4,39660570
4,39665452
4,39658014
4,39665453
4,39682362
4,39660571
1,39658015
4,39682363
4,39665454
4,39665296
4,39658016
4,39682364
4,39665455
4,39663748
4,39663749
4,39682365
4,39660572
4,39665297
4,39665298
4,39682366
4,39682367
4,39665456
4,39664915
4,39663750
4,39665457
4,39665458
4,39663751
4,39663752
4,39663753
4,39660573
4,39660574
3,39663754
3,39663755
4,39682368
4,39658017
4,39666215
3,39666216
4,39663756
4,39658018
4,39666217
4,39660575
4,39660576
4,39663757
4,39660577
4,39682369
4,39658019
4,39665299
4,39665300
4,39664916
4,39666218
4,39666219
4,39660578
4,39658020
4,39682370
4,39665301
4,39666220
4,39666221
4,39658021
4,39664917
4,39664918
4,39658022
4,39682371
4,39682372
4,39666222
4,39664919
4,39658023
4,39664920
3,39665302
4,39658024
4,39658025
4,39658026
4,39658027
4,39664921
4,39663758
4,39663759
4,39664922
4,39660579
4,39658028
4,39658029
4,39660580
4,39660581
4,39663761
4,39664927
4,39660585
4,39663763
4,39663773
4,39682381
4,39658034
4,39663777
4,39664940
4,39664888
4,39651939
4,39673632
4,39657235
4,39660531
4,39664889
4,39664890
4,39651940
4,39657236
4,39663713
1,39660532
3,39660533
3,39660534
4,39660535
3,39660536
3,39660537
3,39660538
4,39660539
4,39660540
4,39657237
4,39660541
3,39660542
4,39665434
4,39673633
4,39665435
4,39663714
4,39651941
4,39663715
3,39651942
4,39665436
4,39657238
4,39657239
4,39665437
4,39660543
4,39664891
4,39663716
4,39663717
4,39664892
4,39663718
4,39660544
4,39660545
4,39660546
4,39657240
4,39657241
4,39657242
4,39657243
4,39673634
4,39651943
4,39663719
4,39665438
1,39665439
1,39660547
4,39673635
4,39651944
4,39663720
4,39664893
4,39664894
4,39657244
4,39663721
4,39651945
4,39663722
4,39663723
3,39673636
4,39665440
4,39660549
4,39663724
4,39663725
4,39665441
4,39660550
4,39651946
4,39651947
4,39651948
4,39651949
4,39660551
4,39663726
4,39663727
4,39664895
4,39651950
4,39651951
4,39663728
4,39660552
4,39660553
4,39660554
4,39665442
4,39663729
4,39660555
4,39657245
4,39673637
4,39657246
4,39673638
4,39657247
4,39657248
4,39682348
4,39673639
4,39651952
4,39665443
3,39660556
4,39651953
4,39663730
4,39665444
4,39660557
4,39663731
4,39682350
4,39665445
4,39663732
4,39664896
4,39651954
4,39660558
4,39663733
2,39663734
4,39664897
4,39664898
4,39682351
4,39651955
4,39664899
4,39682352
4,39682353
4,39663735
4,39663736
4,39663737
4,39660559
4,39660560
4,39657249
4,39657250
4,39664900
4,39664901
4,39657251
4,39657252
4,39660561
4,39660562
4,39665446
4,39663738
4,39663739
4,39651956
4,39665447
4,39657253
4,39660563
4,39664902
4,39657254
4,39657255
4,39658009
3,39663741
4,39651957
4,39658010
3,39660564
4,39660565
4,39663742
4,39664903
1,39660566
4,39660567
4,39664904
1,39665448
4,39664905
4,39651958
4,39651959
4,39651960
4,39663743
4,39651961
3,39651962
4,39682354
4,39663744
4,39664906
4,39651963
3,39664907
4,39664908
4,39682355
4,39682356
4,39665290
4,39665291
4,39682357
4,39682358
4,39682359
4,39663745
4,39663746
4,39658011
4,39665450
4,39664909
4,39664910
4,39658012
4,39660568
4,39663747
4,39660569
4,39682360
4,39664911
4,39665292
4,39664912
4,39664913
4,39673616
4,39651931
4,39663701
4,39657220
4,39673617
4,39663702
4,39673618
4,39665415
4,39665416
4,39665417
4,39651932
4,39657221
4,39664874
4,39663703
4,39663704
4,39663705
4,39657222
4,39665418
4,39665419
4,39664875
4,39663706
3,39664876
3,39664877
4,39664878
4,39657223
4,39664879
4,39651934
3,39657224
4,39657225
4,39673619
4,39673620
4,39659767
4,39665420
4,39657226
4,39659768
4,39664880
1,39657227
4,39665421
4,39665422
4,39657230
4,39673621
4,39673622
4,39651935
4,39665426
3,39673623
4,39657231
4,39665427
4,39659769
4,39651936
4,39665428
4,39665429
3,39664881
3,39664882
4,39673624
3,39673625
4,39663707
3,39664883
3,39664884
4,39673626
4,39673627
4,39665430
4,39657228
4,39657229
4,39665423
4,39665424
4,39665425
3,39673628
3,39673629
4,39659770
4,39663708
4,39663709
4,39657232
4,39651937
4,39673630
4,39673631
4,39651938
4,39663710
4,39665431
4,39657233
4,39660527
4,39660528
4,39665432
3,39660529
4,39660530
4,39664885
4,39664886
4,39665433
4,39657234
4,39664887
4,37651329
2,37647402
4,36156844
4,37648051
4,36155091
4,36156823
4,36156827
4,37641684
4,37652796
4,37662778
4,37647415
4,37654375
4,37641740
4,37654308
4,37654313
4,37653825
4,39664589
4,39665129
4,39666101
4,39664590
4,39666283
4,39682436
4,39665749
4,39669382
4,39665750
4,39664591
4,39666102
4,39682437
4,39682438
4,39666103
4,39664592
4,39665751
4,39666284
4,39669387
4,39658038
4,39663779
4,39682384
4,39668591
4,39682385
4,39666239
4,39664945
4,39664946
4,39663781
4,39663782
4,39682386
4,39668592
4,39668593
4,39663783
4,39664947
4,39666240
4,39663784
4,39668594
4,39668595
4,39666241
4,39668596
4,39663785
4,39668597
4,39663786
4,39665310
4,39663787
4,39658039
4,39664948
4,39658040
4,39663788
4,39663789
4,39682387
4,39666242
4,39658041
4,39664949
4,39666243
4,39666244
4,39658042
4,39666245
4,39663790
4,39668598
4,39668599
4,39664950
3,39682388
3,39682389
3,39658044
3,39658045
4,39658046
1,39665311
4,39668600
4,39668601
4,39664951
4,39666246
4,39666247
4,39668602
4,39664952
4,39682390
4,39663791
4,39664953
4,39682391
4,39663792
4,39666248
4,39668603
4,39682392
4,39665312
4,39666249
4,39664954
4,39668604
4,39668605
4,39668606
4,39682393
4,39682394
4,39665313
4,39665314
4,39665315
4,39664955
4,39666250
4,39664956
4,39664957
4,39665316
4,39665718
4,39668607
4,39668608
3,39665719
4,39666251
4,39666252
4,39663793
4,39663794
4,39658047
4,39658048
4,39658049
4,39658050
4,39663795
4,39682396
1,39665720
4,39665721
4,39666253
2,39665317
4,39665722
4,39666254
4,39665723
4,39666255
4,39663796
4,39665724
4,39663797
1,39666256
1,39666257
4,39665318
4,39682397
4,39665725
4,39682398
4,39665726
4,39666258
4,39666259
4,39658051
4,39663798
4,39663799
4,39665319
4,39658052
4,39668609
4,39665727
4,39663800
4,39665728
1,39682399
4,39658053
4,39665320
4,39665321
4,39682400
4,39665322
4,39658054
4,39658055
4,39658056
4,39658057
4,39658058
4,39663801
4,39663802
4,39658059
4,39665323
4,39682401
4,39663803
4,39658060
4,39663804
4,39663805
1,39665095
1,39665096
4,39665729
4,39665097
4,39668610
4,39682402
4,39682403
4,39663806
4,39665098
4,39668611
4,39682404
4,39666260
4,39666261
4,39665099
4,39663807
4,39665100
4,39665101
4,39665102
4,39665103
4,39665104
3,39668612
4,39682405
4,39665105
4,39665106
4,39665107
4,39682406
4,39682407
4,39682408
4,39682409
4,39668613
4,39663808
4,39663809
4,39682410
3,39663811
4,39682411
4,39682412
4,39663812
4,39665108
4,39665109
4,39665324
4,39666262
4,39668614
4,39690359
4,39690360
4,39666223
4,39663760
4,39666224
4,39658030
4,39682373
4,39663762
4,39664925
4,39664926
4,39666225
4,39682374
4,39665303
4,39665304
4,39682375
4,39660582
4,39660583
4,39666226
4,39664928
4,39660584
4,39665305
4,39682376
4,39682377
4,39682378
4,39666227
4,39664929
4,39665306
4,39664930
4,39663764
4,39663765
4,39666228
4,39666229
4,39660586
4,39663766
4,39663767
4,39663768
4,39663769
4,39663770
4,39663771
4,39660587
4,39663772
4,39658031
4,39660588
4,39666230
4,39658032
4,39660589
4,39664931
4,39664932
4,39660590
4,39664933
4,39666231
4,39666232
4,39658033
4,39682379
4,39665307
4,39682380
4,39664934
4,39668586
4,39666233
4,39664935
4,39665308
4,39663774
4,39666234
4,39665309
4,39666235
4,39666236
4,39664936
4,39664937
4,39664938
4,39664939
4,39666237
4,39658035
4,39668587
4,39666238
4,39668588
4,39663775
4,39682382
4,39658036
4,39668589
4,39663776
4,39658037
4,39668590
4,39682383
4,39664941
4,39663778
4,39664942
4,39664943
4,39664944
4,39665765
4,39665730
4,39665325
4,39666263
4,39682413
4,39682414
4,39665326
4,39665731
4,39665327
4,39665328
4,39665110
4,39682415
4,39666264
4,39668615
4,39666265
4,39663813
4,39668616
4,39666266
4,39668617
4,39665329
1,39663814
4,39666267
4,39666268
4,39666269
4,39664576
4,39663815
4,39665732
4,39665111
4,39668618
4,39665733
4,39665734
4,39682416
4,39668619
4,39666270
4,39682417
4,39665735
4,39682418
4,39665112
4,39666271
4,39665113
4,39665114
4,39682419
4,39682420
4,39666272
4,39665736
4,39665115
4,39665737
4,39664577
4,39682421
4,39668620
3,39665116
4,39668621
4,39669375
4,39665330
4,39666090
4,39664578
4,39666091
4,39666273
4,39669376
4,39669377
4,39682422
4,39664579
4,39664580
4,39665738
4,39665739
1,39665740
4,39669378
4,39665117
4,39666092
4,39669379
4,39665118
4,39665741
4,39682423
4,39682424
4,39666274
4,39665742
4,39682425
4,39664581
4,39666093
4,39682426
4,39666094
4,39666095
4,39682427
4,39666096
4,39664582
4,39664583
4,39669380
4,39666097
4,39665119
4,39666098
4,39664584
4,39666275
4,39666276
4,39665743
4,39665120
4,39682428
4,39665121
4,39666277
4,39665744
4,39665745
4,39664585
4,39682429
4,39666099
4,39664586
4,39666278
4,39665122
4,39666279
4,39665746
4,39666280
4,39666281
4,39665123
4,39665124
4,39665747
2,39664587
4,39665125
4,39682430
4,39682431
4,39682432
4,39665126
4,39682433
4,39666100
4,39665127
4,39682434
4,39665748
4,39664588
4,39669381
4,39682435
4,39665128
4,39666282
4,36155105
4,36155106
4,36156834
4,36157251
4,36155107
4,36155108
4,36160883
4,36160884
4,36156835
4,36155109
4,36156836
4,36157942
4,36155110
4,36157943
4,36157944
4,36156837
4,36157545
4,36157546
4,36157547
4,36160885
4,36160886
4,36161030
4,36160887
4,36157252
4,36157548
4,36161031
4,36161032
4,36161033
4,36157253
4,36155111
4,36156838
4,36156839
4,36155112
4,36161034
4,36157254
4,36160888
4,36157549
4,36160889
4,36155113
4,37647397
4,37641683
4,37647398
4,37648823
4,37653022
4,37651328
4,37653532
4,37653023
4,37652798
4,37647399
4,37648824
4,37647400
4,37653533
4,37652799
4,37647401
4,37648825
4,37653790
4,37648826
4,37652800
4,37653791
4,37653792
4,37648827
4,37653536
4,37651330
4,37651331
4,37653537
4,37652801
4,37647403
4,37647404
4,36157247
4,36157248
4,36160878
4,36155103
4,36157938
4,36160879
4,36160880
4,36160881
4,36156829
4,36157249
4,36156830
4,36155104
4,36156831
4,36156832
4,36156833
4,36157250
4,36160882
4,36157939
4,36157940
4,36157941
4,36156840
4,36155114
4,36156841
1,36160890
4,36157550
4,36157551
4,36157552
4,36157553
4,36155115
4,36157945
4,36156842
4,36155117
4,36155116
4,36157255
4,36156843
4,36161035
4,36160891
4,36160892
1,36161036
4,36155118
4,36157554
4,36157946
4,36155119
4,36156845
4,36160893
4,36157256
4,36157947
4,36157555
4,36160894
4,36157948
4,36157556
4,36155120
4,36155121
4,36157557
4,36157949
4,36161037
4,36156846
4,36155122
4,36155123
4,36155124
4,36158022
4,36155125
4,36158023
4,37648042
4,37651315
4,37648043
4,37641666
4,37653510
4,37648044
4,37641667
4,37653003
4,37653004
4,37653511
4,37653005
4,37648045
4,37647388
4,37653512
4,37648046
4,37653006
4,37647389
4,37653007
4,37641668
4,37652784
4,37652785
4,37653008
4,37653513
4,37653514
4,37641669
4,37653515
4,37652786
4,37648048
4,37641670
4,37641671
4,37653009
4,37651316
4,37652787
4,37653516
1,37653517
4,37653518
4,37652788
4,37648049
4,37652789
4,37652790
4,37653010
4,37641672
4,37647390
4,37647391
4,37651317
4,37652791
4,37651318
4,37653519
4,37653520
4,37653521
4,37641673
4,37652792
4,37652793
4,37648050
4,37641675
4,37641674
4,37653011
4,37653012
4,37653013
4,37652794
4,37651319
1,37653014
4,37648052
4,37648053
4,37653522
4,37651320
4,37651321
4,37647392
4,37651322
4,37651323
4,37653015
4,37653016
4,37648054
4,37647393
4,37651324
4,37653523
4,37651325
4,36161022
4,36157240
4,36157539
4,36157540
4,36161023
4,36161024
4,36155092
4,36160867
4,36160868
4,36156821
4,36157241
4,36157242
4,36157934
4,36157935
4,36160869
4,36160870
4,36161025
4,36160871
4,36160872
4,36160873
4,36160874
4,36156822
4,36157936
4,36155093
4,36155094
4,36155095
4,36155096
4,36160875
4,36157243
4,36157244
4,36157542
4,36161026
4,36156824
4,36156825
4,36161027
4,36155097
4,36156826
4,36155098
4,36155099
4,36157245
4,36155100
4,36161028
4,36160876
4,36155101
4,36157543
4,36155102
4,36157937
4,36157544
4,36160877
4,36156828
4,36157246
4,36161029
4,37653538
4,37653793
4,37647405
4,37647406
4,37651332
4,37651333
4,37652802
4,37653794
4,37648828
4,37652803
4,37641685
4,37641686
3,37641687
3,37641688
4,37651334
4,37651335
4,37652804
4,37652805
4,37652806
4,37641689
4,37654293
4,37653795
4,37652807
4,37651336
4,37653796
4,37648829
4,37648830
4,37653797
4,37652808
4,37651337
4,37647407
4,37651338
4,37651339
4,37654294
4,37654295
4,37641690
4,37641691
4,37653798
4,37662768
4,37654296
4,37641692
4,37648831
4,37652809
4,37641693
4,37652810
4,37652811
4,37648832
4,37648833
4,37641694
4,37647408
4,37654297
4,37652812
4,37648834
4,37653799
4,37662769
4,37662770
4,37647409
4,37653800
4,37641695
3,37641696
1,37653801
4,37647410
3,37662771
4,37647411
4,37653802
4,37654298
4,37652813
4,37648835
4,37653803
4,37641697
4,37654299
4,37641698
4,37641699
4,37641700
4,37662777
4,37647394
4,37641676
4,37652795
4,37653017
4,37653018
4,37647395
4,37653019
4,37641677
4,37653524
4,37641678
4,37648055
4,37648056
4,37648057
4,37648058
4,37641679
4,37641680
4,37647396
4,37641681
4,37648059
4,37648814
4,37653525
4,37648815
4,37653526
4,37648816
4,37652797
1,37653527
4,37651326
4,37648817
4,37653528
4,37653529
4,37648818
4,37648819
4,37648820
4,37653020
4,37648821
4,37648822
4,37653530
4,37651327
4,37653531
4,37653021
4,37641682
4,37662815
4,37648904
4,37648839
4,37662517
4,39682439
4,39682440
4,39682441
4,39669383
4,39666285
4,39665752
4,39666286
4,39664593
4,39666287
4,39665753
4,39666104
4,39666288
4,39666289
4,39666290
4,39666105
4,39669384
4,39669385
4,39665754
4,39666291
4,39669386
4,39666292
4,39665130
4,39682442
4,39666106
4,39664594
4,39664595
4,39666293
4,39666294
4,39665755
4,39674812
4,39667120
4,39684674
4,39669388
4,36157538
4,39665136
4,37653804
4,37647412
4,37652814
4,37662772
4,37662773
4,37652815
4,37652816
4,37654300
4,37662774
4,37654301
4,37653805
4,37662775
4,37654302
4,37653806
4,37653807
4,37662776
4,37653808
4,37653809
4,37647413
4,37647414
4,37654303
4,37654304
2,37654305
4,37662512
4,37657706
4,37654377
4,37662825
4,37662826
3,37653869
4,37662827
4,37642506
2,37648220
2,37662828
4,37648221
4,37662563
4,37662829
4,37662830
4,37648906
4,37648907
4,37654357
4,37648222
4,37662564
4,37662831
4,37662832
4,37653870
4,37653871
4,37648908
4,37648223
4,37648224
4,37656934
4,37662565
4,37653872
1,37662833
4,37656935
4,37642507
4,37662566
4,37662834
4,37656936
4,37656937
4,37656938
4,37653873
4,37653874
4,37648225
4,37648226
4,37654358
4,37653875
4,37662835
4,37662836
4,37657692
4,37642512
4,37642513
4,37657694
4,37654360
4,37642514
4,37662569
4,37648230
4,37653877
4,37657695
4,37654361
4,37657696
4,37662570
4,37657697
4,37662842
4,37642508
4,37648227
4,37654359
4,37662567
4,37642509
4,37642510
4,37648228
4,37653876
4,37662837
4,37662838
4,37662568
4,37657693
4,37648229
4,37642511
4,37662839
4,37662840
4,37662841
4,37662571
4,37662572
4,37662573
4,37642515
4,37657698
4,37648231
4,37657699
4,37654362
4,37654363
4,37654364
4,37642516
4,37662843
4,37648232
4,37642517
4,37662844
4,37648233
2,37642519
4,37653880
4,37648865
4,37662539
4,37653839
4,37641726
4,37641727
4,37648196
4,37654331
4,37641728
4,37641729
4,37654332
4,37653840
4,37662808
4,37653841
4,37653842
4,37641730
4,37648197
4,37648866
4,37648198
2,37654333
4,37662809
4,37648867
4,37653843
4,37654334
4,37641725
4,37648195
4,37648864
4,37641731
4,37654335
4,37641732
4,37648868
4,37654336
4,37648199
4,37648200
4,37654337
4,37654338
4,37648869
4,37662540
4,37641733
4,37653844
4,37662810
4,37641734
4,37662541
4,37654339
4,37653845
4,37654340
4,37648870
4,37648201
4,37648202
4,37648203
4,37648871
4,37653846
4,37662811
4,37641735
4,37641736
4,37648204
4,37648205
4,37654341
4,37662812
4,37641737
4,37662542
4,37641738
4,37641739
4,37662543
4,37662544
4,37648872
4,37648873
4,37653847
4,37654342
4,37654343
4,37648874
4,37648875
4,37648876
4,37648877
4,37648878
4,37662813
4,37653848
4,37653849
4,37648879
4,37648880
4,37648881
4,37662545
4,37653850
4,37662814
4,37662546
4,37648882
4,37654344
4,37654345
4,37662547
4,37653851
4,37662548
4,37648206
4,37653852
4,37662549
4,37662550
3,37648207
4,37662551
4,37641741
4,37648208
4,37648883
4,37654346
4,37653853
4,37648884
4,37654347
4,37648885
4,37654348
4,37648886
4,37648887
4,37648888
4,37654349
4,37648209
4,37648210
4,37648211
4,37641742
4,37648889
4,37653854
4,37653855
4,37653856
4,37648890
4,37653857
4,37648212
4,37648213
4,37654350
3,37662552
4,37662553
4,37641743
4,37662554
4,37662555
4,37653858
4,37641744
4,37662556
4,37653859
4,37662557
4,37641745
4,37648214
4,37653860
4,37653861
4,37662816
4,37653862
4,37648891
4,37654351
4,37648892
4,37648893
4,37648894
1,37648215
1,37648216
4,37648217
4,37662817
4,37654352
4,37662818
4,37648895
4,37648896
4,37653863
1,37648897
4,37662558
4,37648898
4,37662819
4,37662820
4,37648899
4,37654353
4,37654354
4,37648900
4,37654355
4,37662821
4,37648218
4,37662822
4,37662559
4,37662560
4,37662561
4,37648901
4,37648902
4,37662562
4,37648903
4,37662823
4,37641746
4,37641747
4,37662824
4,37653864
4,37653865
3,37653866
4,37653867
4,37642505
4,37648219
4,37654356
4,37653868
4,37648905
4,37662779
4,37662780
4,37641701
4,37641702
3,37662781
4,37648836
4,37648837
4,37662513
4,37662782
4,37662514
4,37662783
4,37641703
4,37662784
4,37648838
1,37647416
4,37641704
4,37647417
4,37654306
4,37662785
4,37641705
4,37662515
4,37662516
4,37647418
4,37662786
4,37662787
4,37654307
1,37662518
4,37641706
4,37662519
4,37648840
4,37662520
4,37647419
4,37641707
4,37641708
4,37654309
4,37662788
4,37648841
4,37647420
4,37662521
4,37647421
4,37648842
4,37647422
4,37641709
4,37647423
4,37662789
4,37653811
4,37653812
4,37641710
4,37653813
4,37648843
4,37653814
4,37653815
4,37648844
4,37641711
4,37647424
4,37647425
4,37654310
4,37641712
4,37641713
4,37647426
4,37653816
4,37654311
3,37648845
3,37648846
4,37648847
4,37653817
1,37653818
1,37653819
4,37654312
4,37648848
4,37648849
4,37648850
4,37653820
4,37648851
4,37654314
4,37641714
4,37662522
4,37662523
4,37648852
4,37641715
4,37662790
4,37647427
4,37647428
4,37648853
4,37662791
4,37662524
4,37653821
4,37653822
4,37641716
4,37654315
4,37662792
4,37662797
4,37662798
4,37654324
4,37654325
4,37654326
3,37662799
4,37648857
4,37662534
4,37653828
4,37653829
4,37654327
4,37641723
4,37662535
4,37662800
4,37653830
4,37653831
4,37662801
4,37648190
4,37648191
4,37648192
4,37662802
2,37653832
4,37662803
4,37662804
4,37654328
4,37662805
4,37662536
4,37654329
4,37654330
4,37648858
4,37653833
4,37653834
4,37653835
4,37653836
4,37648859
4,37648860
4,37648193
4,37648861
4,37648862
4,37662806
4,37662807
4,37648194
4,37641724
4,37662537
4,37662538
4,37648863
4,37653837
4,37653838
4,37653823
4,37653824
4,37647429
4,37654316
4,37653826
4,37662793
4,37662525
4,37662526
4,37641717
4,37662527
4,37641718
4,37647430
4,37647431
4,37654317
4,37662528
4,37654318
4,37647432
4,37662529
4,37662530
4,37662531
4,37648854
4,37648855
4,37647433
4,37662532
4,37662794
4,37641719
4,37654319
4,37654320
4,37648856
4,37641720
4,37641721
4,37662795
4,37662796
4,37653827
4,37648186
4,37641722
4,37654321
4,37662533
4,37654322
4,37648187
4,37648188
4,37648189
4,37654323
4,39675104
4,39683271
4,39679194
4,39683238
4,39666107
4,39666305
4,39682451
4,39666321
4,37662853
4,37662854
4,37662855
4,37650516
4,37650517
4,37657707
4,37648243
4,37662856
4,37657708
4,37654376
4,37648244
4,37662857
4,37662858
4,37648245
4,37648246
4,37648247
4,37662585
4,37662586
4,37648248
4,37662859
4,37648249
4,37650519
4,37657714
4,37650520
4,37662590
4,37662591
4,37662861
4,37653886
4,37654378
4,37653883
4,37654379
4,37653884
4,37657709
4,37654380
4,37654381
4,37654382
4,37657710
4,37657711
4,37662587
4,37662588
4,37648250
4,37650518
4,37654383
4,37654384
4,37662589
4,37653885
4,37648251
4,37662860
4,37648252
4,37657712
4,37657713
4,37648253
4,37648254
4,37648255
4,37654385
4,37657715
4,37657716
4,37653887
4,37654386
4,37654387
4,37654388
4,37654389
4,37650521
4,37648256
4,37648257
4,37654390
4,37654391
4,37657717
4,37662862
3,37657700
4,37654365
4,37654366
4,37648234
4,37642518
4,37662574
4,37654367
4,37642520
4,37654368
4,37653878
4,37653879
4,37662575
4,37648235
4,37650506
4,37662576
4,37662577
4,37650507
4,37662578
4,37662845
4,37650508
4,37650509
4,37650510
4,37648236
3,37648237
4,37662846
4,37657701
4,37654369
4,37662847
4,37662848
4,37662849
4,37653881
4,37648238
4,37648239
4,37662579
4,37662850
4,37650511
4,37662580
4,37650512
4,37648240
4,37650513
4,37654370
4,37662581
4,37662851
4,37662852
4,37662582
4,37648241
4,37654371
4,37654372
4,37650514
4,37650515
4,37657702
4,37648242
4,37653882
4,37657703
4,37657704
4,37654373
4,37662583
4,37654374
4,37662584
4,37657705
4,39665195
4,39665800
4,39674329
4,39674332
4,39691256
4,39675105
4,39666180
4,39683272
4,39669421
4,39666130
4,39665161
4,39673531
4,39665162
4,39683225
4,39666331
4,39673532
4,39669422
4,39669423
4,39669424
4,39674293
1,39674294
4,39674295
4,39669425
4,39675813
4,39674296
4,39665163
4,39666131
4,39674297
4,39674298
4,39674299
4,39674300
4,39669426
4,39683226
4,39683227
4,39665786
4,39669427
4,39683228
4,39665164
4,39665165
4,39683229
4,39669428
4,39665166
4,39665787
4,39666332
4,39666333
4,39683230
4,39674301
4,39669429
4,39683231
4,39683232
4,39665167
4,39666334
4,39665168
4,39666335
4,39666336
4,39674302
4,39683233
4,39666132
4,39665169
4,39674303
4,39665170
4,39669430
4,39674304
4,39665171
4,39665172
4,39683234
4,39666133
4,39666134
4,39674305
4,39665788
4,39683235
4,39666135
4,39669431
4,39665789
4,39683236
4,39665173
4,39674306
4,39683237
4,39666136
4,39669432
4,39683239
4,39665174
4,39665175
4,39674307
4,39665176
4,39669433
4,39674308
4,39674309
4,39669434
4,39669435
4,39666137
4,39666138
4,39669436
4,39669437
4,39666337
4,39683240
4,39683241
4,39683242
4,39665177
4,39665790
4,39683243
4,39666338
4,39669438
4,39665178
4,39669439
4,39683244
4,39666339
4,39683245
4,39666139
4,39683246
4,39666140
4,39665791
4,39666340
4,39667105
4,39667109
4,39667110
4,39669442
4,39665179
4,39666142
4,39669443
4,39669444
4,39669445
4,39669446
4,39683247
4,39665793
4,39667106
4,39666141
4,39669440
4,39665792
4,39669441
4,39667107
4,39667108
4,39665180
4,39669450
4,39665756
4,39669389
4,39666295
4,39666296
4,39665131
4,39665132
4,39666297
4,39665133
4,39665757
4,39665134
4,39666298
4,39682443
4,39665758
4,39665759
4,39665760
4,39665761
4,39666299
4,39682444
4,39665135
4,39682449
4,39665139
4,39666309
4,39673530
4,39669412
4,39669413
4,39666325
4,39666326
4,39666327
4,39669414
4,39666127
4,39669415
4,39669416
4,39682461
4,39682462
4,39682463
4,39682464
4,39665782
4,39665158
3,39669417
4,39666328
4,39665783
4,39665784
4,39666329
4,39669418
4,39666128
4,39669419
4,39669420
4,39665159
4,39666330
4,39682465
4,39670277
4,39666300
4,39664596
4,39682445
4,39682446
4,39669390
4,39669391
4,39665762
4,39665763
4,39666301
4,39669393
4,39669392
4,39666108
4,39666109
4,39666302
4,39666303
4,39666304
4,39665764
4,39682447
4,39682448
4,39664597
4,39666110
4,39666111
4,39666306
4,39666307
4,39666308
4,39665137
4,39669394
4,39665138
4,39664598
4,39682450
4,39666112
4,39665140
4,39665141
4,39665142
4,39665143
4,39669395
4,39665766
4,39665767
4,39666310
4,39665144
4,39666113
4,39666114
4,39665145
4,39665146
4,39669396
4,39666311
4,39666312
4,39666115
4,39666116
4,39682452
4,39666313
4,39666117
4,39669397
4,39666314
4,39665768
4,39666118
4,39666315
4,39669398
4,39666317
4,39666316
4,39665769
4,39682453
4,39669399
4,39666119
4,39682454
4,39666318
4,39664599
4,39665147
4,39665148
4,39669400
4,39682455
4,39665770
4,39665771
4,39665772
4,39666120
4,39664600
4,39665773
4,39682456
4,39665774
4,39669401
4,39682457
4,39666319
4,39666121
4,39669402
4,39666122
4,39665149
4,39669403
4,39665775
4,39665776
4,39665777
4,39666320
4,39669404
4,39665778
4,39665150
4,39669405
4,39666123
4,39666124
4,39665779
4,39665780
4,39682458
4,39665151
4,39682459
4,39682460
4,39669406
4,39669407
4,39666125
4,39666322
4,39665781
4,39666323
4,39669408
4,39669409
4,39665152
4,39665153
4,39666126
4,39665154
4,39665160
4,39665785
4,39683224
4,39666129
4,39665155
4,39666324
4,39665156
4,39665157
4,39673528
4,39673529
4,39669410
4,39669411
4,39669493
4,39666188
4,39669491
4,39674352
4,39674353
4,39683281
4,39683282
4,39683283
4,39671135
4,39675114
4,39683284
4,39671136
4,39665978
4,39671137
4,39671138
4,39674354
4,39666189
4,39665981
4,39674356
4,39683289
4,39666192
4,39666193
4,39666194
4,39671892
4,39665982
4,39683290
4,39666195
4,39666196
4,39665983
4,39671893
4,39666197
4,39666198
4,39669494
4,39669495
4,39666199
4,39674357
4,39666200
4,39666201
4,39671894
4,39669496
4,39683291
4,39683292
4,39675118
4,39675119
4,39666202
4,39665984
4,39674358
4,39669497
4,39665985
4,39675120
4,39683293
4,39671895
4,39665986
4,39665987
4,39665988
4,39669498
4,39674359
4,39671896
4,39665989
4,39665990
4,39671897
4,39669499
4,39671898
4,39666203
4,39670259
4,39674360
4,39666204
4,39671899
4,39675121
4,39670260
4,39675122
4,39675123
4,39666205
4,39666206
4,39671900
4,39675124
4,39665991
4,39665992
4,39683294
4,39665993
3,39665994
4,39683295
4,39675125
4,39671901
4,39674361
4,39670261
4,39665995
4,39666207
4,39674362
4,39675126
4,39683296
4,39666208
4,39666209
4,39670262
4,39670263
4,39665996
4,39665997
4,39675127
4,39675128
4,39670264
4,39671902
4,39665998
4,39675129
4,39683297
4,39670265
4,39670266
4,39671903
4,39674363
4,39670267
4,39670268
4,39675130
4,39683298
4,39670269
4,39665999
4,39670270
4,39666000
4,39670271
4,39675131
4,39666210
4,39690320
4,39691193
4,39690321
4,39666211
4,39666212
4,39674364
4,39690322
4,39671904
4,39666213
4,39666214
4,39671905
4,39666001
4,39675132
4,39675133
4,39671906
4,39690323
4,39669458
4,39666154
4,39683254
4,39666155
4,39667115
4,39674323
4,39669459
4,39669460
4,39665799
4,39665191
4,39665192
4,39665193
4,39665194
4,39666156
4,39666157
4,39683255
4,39683256
4,39665196
4,39667116
4,39674324
4,39667117
4,39669461
4,39674325
4,39674326
4,39671119
4,39669462
4,39683257
4,39666158
4,39674327
4,39667118
4,39667119
4,39674328
4,39669463
4,39674330
4,39665197
4,39671120
4,39674331
4,39675092
4,39671121
4,39675093
4,39666159
4,39674333
4,39683258
4,39683259
4,39669464
4,39666160
4,39666161
4,39675094
4,39675095
4,39675096
4,39675097
4,39671122
4,39665198
4,39674334
4,39669465
4,39669466
4,39665199
4,39675098
4,39669467
4,39669468
4,39674335
4,39683260
4,39683261
4,39665200
4,39674336
4,39674337
4,39666162
4,39669469
4,39683262
4,39674338
4,39674339
4,39683263
4,39666163
4,39675099
4,39666164
4,39675100
4,39666165
4,39669470
4,39669471
4,39669472
4,39671123
4,39666166
4,39665201
4,39683264
4,39666167
4,39665202
4,39665203
4,39666168
4,39666169
4,39665204
4,39683265
4,39666170
4,39666171
4,39674340
4,39665205
4,39683266
4,39675101
4,39675102
4,39671124
4,39665206
4,39675103
4,39683267
4,39666172
4,39671125
4,39666173
4,39683268
4,39666174
4,39669473
4,39683269
4,39669474
4,39671126
4,39665966
4,39666175
4,39665967
4,39665968
4,39674341
4,39665969
4,39683270
4,39666176
4,39690380
4,39666177
4,39671127
4,39669475
4,39665970
4,39665971
4,39666178
4,39669476
4,39666179
4,39675106
4,39666181
4,39675107
4,39675108
4,39674342
4,39665972
4,39669477
4,39669478
4,39683273
4,39669479
4,39669480
4,39674343
4,39674344
4,39671128
4,39674345
4,39665973
3,39669481
3,39669482
3,39669483
4,39671129
4,39683274
4,39666182
4,39669484
4,39674346
4,39674347
4,39683275
4,39671130
4,39675109
4,39666183
4,39669485
4,39674348
4,39665974
4,39671131
4,39671132
4,39666184
4,39665975
4,39683276
4,39674349
2,39675951
4,39675162
4,39676011
4,39674872
4,39667111
4,39665794
4,39683248
4,39665795
4,39666143
4,39666144
3,39674310
4,39683249
4,39666145
3,39666146
3,39666147
4,39669447
4,39669448
4,39667112
4,39674311
4,39674312
4,39669449
4,39665181
4,39669451
4,39666148
4,39674313
4,39666149
4,39665796
4,39665797
4,39674314
4,39674315
4,39674316
4,39666150
4,39669452
4,39674317
4,39674318
4,39674319
4,39665798
4,39674320
4,39665182
4,39669453
4,39665183
4,39683250
4,39683251
4,39669454
4,39667113
4,39683252
4,39683253
4,39666151
4,39665184
4,39665185
4,39669455
4,39669456
4,39665186
4,39665187
4,39667114
4,39674321
4,39674322
4,39666152
4,39666153
4,39665188
4,39665189
4,39665190
4,39669457
4,39671907
4,39671908
4,39666977
4,39670273
4,39670274
4,39666978
4,39675134
4,39671909
4,39671910
4,39671911
4,39675135
4,39674365
4,39674366
4,39671912
4,39666979
4,39670275
4,39675136
4,39675137
4,39666980
4,39666981
4,39690324
4,39690325
4,39690326
4,39674367
4,39690327
4,39666002
4,39670276
4,39675138
4,39675139
4,39690328
4,39674368
4,39666003
4,39671913
2,39674369
4,39666982
4,39666983
4,39666984
4,39674370
2,39671914
4,39666985
4,39670278
4,39674371
4,39690329
4,39670279
4,39675140
4,39666004
4,39671915
4,39666005
4,39690330
4,39671916
3,39670280
4,39666986
4,39671917
4,39674372
4,39666987
1,39666988
4,39674373
4,39690331
4,39674374
4,39690332
4,39690333
4,39666006
4,39666007
4,39666008
4,39666989
4,39670281
4,39671918
4,39670282
4,39666009
4,39671919
4,39671920
4,39670283
4,39674375
4,39675141
4,39671921
4,39666010
4,39675142
3,39670284
1,39670284
4,39666990
3,39690334
1,39690334
3,39690335
1,39690335
4,39690336
4,39666011
4,39690337
4,39670285
4,39690338
4,39675143
4,39690339
4,39666012
4,39674376
4,39666991
4,39666992
4,39666013
4,39675144
4,39674378
4,39678266
4,39665979
4,39666190
4,39683285
4,39683286
4,39683287
4,39669492
2,39683288
4,39671139
4,39675115
4,39675116
4,39665980
4,39671890
4,39671891
4,39674355
4,39666191
4,39675117
4,39669486
4,39671133
4,39675110
4,39683277
4,39671134
4,39675111
4,39675112
4,39669487
4,39666185
4,39674350
4,39669488
4,39674351
4,39675113
1,39666186
4,39669489
4,39669490
4,39683278
4,39665976
4,39683279
4,39665977
4,39666187
4,39683280
4,39679095
4,39679096
4,39675034
4,39679114
4,39674811
4,39679128
4,39675212
4,39674415
4,39671960
4,39671961
4,39690375
4,39666043
4,39675010
4,39674416
4,39671962
4,39675927
4,39671963
4,39678300
4,39678301
4,39675928
4,39666044
4,39666045
4,39675929
4,39678302
4,39690376
4,39690377
4,39678303
4,39678304
4,39678305
4,39674024
4,39690378
4,39678306
4,39690379
4,39678307
4,39675930
4,39675931
4,39674025
4,39675173
4,39678308
4,39675174
4,39675932
4,39674026
4,39674027
4,39674028
4,39674029
4,39675011
4,39675012
4,39675013
4,39675014
4,39678309
4,39671964
4,39690381
4,39690382
4,39678310
4,39675933
4,39675934
4,39678311
4,39690383
4,39671965
4,39671966
4,39690384
4,39690385
4,39675015
4,39675935
4,39678312
4,39675936
4,39675016
4,39675017
4,39671967
4,39674030
4,39678313
4,39690386
4,39671968
4,39675018
4,39671969
4,39671970
4,39674031
4,39690387
4,39674032
4,39675019
4,39678314
4,39674033
4,39675937
2,39675938
4,39671971
4,39675939
4,39671972
4,39675940
4,39671973
4,39678315
4,39675020
4,39690388
4,39690389
4,39674034
4,39675175
4,39671974
4,39690390
4,39675021
4,39674035
4,39678316
4,39671975
4,39690391
4,39678317
4,39674036
4,39675941
4,39675942
1,39675022
4,39674037
4,39671976
4,39675943
4,39675176
4,39675023
4,39675024
4,39675177
1,39675025
4,39678318
4,39678319
4,39675178
4,39675179
4,39690392
4,39675944
4,39675180
4,39671977
4,39674038
4,39674039
4,39675945
4,39675946
4,39671978
4,39674798
4,39678320
4,39675181
4,39675182
4,39690393
4,39690394
4,39675947
4,39678321
4,39671979
4,39675026
4,39675027
4,39674799
1,39679090
4,39690395
4,39690396
4,39690397
4,39671980
4,39690398
4,39690399
4,39679091
4,39690400
4,39690401
4,39690402
4,39675948
1,39675183
1,39675184
4,39671981
4,39690403
4,39679092
4,39675949
4,39675950
4,39671982
4,39671983
4,39675028
4,39674800
4,39671984
4,39675185
4,39690404
4,39690405
4,39671985
4,39675186
4,39679093
4,39675187
4,39675952
4,39671986
4,39671987
4,39671988
4,39671989
4,39675029
4,39674801
4,39679094
1,39675953
4,39675030
4,39671990
4,39675188
4,39671991
4,39675031
4,39674802
4,39671934
4,39678273
4,39690348
4,39674977
4,39674391
4,39675154
4,39675155
4,39678274
4,39678275
4,39674392
4,39678276
4,39675156
4,39674978
4,39690349
4,39674393
4,39674979
4,39678277
4,39678278
4,39671935
4,39674980
4,39674981
4,39666026
4,39675157
4,39690350
4,39690351
4,39678279
4,39690352
4,39678280
4,39666027
4,39666028
4,39675158
4,39675159
4,39675160
4,39674394
4,39671936
4,39671937
4,39678281
4,39675161
4,39674395
4,39666029
4,39671938
4,39671939
4,39671940
4,39674982
1,39674396
4,39674397
4,39671941
4,39678282
4,39678283
4,39671942
4,39674983
4,39674398
4,39674399
4,39671943
4,39671944
4,39674984
4,39674985
4,39671945
4,39678284
4,39674400
4,39678285
4,39675163
4,39675164
4,39674986
4,39674987
4,39674988
4,39674401
4,39690353
4,39675165
4,39674989
4,39674990
4,39690354
4,39674991
4,39674992
4,39666030
4,39674993
4,39674994
4,39674995
4,39674996
4,39674997
4,39671946
4,39671947
4,39674402
4,39674403
4,39674998
4,39690355
4,39690356
4,39666031
4,39671948
4,39674404
4,39674405
4,39678286
4,39671949
4,39675166
4,39690357
4,39678287
4,39678288
4,39666032
4,39671950
4,39675167
4,39675168
4,39675169
4,39671951
4,39678289
4,39674406
4,39674407
4,39671952
4,39674408
4,39678290
4,39674409
4,39671953
4,39690358
4,39671954
4,39675170
4,39675171
4,39678291
4,39690361
4,39666033
4,39666034
4,39690362
4,39690363
4,39674410
4,39674999
4,39671955
4,39671956
4,39678292
4,39690364
4,39690365
4,39678293
4,39666035
4,39666036
4,39675000
4,39678294
4,39666037
4,39690366
4,39690367
4,39675001
4,39674412
4,39690373
4,39666041
4,39678296
3,39678297
4,39675924
4,39675925
4,39678298
4,39675926
4,39678295
4,39675002
4,39675003
4,39666038
4,39666039
4,39690368
4,39690369
4,39675004
4,39675005
4,39674411
4,39690370
3,39690371
4,39690372
1,39666040
4,39671957
4,39675006
4,39675172
4,39674413
4,39678299
4,39675007
4,39671958
4,39674414
4,39666042
4,39671959
4,39675008
4,39675009
4,39690374
4,39674377
4,39670286
4,39670287
4,39670288
4,39670289
4,39671922
4,39674379
4,39690340
4,39666014
4,39666015
4,39675145
4,39671923
4,39671924
4,39675146
4,39678260
4,39678261
4,39666016
4,39674380
4,39666993
4,39671925
4,39675147
4,39666017
4,39675148
4,39674381
4,39666018
4,39666994
4,39678262
4,39678263
4,39678264
4,39678265
4,39690341
4,39671926
4,39678267
4,39671927
4,39675149
4,39675150
4,39666995
4,39678268
4,39678269
4,39666019
4,39674382
4,39671928
4,39666996
4,39671929
4,39678270
4,39666997
4,39666020
4,39671930
4,39666998
4,39674383
4,39674384
4,39690342
4,39666999
4,39675151
4,39666021
4,39674385
4,39678271
4,39667000
4,39666022
4,39674386
4,39671931
4,39666023
4,39690343
4,39690344
4,39675152
4,39690345
4,39675153
4,39674387
4,39674388
4,39671932
4,39671933
4,39666024
4,39666025
4,39674389
4,39690346
4,39667001
4,39690347
4,39667002
4,39674390
4,39678272
4,39679147
4,39674845
4,39675823
4,39672805
4,39675988
4,39674846
4,39675989
4,39675824
4,39675825
4,39672806
4,39679150
4,39679151
4,39679152
4,39675228
4,39675826
4,39675827
4,39675229
1,39679153
1,39679154
4,39675990
4,39675991
4,39675992
4,39691194
4,39674847
4,39679155
4,39679156
4,39691195
4,39691196
4,39679157
4,39675828
4,39674848
4,39675829
4,39672807
4,39672808
4,39675830
4,39672809
4,39675993
4,39674849
4,39672810
4,39674850
4,39674851
4,39674852
4,39675994
4,39675230
4,39679158
4,39672811
4,39679159
4,39675995
4,39675996
4,39675831
4,39675231
4,39675232
4,39675997
4,39672812
4,39691197
4,39679160
4,39675832
4,39679161
4,39679162
4,39679163
4,39675998
4,39672813
4,39675833
4,39679164
4,39675233
4,39675999
4,39676000
4,39676001
4,39675834
4,39691198
1,39672814
4,39676002
4,39674803
4,39690406
4,39675032
4,39675033
4,39679097
4,39679098
4,39679099
4,39675954
4,39675035
4,39679100
4,39679101
4,39671992
4,39679102
4,39691164
4,39690407
4,39675189
4,39679103
4,39675190
4,39674804
4,39674805
4,39675036
4,39675037
4,39679104
4,39671993
4,39675191
4,39675192
4,39671994
4,39675038
3,39679105
4,39679106
4,39675955
4,39679107
4,39675039
4,39675193
4,39675194
4,39671995
4,39679108
4,39679109
4,39675195
4,39679110
4,39675040
4,39675041
4,39674806
4,39671996
4,39671997
4,39675196
4,39674807
4,39674808
4,39679111
4,39679112
4,39675042
4,39671998
4,39674809
4,39679113
4,39675043
4,39675197
4,39675956
4,39675198
4,39675044
4,39691165
4,39674810
4,39671999
4,39675045
4,39675199
4,39675200
4,39675957
4,39679115
4,39679116
2,39675958
4,39672000
4,39679117
4,39679118
4,39672001
4,39675046
4,39675799
4,39675800
4,39675801
4,39675802
4,39672002
4,39679119
4,39675959
4,39675960
4,39691166
4,39674813
4,39679120
4,39679121
4,39675961
4,39675962
4,39672003
4,39675201
4,39675963
4,39675202
4,39679122
4,39672004
4,39674814
4,39679123
4,39675203
4,39672005
4,39674815
4,39675204
4,39675205
4,39691167
4,39691168
4,39672006
4,39675206
4,39675207
4,39675803
4,39672007
4,39675804
4,39675805
4,39679124
4,39675208
4,39672008
4,39675806
4,39691169
4,39674816
4,39675964
4,39672009
4,39674817
4,39679125
4,39674818
4,39674825
4,39672782
4,39675216
4,39675892
4,39681594
4,39679126
4,39672010
4,39672011
4,39691170
4,39675965
4,39672012
3,39672013
4,39675807
4,39691171
4,39675209
4,39675808
4,39679127
4,39674819
4,39674820
4,39675210
4,39675966
4,39674821
4,39675967
4,39674822
4,39679129
4,39675211
4,39679130
4,39675968
4,39691172
4,39675809
4,39675810
4,39675969
4,39691173
4,39672014
4,39675970
4,39672776
4,39675971
4,39672777
4,39679131
4,39691174
4,39675213
4,39675214
4,39674823
4,39675215
4,39691175
4,39679132
4,39675972
4,39679133
4,39672778
4,39675973
4,39675974
4,39691176
4,39672779
4,39672780
4,39672781
4,39674824
4,39691263
4,39691234
4,39691239
4,39675881
4,39674890
4,39691248
4,39691249
4,39675235
4,39679165
4,39691199
4,39683189
4,39691200
4,39683190
4,39675836
4,39676003
4,39675837
4,39675838
4,39691201
4,39672815
4,39672816
4,39672817
4,39674853
4,39675234
4,39675835
4,39683191
4,39683192
4,39679166
4,39683193
4,39683194
4,39691202
4,39691203
4,39674854
4,39672818
4,39683195
4,39675839
4,39674855
4,39679167
4,39674856
4,39672819
4,39676004
4,39672820
4,39679168
4,39676005
4,39676006
4,39679169
4,39679170
4,39679171
1,39674857
4,39679172
4,39679173
4,39691204
4,39691205
4,39679174
4,39679175
4,39674858
4,39674859
4,39675840
2,39691206
3,39683196
4,39683197
4,39691207
4,39674860
4,39676007
4,39676008
4,39680793
4,39675841
4,39679176
4,39675842
4,39680794
4,39691208
4,39675843
4,39683198
4,39683199
4,39674861
4,39683200
4,39683201
4,39680795
4,39675844
4,39683203
4,39675851
4,39675858
1,39675811
4,39675812
4,39675975
4,39675976
4,39691177
4,39672783
4,39674826
4,39679134
4,39679135
4,39672784
4,39674827
4,39679136
4,39691178
4,39674828
4,39674829
3,39691179
4,39675977
4,39675217
4,39679137
4,39675218
4,39672785
4,39674830
4,39679138
4,39691180
3,39672786
1,39691181
4,39691182
4,39691183
4,39691184
4,39675219
4,39675220
4,39691185
4,39691186
4,39675814
4,39672787
4,39674831
4,39675815
4,39684037
4,39691187
4,39674832
4,39672788
4,39674833
4,39691188
4,39675816
4,39675817
4,39679139
4,39672789
4,39675221
4,39679140
4,39675222
4,39691189
4,39675978
4,39679141
4,39672790
4,39691190
4,39672791
4,39675223
4,39672792
4,39674834
4,39675979
4,39675980
4,39674835
4,39672793
4,39679142
4,39679143
4,39672794
3,39672795
3,39672796
4,39679144
1,39675818
4,39679145
4,39679146
4,39675224
4,39672797
4,39672798
4,39674836
4,39674837
4,39674838
4,39675819
4,39675225
4,39675226
4,39675981
4,39675982
4,39675983
4,39675984
4,39691191
4,39672799
4,39675985
4,39675986
4,39675987
4,39679148
4,39675820
4,39691192
4,39675227
4,39675821
4,39675822
4,39672800
4,39672801
4,39674839
4,39674840
4,39672802
4,39674841
4,39674842
3,39674843
3,39674844
4,39679149
3,39672803
3,39672804
4,39674900
4,39674901
4,39675888
4,39675889
4,39680840
4,39674902
4,39684009
4,39674903
4,39680841
4,39680842
4,39684010
4,39684011
4,39680843
4,39684767
4,39684768
4,39684769
4,39684770
4,39675890
4,39684012
4,39691254
4,39684771
4,39684013
4,39681588
4,39687933
4,39674904
4,39681589
4,39674905
4,39684772
4,39681590
4,39675891
4,39687934
4,39684014
4,39681591
4,39684773
4,39674906
4,39674907
4,39684774
4,39691255
4,39684775
4,39691257
4,39684015
4,39687935
4,39691258
4,39691259
4,39684776
4,39687936
4,39684777
4,39675893
4,39675894
4,39675895
4,39681592
4,39681593
4,39687937
4,39684778
4,39691260
4,39675896
4,39687938
4,39674908
4,39684779
4,39684780
4,39684016
4,39687939
4,39674909
4,39674910
4,39684017
4,39684781
4,39684018
4,39684782
4,39684783
4,39674911
4,39684784
4,39684785
4,39684786
4,39674912
4,39687940
4,39674913
4,39675897
4,39684787
4,39674914
4,39684019
4,39691261
4,39684788
4,39684020
4,39684021
4,39687941
4,39684022
4,39684023
4,39684789
4,39684024
4,39674915
4,39674916
4,39674917
4,39684790
4,39691262
4,39684025
4,39675898
4,39684026
4,39675899
4,39675900
4,39687942
4,39684027
4,39687943
4,39687944
4,39681595
4,39681596
4,39674918
4,39684791
4,39681597
4,39684028
4,39684792
4,39684793
4,39684794
4,39684795
4,39684796
4,39684797
4,39684798
4,39684799
4,39687945
4,39681598
4,39684800
4,39684029
4,39684030
4,39681599
4,39687946
4,39675901
4,39674919
4,39684801
4,39681600
4,39691264
4,39687947
4,39687948
4,39675902
4,39675903
4,39691265
4,39684031
4,39684802
4,39687949
4,39691266
4,39700983
4,39700984
4,39675904
4,39681601
4,39700985
4,39674920
4,39674921
4,39684032
4,39684033
4,39675905
4,39684803
4,39684034
4,39687950
4,39687951
4,39674922
4,39681602
4,39700986
4,39675676
4,39675677
4,39681604
4,39700987
4,39680819
4,39679188
4,39675863
4,39679189
4,39683219
4,39676028
4,39680820
4,39679190
4,39675864
4,39675865
4,39675866
4,39691218
4,39676029
4,39674878
4,39675867
4,39679191
4,39683220
4,39683221
4,39691219
4,39691220
4,39675868
4,39675869
4,39691221
4,39674879
4,39683222
4,39683223
4,39679192
4,39676030
4,39679193
4,39680821
4,39675870
4,39680822
4,39680823
4,39674880
4,39674881
4,39691222
4,39691223
4,39676031
4,39679195
4,39683983
4,39683984
4,39675871
4,39683985
3,39683986
1,39683986
3,39683987
1,39683987
4,39683988
4,39680824
4,39674882
4,39683989
4,39679196
4,39683990
4,39683991
4,39675872
4,39680825
4,39679197
4,39691224
4,39691225
4,39675873
4,39676032
4,39679198
4,39679199
4,39691226
4,39691227
4,39691228
4,39680826
4,39683992
4,39675874
4,39675875
4,39679200
4,39691229
3,39691230
1,39691230
4,39679201
4,39676033
4,39680827
4,39675876
4,39691231
4,39676034
4,39691232
4,39674883
4,39691233
4,39683993
4,39691235
4,39691236
4,39683994
4,39683995
4,39674884
4,39684750
4,39680828
3,39679202
1,39683996
4,39683997
4,39680829
4,39680830
4,39680831
4,39679203
4,39684751
4,39679204
4,39679205
4,39674885
4,39674886
4,39674887
4,39675877
4,39675878
4,39679206
4,39691237
4,39691238
4,39683998
4,39675879
4,39683999
4,39684000
4,39684752
4,39691240
4,39684001
4,39680832
4,39679207
4,39679208
4,39679209
4,39684002
4,39691241
4,39674888
4,39674889
4,39679210
4,39679211
4,39675880
4,39691242
4,39691243
4,39680833
2,39684003
4,39684753
4,39680834
4,39680835
4,39684754
4,39691244
4,39675882
4,39691245
4,39679212
4,39679213
4,39679214
4,39684755
4,39679968
4,39679969
4,39680836
3,39691246
4,39691247
4,39684004
4,39680837
4,39680838
4,39679972
4,39684007
4,39674895
4,39691250
4,39674896
4,39674897
4,39674898
4,39691251
4,39680839
4,39684756
4,39684757
4,39684758
3,39679970
1,39679970
3,39679971
1,39679971
4,39675883
4,39675884
4,39675885
4,39684759
4,39674891
4,39674892
4,39674893
4,39684760
4,39684761
4,39684762
4,39684763
4,39684005
4,39684006
4,39684764
3,39674894
1,39674894
4,39675886
4,39684765
4,39675887
4,39691252
4,39674899
4,39687932
4,39684766
4,39691253
4,39684008
4,39676009
4,39680796
4,39691209
4,39691210
4,39674862
4,39680797
4,39674863
4,39675845
4,39680798
4,39679177
4,39675846
4,39680799
4,39676010
4,39691211
4,39674864
4,39675847
4,39675848
4,39679178
4,39683202
4,39680800
4,39680801
4,39675849
4,39675850
4,39680802
4,39683204
4,39680803
4,39676012
4,39680804
4,39683205
4,39691212
4,39675852
4,39676013
4,39676014
4,39676015
4,39676016
4,39680805
4,39680806
4,39675853
4,39674865
4,39676017
4,39676018
4,39679179
4,39683206
4,39691213
4,39691214
4,39676019
4,39674866
4,39680807
4,39674867
4,39680808
4,39683207
4,39674868
4,39674869
4,39674870
4,39676020
4,39674871
4,39679180
4,39679181
4,39683208
4,39683209
4,39685405
4,39675711
4,39680809
4,39683210
4,39683211
4,39679182
4,39679183
4,39691215
4,39676021
4,39675854
4,39680810
4,39680811
3,39675855
4,39675856
4,39676022
4,39683212
4,39683213
4,39679184
4,39679185
4,39680812
4,39680813
4,39691216
4,39676023
4,39680814
4,39675857
4,39679186
4,39679187
4,39680815
4,39680816
4,39674873
4,39674874
4,39680817
4,39675859
4,39675860
4,39676024
4,39676025
4,39675861
4,39676026
4,39676027
4,39674875
4,39674876
4,39683214
4,39691217
4,39675862
4,39683215
4,39683216
4,39680818
4,39674877
4,39683217
4,39683218
4,39701807
4,39685414
4,39685424
4,39687952
4,39681603
4,39684035
4,39675906
4,39684036
4,39687953
4,39687954
4,39687955
4,39675678
4,39681605
4,39687956
4,39681606
4,39700988
4,39700989
4,39684804
4,39684805
4,39681607
4,39675679
4,39684806
4,39681608
4,39675680
4,39688017
4,39688018
4,39701823
4,39684855
4,39685397
4,39684666
4,39684094
4,39688019
4,39681659
4,39681660
4,39684095
4,39688020
4,39684856
4,39684667
4,39684096
4,39684668
4,39681661
4,39684669
4,39684857
4,39701824
4,39684670
4,39684097
4,39684098
4,39688021
4,39684099
4,39684100
4,39688022
4,39685398
4,39685399
4,39701825
4,39684101
4,39684671
4,39684858
4,39681662
4,39684672
4,39684673
4,39684102
4,39684103
4,39684104
4,39688023
4,39685400
1,39684105
4,39688784
4,39685401
4,39685402
4,39701826
4,39684106
4,39685403
4,39685404
4,39681663
4,39684675
4,39701827
4,39684676
4,39701828
4,39684677
4,39688785
4,39684678
4,39681664
4,39684107
4,39701829
4,39688786
4,39688787
4,39687980
4,39684065
4,39684647
4,39684833
4,39687981
4,39684834
4,39684835
4,39681628
4,39701024
4,39681629
4,39684066
4,39684067
4,39684068
3,39681630
4,39701025
4,39701026
4,39681631
4,39681632
4,39687982
4,39687983
4,39675712
4,39675713
4,39675714
4,39681633
4,39701027
4,39687984
4,39687985
4,39684648
4,39701028
4,39684836
4,39684069
4,39684649
4,39684650
4,39684070
4,39684651
4,39675715
4,39684071
4,39687986
4,39684072
4,39684073
4,39684074
4,39675716
4,39687987
4,39701029
4,39684075
4,39684076
4,39684077
4,39701030
4,39687988
4,39675718
3,39684837
4,39684653
4,39701794
4,39675719
4,39675720
4,39684654
4,39684838
4,39684839
4,39701795
4,39675721
4,39675722
4,39675723
4,39684078
4,39684079
4,39681635
4,39684840
4,39701796
4,39687989
4,39684655
4,39684656
4,39701797
4,39701798
4,39687990
4,39687991
4,39684080
4,39681636
4,39681637
4,39687992
4,39687993
4,39687994
4,39687995
4,39701799
4,39701800
4,39701801
4,39687996
3,39675724
3,39675725
4,39675726
4,39701802
4,39684081
4,39701803
4,39684841
4,39684842
4,39685409
4,39701031
1,39684652
1,39675717
4,39681634
4,39701804
4,39701805
4,39684843
4,39681638
4,39701806
4,39687997
4,39684657
4,39681639
4,39701808
4,39687998
4,39684658
4,39687999
4,39701809
4,39684844
4,39684659
4,39688000
4,39688001
4,39685383
4,39684660
4,39685384
4,39688002
4,39681640
4,39684845
4,39681641
4,39681642
4,39681643
4,39684661
4,39685385
4,39685386
4,39701810
4,39684846
4,39684082
4,39701811
4,39681644
4,39688003
4,39688004
4,39684847
4,39684848
4,39684849
4,39684662
4,39684850
4,39684083
3,39688005
4,39685387
1,39684084
4,39701812
4,39688006
4,39684085
4,39685388
4,39685389
4,39685390
4,39684851
4,39701813
4,39684852
4,39681645
4,39681646
4,39681647
4,39684086
4,39684087
4,39688007
4,39681648
4,39688008
4,39684853
4,39684088
4,39688009
4,39684663
4,39681649
4,39681650
4,39684089
4,39685391
4,39685392
4,39684090
4,39701814
4,39688010
4,39701815
4,39684091
4,39685393
4,39681651
4,39681652
4,39701816
4,39701817
4,39688011
4,39688012
4,39684664
4,39681653
4,39701818
4,39688013
4,39688014
4,39684092
4,39688015
4,39681609
4,39700990
4,39681610
4,39675681
4,39687957
4,39684807
4,39675682
4,39684808
4,39684809
4,39687958
4,39684038
4,39700991
4,39684039
4,39675907
4,39700992
4,39684810
4,39700993
4,39687959
4,39681611
4,39681612
4,39681613
4,39684040
4,39684041
4,39684042
4,39684043
4,39684044
4,39684045
4,39684811
4,39684812
4,39675683
4,39675684
1,39684046
4,39687960
4,39687961
4,39675685
1,39675908
1,39675686
4,39675687
4,39675688
4,39675909
4,39700994
4,39675910
4,39675689
4,39675690
4,39700995
4,39700996
4,39675691
4,39675692
4,39675911
4,39684047
4,39687962
4,39684048
4,39684049
4,39687963
4,39687964
4,39684813
4,39684814
4,39684815
4,39681614
4,39684816
4,39700997
4,39687965
4,39681615
4,39681616
4,39684817
4,39684818
4,39684050
4,39684051
4,39687966
4,39684052
4,39700998
4,39675912
4,39700999
4,39701000
4,39684053
4,39684819
4,39701001
4,39684820
4,39687967
4,39675913
4,39675914
4,39684054
4,39687968
4,39675693
4,39701002
4,39684055
4,39681617
4,39675694
4,39675915
4,39675916
4,39675917
4,39675918
4,39675919
4,39684821
4,39684634
4,39701003
4,39701004
4,39684822
4,39681618
4,39684056
4,39681619
4,39675695
4,39687969
4,39684057
4,39675696
3,39684058
1,39684058
3,39684059
1,39684059
4,39701005
3,39687970
4,39701006
4,39687971
4,39675697
4,39684635
4,39701007
4,39684823
4,39701008
4,39684060
4,39675698
4,39684824
4,39684825
4,39684826
4,39684636
4,39687972
1,39684637
4,39687973
4,39701009
4,39701010
4,39675699
4,39684638
4,39675700
4,39701011
4,39701012
4,39687974
4,39675701
4,39681620
4,39687975
4,39684827
4,39687976
3,39675702
4,39684639
4,39684640
4,39701013
4,39684061
4,39675703
4,39675704
4,39684641
4,39701014
4,39681621
4,39684642
4,39684643
4,39701015
4,39681622
4,39701016
4,39684644
2,39684828
4,39684829
4,39684645
4,39684830
4,39684831
4,39701017
4,39701018
4,39684646
4,39675705
4,39687977
4,39684062
4,39681623
4,39684063
4,39684064
3,39701019
3,39701020
1,39701021
4,39687978
4,39675706
4,39675707
4,39681624
4,39681625
4,39684832
4,39701022
4,39701023
4,39675708
4,39675709
4,39681626
4,39681627
4,39687979
4,39675710
4,39681677
4,39684689
4,39701819
4,39701820
4,39681654
4,39681655
4,39701821
4,39684093
4,39685394
4,39681656
4,39681657
4,39681658
4,39684665
4,39685395
4,39701822
4,39688016
4,39685396
4,39684854
4,39684859
4,39681665
4,39701830
4,39688788
4,39688789
4,39684860
4,39681666
4,39701831
4,39684679
1,39685619
4,39688790
4,39688791
4,39685406
4,39684861
4,39684680
4,39684681
4,39684682
4,39685620
4,39688792
4,39688793
4,39685407
4,39681667
4,39684683
4,39684862
4,39688794
4,39685408
4,39684718
4,39685670
4,39685671
4,39684719
4,39685440
4,39691161
4,39688832
4,39684720
4,39688833
4,39685672
4,39685673
4,39701878
1,39701879
4,39701880
4,39688834
4,39688835
4,39688795
4,39684684
4,39681668
4,39684863
4,39701881
4,39685674
4,39688836
4,39691162
4,39688837
4,39681703
4,39684721
4,39681704
4,39684722
4,39685675
4,39685441
4,39688838
4,39688839
4,39684723
4,39685676
4,39691163
4,39681705
4,39701882
4,39691923
4,39691924
4,39701883
4,39684724
4,39684725
4,39685442
4,39691925
4,39681706
4,39688840
4,39685443
4,39685677
4,39685678
4,39685444
4,39684726
4,39685679
4,39685680
4,39681707
4,39688841
4,39684727
1,39684728
4,39688842
4,39701884
4,39701885
4,39701886
4,39684729
4,39701887
4,39701888
4,39684730
1,39685681
4,39685682
4,39684731
4,39691926
4,39681708
4,39681709
4,39691927
4,39685683
4,39684732
4,39685410
3,39681669
4,39701832
4,39701833
4,39681670
4,39701834
4,39701835
4,39685621
4,39685622
4,39701836
4,39681671
4,39681672
4,39681673
4,39684685
4,39701837
4,39685623
4,39681674
4,39688796
4,39684686
4,39684716
4,39701875
4,39701876
4,39691159
4,39688828
4,39685668
4,39691160
4,39688829
4,39688830
4,39701877
4,39684717
4,39688831
4,39685669
4,39684687
4,39681675
4,39685411
4,39681676
3,39685412
3,39685413
4,39701838
4,39701839
4,39701840
4,39684688
4,39685624
4,39681678
4,39701841
4,39688797
4,39685625
4,39684690
4,39685415
4,39684864
4,39688798
4,39681679
4,39681680
4,39688799
4,39685626
4,39685627
4,39701842
4,39685416
4,39688800
4,39684865
4,39681681
4,39685628
4,39685629
4,39685630
4,39684691
4,39684692
4,39688801
4,39685417
4,39685631
4,39701843
4,39684866
4,39684693
4,39684694
4,39684695
4,39681682
4,39685418
4,39685632
4,39688802
4,39685419
4,39688803
4,39684696
3,39685633
4,39701844
3,39684867
3,39684868
4,39688804
4,39688805
4,39684869
4,39684870
4,39685420
4,39685421
4,39685634
4,39688806
3,39684871
4,39684872
3,39685635
4,39684697
4,39701845
4,39701846
4,39701847
4,39701848
4,39684698
4,39684699
4,39684700
3,39684701
4,39688807
4,39688808
4,39685422
4,39681683
4,39685636
4,39685423
4,39701849
1,39701850
1,39701851
4,39688809
4,39681684
4,39685637
4,39701852
3,39701853
4,39685638
4,39688810
4,39685639
4,39688811
4,39684702
4,39685640
4,39685641
4,39685642
4,39681685
4,39681686
4,39681687
4,39681688
4,39685643
4,39701854
4,39684873
3,39684703
4,39685425
4,39688812
4,39688813
4,39681689
4,39701855
4,39701856
4,39684878
4,39684879
4,39685429
4,39701858
4,39685648
4,39684880
4,39684881
4,39684882
4,39701859
4,39684704
4,39684874
4,39685644
4,39701857
4,39685426
4,39684875
4,39685427
4,39685428
4,39685645
4,39685646
4,39684876
4,39685647
4,39684877
4,39688814
4,39688815
4,39684705
4,39681690
4,39684883
4,39685649
4,39701860
4,39701861
4,39681691
4,39681692
4,39685430
4,39685431
4,39684706
4,39685650
4,39685651
3,39685652
4,39681693
4,39685653
4,39684884
4,39684885
4,39684886
4,39688816
4,39688817
4,39688818
4,39685654
4,39685432
4,39701862
4,39701863
4,39685655
4,39685656
4,39685657
4,39685658
4,39688819
4,39685659
4,39701864
4,39684887
4,39701865
4,39688820
4,39684707
4,39701866
4,39684708
4,39685433
4,39701867
4,39688821
4,39685434
4,39685660
4,39685661
4,39685435
4,39688822
4,39701868
4,39701869
4,39684888
4,39681694
4,39685436
4,39684709
4,39684889
4,39688823
4,39685437
4,39684710
3,39701870
3,39701871
4,39685662
4,39684890
4,39681695
4,39701872
4,39684711
4,39684712
4,39685663
4,39684713
4,39691158
4,39684714
4,39685438
4,39685439
4,39701873
4,39685664
4,39685665
4,39688824
4,39681696
4,39681697
4,39688825
4,39681698
4,39681699
4,39688826
4,39681700
4,39684715
3,39685666
4,39685667
4,39681701
4,39688827
4,39681702
4,39701874
