bias_id,offense_id
21,39641485
21,39636726
21,39638980
21,39636727
21,39640381
21,39636717
21,39636718
21,39640368
21,39640369
21,39638967
21,39641473
21,39641474
21,39638968
21,39638969
21,39638970
21,39651479
21,39651480
21,39638971
21,39651481
21,39640370
21,39640371
21,39641475
21,39638972
21,39638973
21,39651482
21,39637542
21,39636151
21,39640372
21,39651483
21,39638974
21,39638975
21,39641476
21,39651484
21,39651485
21,39640373
21,39641477
21,39636719
21,39636152
21,39636720
21,39640374
21,39640375
21,39636721
21,39638976
21,39651486
21,39638977
21,39636722
21,39636153
21,39640376
21,39637543
21,39637544
21,39637545
21,39651487
21,39637546
21,39637547
21,39637548
21,39636154
21,39636155
21,39640377
21,39640378
21,39651488
21,39651489
21,39638311
21,39638312
21,39636723
21,39636156
21,39638978
21,39638313
21,39636157
21,39636158
21,39641478
21,39641479
21,39641480
21,39636159
21,39641481
21,39640379
21,39638314
21,39638315
21,39638316
21,39638317
21,39641482
21,39640380
21,39636724
21,39636725
21,39651490
21,39641483
21,39638979
21,39641484
21,37648047
21,37653810
21,39670272
21,39658043
21,39663810
21,39673579
21,39657188
21,39657189
21,39673580
21,39654908
21,39658751
21,39651129
21,39673581
21,39657393
21,39657394
21,39654909
21,39657395
21,39659722
21,39659723
21,39658752
21,39673582
21,39659724
21,39673583
21,39673584
21,39673585
21,39654910
21,39654911
21,39659725
21,39659726
21,39662893
21,39662894
21,39673594
21,39662895
21,39662896
21,39662897
21,39673595
21,39651142
21,39664849
21,39659727
21,39659728
21,39662885
21,39662886
21,39662887
21,39657396
21,39651130
21,39673586
21,39651131
21,39658753
21,39658754
21,39673587
21,39657397
21,39657398
21,39673588
21,39659729
21,39659730
21,39673589
21,39657399
21,39657400
21,39658755
21,39657190
21,39657401
21,39659731
21,39651132
21,39651133
21,39651134
21,39658756
21,39658757
21,39658758
21,39657191
21,39657192
21,39657402
21,39662888
21,39658759
21,39658760
21,39657403
21,39657193
21,39657194
21,39651135
21,39651136
21,39651137
21,39651138
21,39673590
21,39662889
21,39657195
21,39673591
21,39673592
21,39664847
21,39658761
21,39651139
21,39659732
21,39662890
21,39662891
21,39662892
21,39657196
21,39657197
21,39673593
21,39657198
21,39659733
21,39664848
21,39651140
21,39651141
21,39657404
21,39659734
21,39673596
21,39657199
21,39657200
21,39657405
21,39651143
21,39662898
21,39659735
21,39659736
21,39657201
21,39662899
21,39657202
21,39664850
21,39651144
21,39664851
21,39664852
21,39662900
21,39662901
21,39659737
21,39664853
21,39662902
21,39662903
21,39651145
21,39662904
21,39673597
21,39673598
21,39657406
21,39673599
21,39664854
21,39664855
21,39662905
21,39651146
21,39651147
21,39657203
21,39657204
21,39664856
21,39659738
21,39659739
21,39659740
21,39673600
21,39651148
21,39662906
21,39657205
21,39657407
21,39651149
21,39664857
21,39659741
21,39673601
21,39657408
21,39662907
21,39662908
21,39662909
21,39662910
21,39662911
21,39657409
21,39662912
21,39657410
21,39657411
21,39657412
21,39651150
21,39657413
21,39657414
21,39673602
21,39651151
21,39662913
21,39662914
21,39657415
21,39657416
21,39664858
21,39651152
21,39651153
21,39657206
21,39662915
21,39657207
21,39659742
21,39662916
21,39673603
21,39659743
21,39659744
21,39659745
21,39651154
21,39662917
21,39659746
21,39659747
21,39664859
21,39664860
21,39662918
21,39673605
21,39659750
21,39673606
21,39664861
21,39662919
21,39651155
21,39657417
21,39659748
21,39659749
21,39673604
21,39659713
21,39657387
21,39659714
21,39658746
21,39651122
21,39658747
21,39651123
21,39657388
21,39654902
21,39651124
21,39658748
21,39673571
21,39673572
21,39651125
21,39659715
21,39657389
21,39657390
21,39659716
21,39673573
21,39673574
21,39654903
21,39654904
21,39657391
21,39651126
21,39673575
21,39657185
21,39658749
21,39659717
21,39651127
21,39651128
21,39659718
21,39657392
21,39673576
21,39658750
21,39657186
21,39654905
21,39654906
21,39659719
21,39659720
21,39657187
21,39673577
21,39659721
21,39654907
21,39673578
21,39664923
21,39664924
21,39660548
21,39682349
21,39663740
21,39665449
21,39662920
21,39662921
21,39662922
21,39657208
21,39662923
21,39657209
21,39657210
21,39657418
21,39662924
21,39673607
21,39657419
21,39651156
21,39651157
21,39651158
21,39651159
21,39662925
21,39664862
21,39657420
21,39662926
21,39659751
21,39662927
21,39651160
21,39657421
21,39657216
21,39651162
21,39651163
21,39651164
21,39665410
21,39664865
21,39659752
21,39659753
21,39664863
21,39657422
21,39662928
21,39657211
21,39659754
21,39659755
21,39657423
21,39657212
21,39657213
21,39657214
21,39657215
21,39664864
21,39663691
21,39657424
21,39665408
21,39651161
21,39665409
21,39663692
21,39651165
21,39664866
21,39673608
21,39664867
21,39659756
21,39651166
21,39664868
21,39651167
21,39665411
21,39659757
21,39663693
21,39663694
21,39673609
21,39673610
21,39673611
21,39673612
21,39659758
21,39673613
21,39657217
21,39651927
21,39663695
21,39659759
21,39659760
21,39651928
21,39673614
21,39657218
21,39663696
21,39664869
21,39651929
21,39651930
21,39663697
21,39659761
21,39659762
21,39663698
21,39659763
21,39673615
21,39663699
21,39665412
21,39665413
21,39657219
21,39659764
21,39664870
21,39664871
21,39659765
21,39663700
21,39659766
21,39664872
21,39664873
21,39665414
21,39651933
21,39663711
21,39663712
21,37653534
21,37653535
21,36158021
21,36157541
21,39663780
21,39682395
21,39658013
21,39664914
21,39665293
21,39665294
21,39682361
21,39665295
21,39665451
21,39660570
21,39665452
21,39658014
21,39665453
21,39682362
21,39660571
21,39658015
21,39682363
21,39665454
21,39665296
21,39658016
21,39682364
21,39665455
21,39663748
21,39663749
21,39682365
21,39660572
21,39665297
21,39665298
21,39682366
21,39682367
21,39665456
21,39664915
21,39663750
21,39665457
21,39665458
21,39663751
21,39663752
21,39663753
21,39660573
21,39660574
21,39663754
21,39663755
21,39682368
21,39658017
21,39666215
21,39666216
21,39663756
21,39658018
21,39666217
21,39660575
21,39660576
21,39663757
21,39660577
21,39682369
21,39658019
21,39665299
21,39665300
21,39664916
21,39666218
21,39666219
21,39660578
21,39658020
21,39682370
21,39665301
21,39666220
21,39666221
21,39658021
21,39664917
21,39664918
21,39658022
21,39682371
21,39682372
21,39666222
21,39664919
21,39658023
21,39664920
21,39665302
21,39658024
21,39658025
21,39658026
21,39658027
21,39664921
21,39663758
21,39663759
21,39664922
21,39660579
21,39658028
21,39658029
21,39660580
21,39660581
21,39663761
21,39664927
21,39660585
21,39663763
21,39663773
21,39682381
21,39658034
21,39663777
21,39664940
21,39664888
21,39651939
21,39673632
21,39657235
21,39660531
21,39664889
21,39664890
21,39651940
21,39657236
21,39663713
21,39660532
21,39660533
21,39660534
21,39660535
21,39660536
21,39660537
21,39660538
21,39660539
21,39660540
21,39657237
21,39660541
21,39660542
21,39665434
21,39673633
21,39665435
21,39663714
21,39651941
21,39663715
21,39651942
21,39665436
21,39657238
21,39657239
21,39665437
21,39660543
21,39664891
21,39663716
21,39663717
21,39664892
21,39663718
21,39660544
21,39660545
21,39660546
21,39657240
21,39657241
21,39657242
21,39657243
21,39673634
21,39651943
21,39663719
21,39665438
21,39665439
21,39660547
21,39673635
21,39651944
21,39663720
21,39664893
21,39664894
21,39657244
21,39663721
21,39651945
21,39663722
21,39663723
21,39673636
21,39665440
21,39660549
21,39663724
21,39663725
21,39665441
21,39660550
21,39651946
21,39651947
21,39651948
21,39651949
21,39660551
21,39663726
21,39663727
21,39664895
21,39651950
21,39651951
21,39663728
21,39660552
21,39660553
21,39660554
21,39665442
21,39663729
21,39660555
21,39657245
21,39673637
21,39657246
21,39673638
21,39657247
21,39657248
21,39682348
21,39673639
21,39651952
21,39665443
21,39660556
21,39651953
21,39663730
21,39665444
21,39660557
21,39663731
21,39682350
21,39665445
21,39663732
21,39664896
21,39651954
21,39660558
21,39663733
21,39663734
21,39664897
21,39664898
21,39682351
21,39651955
21,39664899
21,39682352
21,39682353
21,39663735
21,39663736
21,39663737
21,39660559
21,39660560
21,39657249
21,39657250
21,39664900
21,39664901
21,39657251
21,39657252
21,39660561
21,39660562
21,39665446
21,39663738
21,39663739
21,39651956
21,39665447
21,39657253
21,39660563
21,39664902
21,39657254
21,39657255
21,39658009
21,39663741
21,39651957
21,39658010
21,39660564
21,39660565
21,39663742
21,39664903
21,39660566
21,39660567
21,39664904
21,39665448
21,39664905
21,39651958
21,39651959
21,39651960
21,39663743
21,39651961
21,39651962
21,39682354
21,39663744
21,39664906
21,39651963
21,39664907
21,39664908
21,39682355
21,39682356
21,39665290
21,39665291
21,39682357
21,39682358
21,39682359
21,39663745
21,39663746
21,39658011
21,39665450
21,39664909
21,39664910
21,39658012
21,39660568
21,39663747
21,39660569
21,39682360
21,39664911
21,39665292
21,39664912
21,39664913
21,39673616
21,39651931
21,39663701
21,39657220
21,39673617
21,39663702
21,39673618
21,39665415
21,39665416
21,39665417
21,39651932
21,39657221
21,39664874
21,39663703
21,39663704
21,39663705
21,39657222
21,39665418
21,39665419
21,39664875
21,39663706
21,39664876
21,39664877
21,39664878
21,39657223
21,39664879
21,39651934
21,39657224
21,39657225
21,39673619
21,39673620
21,39659767
21,39665420
21,39657226
21,39659768
21,39664880
21,39657227
21,39665421
21,39665422
21,39657230
21,39673621
21,39673622
21,39651935
21,39665426
21,39673623
21,39657231
21,39665427
21,39659769
21,39651936
21,39665428
21,39665429
21,39664881
21,39664882
21,39673624
21,39673625
21,39663707
21,39664883
21,39664884
21,39673626
21,39673627
21,39665430
21,39657228
21,39657229
21,39665423
21,39665424
21,39665425
21,39673628
21,39673629
21,39659770
21,39663708
21,39663709
21,39657232
21,39651937
21,39673630
21,39673631
21,39651938
21,39663710
21,39665431
21,39657233
21,39660527
21,39660528
21,39665432
21,39660529
21,39660530
21,39664885
21,39664886
21,39665433
21,39657234
21,39664887
21,37651329
21,37647402
21,36156844
21,37648051
21,36155091
21,36156823
21,36156827
21,37641684
21,37652796
21,37662778
21,37647415
21,37654375
21,37641740
21,37654308
21,37654313
21,37653825
21,39664589
21,39665129
21,39666101
21,39664590
21,39666283
21,39682436
21,39665749
21,39669382
21,39665750
21,39664591
21,39666102
21,39682437
21,39682438
21,39666103
21,39664592
21,39665751
21,39666284
21,39669387
21,39658038
21,39663779
21,39682384
21,39668591
21,39682385
21,39666239
21,39664945
21,39664946
21,39663781
21,39663782
21,39682386
21,39668592
21,39668593
21,39663783
21,39664947
21,39666240
21,39663784
21,39668594
21,39668595
21,39666241
21,39668596
21,39663785
21,39668597
21,39663786
21,39665310
21,39663787
21,39658039
21,39664948
21,39658040
21,39663788
21,39663789
21,39682387
21,39666242
21,39658041
21,39664949
21,39666243
21,39666244
21,39658042
21,39666245
21,39663790
21,39668598
21,39668599
21,39664950
21,39682388
21,39682389
21,39658044
21,39658045
21,39658046
21,39665311
21,39668600
21,39668601
21,39664951
21,39666246
21,39666247
21,39668602
21,39664952
21,39682390
21,39663791
21,39664953
21,39682391
21,39663792
21,39666248
21,39668603
21,39682392
21,39665312
21,39666249
21,39664954
21,39668604
21,39668605
21,39668606
21,39682393
21,39682394
21,39665313
21,39665314
21,39665315
21,39664955
21,39666250
21,39664956
21,39664957
21,39665316
21,39665718
21,39668607
21,39668608
21,39665719
21,39666251
21,39666252
21,39663793
21,39663794
21,39658047
21,39658048
21,39658049
21,39658050
21,39663795
21,39682396
21,39665720
21,39665721
21,39666253
21,39665317
21,39665722
21,39666254
21,39665723
21,39666255
21,39663796
21,39665724
21,39663797
21,39666256
21,39666257
21,39665318
21,39682397
21,39665725
21,39682398
21,39665726
21,39666258
21,39666259
21,39658051
21,39663798
21,39663799
21,39665319
21,39658052
21,39668609
21,39665727
21,39663800
21,39665728
21,39682399
21,39658053
21,39665320
21,39665321
21,39682400
21,39665322
21,39658054
21,39658055
21,39658056
21,39658057
21,39658058
21,39663801
21,39663802
21,39658059
21,39665323
21,39682401
21,39663803
21,39658060
21,39663804
21,39663805
21,39665095
21,39665096
21,39665729
21,39665097
21,39668610
21,39682402
21,39682403
21,39663806
21,39665098
21,39668611
21,39682404
21,39666260
21,39666261
21,39665099
21,39663807
21,39665100
21,39665101
21,39665102
21,39665103
21,39665104
21,39668612
21,39682405
21,39665105
21,39665106
21,39665107
21,39682406
21,39682407
21,39682408
21,39682409
21,39668613
21,39663808
21,39663809
21,39682410
21,39663811
21,39682411
21,39682412
21,39663812
21,39665108
21,39665109
21,39665324
21,39666262
21,39668614
21,39690359
21,39690360
21,39666223
21,39663760
21,39666224
21,39658030
21,39682373
21,39663762
21,39664925
21,39664926
21,39666225
21,39682374
21,39665303
21,39665304
21,39682375
21,39660582
21,39660583
21,39666226
21,39664928
21,39660584
21,39665305
21,39682376
21,39682377
21,39682378
21,39666227
21,39664929
21,39665306
21,39664930
21,39663764
21,39663765
21,39666228
21,39666229
21,39660586
21,39663766
21,39663767
21,39663768
21,39663769
21,39663770
21,39663771
21,39660587
21,39663772
21,39658031
21,39660588
21,39666230
21,39658032
21,39660589
21,39664931
21,39664932
21,39660590
21,39664933
21,39666231
21,39666232
21,39658033
21,39682379
21,39665307
21,39682380
21,39664934
21,39668586
21,39666233
21,39664935
21,39665308
21,39663774
21,39666234
21,39665309
21,39666235
21,39666236
21,39664936
21,39664937
21,39664938
21,39664939
21,39666237
21,39658035
21,39668587
21,39666238
21,39668588
21,39663775
21,39682382
21,39658036
21,39668589
21,39663776
21,39658037
21,39668590
21,39682383
21,39664941
21,39663778
21,39664942
21,39664943
21,39664944
21,39665765
21,39665730
21,39665325
21,39666263
21,39682413
21,39682414
21,39665326
21,39665731
21,39665327
21,39665328
21,39665110
21,39682415
21,39666264
21,39668615
21,39666265
21,39663813
21,39668616
21,39666266
21,39668617
21,39665329
21,39663814
21,39666267
21,39666268
21,39666269
21,39664576
21,39663815
21,39665732
21,39665111
21,39668618
21,39665733
21,39665734
21,39682416
21,39668619
21,39666270
21,39682417
21,39665735
21,39682418
21,39665112
21,39666271
21,39665113
21,39665114
21,39682419
21,39682420
21,39666272
21,39665736
21,39665115
21,39665737
21,39664577
21,39682421
21,39668620
21,39665116
21,39668621
21,39669375
21,39665330
21,39666090
21,39664578
21,39666091
21,39666273
21,39669376
21,39669377
21,39682422
21,39664579
21,39664580
21,39665738
21,39665739
21,39665740
21,39669378
21,39665117
21,39666092
21,39669379
21,39665118
21,39665741
21,39682423
21,39682424
21,39666274
21,39665742
21,39682425
21,39664581
21,39666093
21,39682426
21,39666094
21,39666095
21,39682427
21,39666096
21,39664582
21,39664583
21,39669380
21,39666097
21,39665119
21,39666098
21,39664584
21,39666275
21,39666276
21,39665743
21,39665120
21,39682428
21,39665121
21,39666277
21,39665744
21,39665745
21,39664585
21,39682429
21,39666099
21,39664586
21,39666278
21,39665122
21,39666279
21,39665746
21,39666280
21,39666281
21,39665123
21,39665124
21,39665747
21,39664587
21,39665125
21,39682430
21,39682431
21,39682432
21,39665126
21,39682433
21,39666100
21,39665127
21,39682434
21,39665748
21,39664588
21,39669381
21,39682435
21,39665128
21,39666282
21,36155105
21,36155106
21,36156834
21,36157251
21,36155107
21,36155108
21,36160883
21,36160884
21,36156835
21,36155109
21,36156836
21,36157942
21,36155110
21,36157943
21,36157944
21,36156837
21,36157545
21,36157546
21,36157547
21,36160885
21,36160886
21,36161030
21,36160887
21,36157252
21,36157548
21,36161031
21,36161032
21,36161033
21,36157253
21,36155111
21,36156838
21,36156839
21,36155112
21,36161034
21,36157254
21,36160888
21,36157549
21,36160889
21,36155113
21,37647397
21,37641683
21,37647398
21,37648823
21,37653022
21,37651328
21,37653532
21,37653023
21,37652798
21,37647399
21,37648824
21,37647400
21,37653533
21,37652799
21,37647401
21,37648825
21,37653790
21,37648826
21,37652800
21,37653791
21,37653792
21,37648827
21,37653536
21,37651330
21,37651331
21,37653537
21,37652801
21,37647403
21,37647404
21,36157247
21,36157248
21,36160878
21,36155103
21,36157938
21,36160879
21,36160880
21,36160881
21,36156829
21,36157249
21,36156830
21,36155104
21,36156831
21,36156832
21,36156833
21,36157250
21,36160882
21,36157939
21,36157940
21,36157941
21,36156840
21,36155114
21,36156841
21,36160890
21,36157550
21,36157551
21,36157552
21,36157553
21,36155115
21,36157945
21,36156842
21,36155117
21,36155116
21,36157255
21,36156843
21,36161035
21,36160891
21,36160892
21,36161036
21,36155118
21,36157554
21,36157946
21,36155119
21,36156845
21,36160893
21,36157256
21,36157947
21,36157555
21,36160894
21,36157948
21,36157556
21,36155120
21,36155121
21,36157557
21,36157949
21,36161037
21,36156846
21,36155122
21,36155123
21,36155124
21,36158022
21,36155125
21,36158023
21,37648042
21,37651315
21,37648043
21,37641666
21,37653510
21,37648044
21,37641667
21,37653003
21,37653004
21,37653511
21,37653005
21,37648045
21,37647388
21,37653512
21,37648046
21,37653006
21,37647389
21,37653007
21,37641668
21,37652784
21,37652785
21,37653008
21,37653513
21,37653514
21,37641669
21,37653515
21,37652786
21,37648048
21,37641670
21,37641671
21,37653009
21,37651316
21,37652787
21,37653516
21,37653517
21,37653518
21,37652788
21,37648049
21,37652789
21,37652790
21,37653010
21,37641672
21,37647390
21,37647391
21,37651317
21,37652791
21,37651318
21,37653519
21,37653520
21,37653521
21,37641673
21,37652792
21,37652793
21,37648050
21,37641675
21,37641674
21,37653011
21,37653012
21,37653013
21,37652794
21,37651319
21,37653014
21,37648052
21,37648053
21,37653522
21,37651320
21,37651321
21,37647392
21,37651322
21,37651323
21,37653015
21,37653016
21,37648054
21,37647393
21,37651324
21,37653523
21,37651325
21,36161022
21,36157240
21,36157539
21,36157540
21,36161023
21,36161024
21,36155092
21,36160867
21,36160868
21,36156821
21,36157241
21,36157242
21,36157934
21,36157935
21,36160869
21,36160870
21,36161025
21,36160871
21,36160872
21,36160873
21,36160874
21,36156822
21,36157936
21,36155093
21,36155094
21,36155095
21,36155096
21,36160875
21,36157243
21,36157244
21,36157542
21,36161026
21,36156824
21,36156825
21,36161027
21,36155097
21,36156826
21,36155098
21,36155099
21,36157245
21,36155100
21,36161028
21,36160876
21,36155101
21,36157543
21,36155102
21,36157937
21,36157544
21,36160877
21,36156828
21,36157246
21,36161029
21,37653538
21,37653793
21,37647405
21,37647406
21,37651332
21,37651333
21,37652802
21,37653794
21,37648828
21,37652803
21,37641685
21,37641686
21,37641687
21,37641688
21,37651334
21,37651335
21,37652804
21,37652805
21,37652806
21,37641689
21,37654293
21,37653795
21,37652807
21,37651336
21,37653796
21,37648829
21,37648830
21,37653797
21,37652808
21,37651337
21,37647407
21,37651338
21,37651339
21,37654294
21,37654295
21,37641690
21,37641691
21,37653798
21,37662768
21,37654296
21,37641692
21,37648831
21,37652809
21,37641693
21,37652810
21,37652811
21,37648832
21,37648833
21,37641694
21,37647408
21,37654297
21,37652812
21,37648834
21,37653799
21,37662769
21,37662770
21,37647409
21,37653800
21,37641695
21,37641696
21,37653801
21,37647410
21,37662771
21,37647411
21,37653802
21,37654298
21,37652813
21,37648835
21,37653803
21,37641697
21,37654299
21,37641698
21,37641699
21,37641700
21,37662777
21,37647394
21,37641676
21,37652795
21,37653017
21,37653018
21,37647395
21,37653019
21,37641677
21,37653524
21,37641678
21,37648055
21,37648056
21,37648057
21,37648058
21,37641679
21,37641680
21,37647396
21,37641681
21,37648059
21,37648814
21,37653525
21,37648815
21,37653526
21,37648816
21,37652797
21,37653527
21,37651326
21,37648817
21,37653528
21,37653529
21,37648818
21,37648819
21,37648820
21,37653020
21,37648821
21,37648822
21,37653530
21,37651327
21,37653531
21,37653021
21,37641682
21,37662815
21,37648904
21,37648839
21,37662517
21,39682439
21,39682440
21,39682441
21,39669383
21,39666285
21,39665752
21,39666286
21,39664593
21,39666287
21,39665753
21,39666104
21,39666288
21,39666289
21,39666290
21,39666105
21,39669384
21,39669385
21,39665754
21,39666291
21,39669386
21,39666292
21,39665130
21,39682442
21,39666106
21,39664594
21,39664595
21,39666293
21,39666294
21,39665755
21,39674812
21,39667120
21,39684674
21,39669388
21,36157538
21,39665136
21,37653804
21,37647412
21,37652814
21,37662772
21,37662773
21,37652815
21,37652816
21,37654300
21,37662774
21,37654301
21,37653805
21,37662775
21,37654302
21,37653806
21,37653807
21,37662776
21,37653808
21,37653809
21,37647413
21,37647414
21,37654303
21,37654304
21,37654305
21,37662512
21,37657706
21,37654377
21,37662825
21,37662826
21,37653869
21,37662827
21,37642506
21,37648220
21,37662828
21,37648221
21,37662563
21,37662829
21,37662830
21,37648906
21,37648907
21,37654357
21,37648222
21,37662564
21,37662831
21,37662832
21,37653870
21,37653871
21,37648908
21,37648223
21,37648224
21,37656934
21,37662565
21,37653872
21,37662833
21,37656935
21,37642507
21,37662566
21,37662834
21,37656936
21,37656937
21,37656938
21,37653873
21,37653874
21,37648225
21,37648226
21,37654358
21,37653875
21,37662835
21,37662836
21,37657692
21,37642512
21,37642513
21,37657694
21,37654360
21,37642514
21,37662569
21,37648230
21,37653877
21,37657695
21,37654361
21,37657696
21,37662570
21,37657697
21,37662842
21,37642508
21,37648227
21,37654359
21,37662567
21,37642509
21,37642510
21,37648228
21,37653876
21,37662837
21,37662838
21,37662568
21,37657693
21,37648229
21,37642511
21,37662839
21,37662840
21,37662841
21,37662571
21,37662572
21,37662573
21,37642515
21,37657698
21,37648231
21,37657699
21,37654362
21,37654363
21,37654364
21,37642516
21,37662843
21,37648232
21,37642517
21,37662844
21,37648233
21,37642519
21,37653880
21,37648865
21,37662539
21,37653839
21,37641726
21,37641727
21,37648196
21,37654331
21,37641728
21,37641729
21,37654332
21,37653840
21,37662808
21,37653841
21,37653842
21,37641730
21,37648197
21,37648866
21,37648198
21,37654333
21,37662809
21,37648867
21,37653843
21,37654334
21,37641725
21,37648195
21,37648864
21,37641731
21,37654335
21,37641732
21,37648868
21,37654336
21,37648199
21,37648200
21,37654337
21,37654338
21,37648869
21,37662540
21,37641733
21,37653844
21,37662810
21,37641734
21,37662541
21,37654339
21,37653845
21,37654340
21,37648870
21,37648201
21,37648202
21,37648203
21,37648871
21,37653846
21,37662811
21,37641735
21,37641736
21,37648204
21,37648205
21,37654341
21,37662812
21,37641737
21,37662542
21,37641738
21,37641739
21,37662543
21,37662544
21,37648872
21,37648873
21,37653847
21,37654342
21,37654343
21,37648874
21,37648875
21,37648876
21,37648877
21,37648878
21,37662813
21,37653848
21,37653849
21,37648879
21,37648880
21,37648881
21,37662545
21,37653850
21,37662814
21,37662546
21,37648882
21,37654344
21,37654345
21,37662547
21,37653851
21,37662548
21,37648206
21,37653852
21,37662549
21,37662550
21,37648207
21,37662551
21,37641741
21,37648208
21,37648883
21,37654346
21,37653853
21,37648884
21,37654347
21,37648885
21,37654348
21,37648886
21,37648887
21,37648888
21,37654349
21,37648209
21,37648210
21,37648211
21,37641742
21,37648889
21,37653854
21,37653855
21,37653856
21,37648890
21,37653857
21,37648212
21,37648213
21,37654350
21,37662552
21,37662553
21,37641743
21,37662554
21,37662555
21,37653858
21,37641744
21,37662556
21,37653859
21,37662557
21,37641745
21,37648214
21,37653860
21,37653861
21,37662816
21,37653862
21,37648891
21,37654351
21,37648892
21,37648893
21,37648894
21,37648215
21,37648216
21,37648217
21,37662817
21,37654352
21,37662818
21,37648895
21,37648896
21,37653863
21,37648897
21,37662558
21,37648898
21,37662819
21,37662820
21,37648899
21,37654353
21,37654354
21,37648900
21,37654355
21,37662821
21,37648218
21,37662822
21,37662559
21,37662560
21,37662561
21,37648901
21,37648902
21,37662562
21,37648903
21,37662823
21,37641746
21,37641747
21,37662824
21,37653864
21,37653865
21,37653866
21,37653867
21,37642505
21,37648219
21,37654356
21,37653868
21,37648905
21,37662779
21,37662780
21,37641701
21,37641702
21,37662781
21,37648836
21,37648837
21,37662513
21,37662782
21,37662514
21,37662783
21,37641703
21,37662784
21,37648838
21,37647416
21,37641704
21,37647417
21,37654306
21,37662785
21,37641705
21,37662515
21,37662516
21,37647418
21,37662786
21,37662787
21,37654307
21,37662518
21,37641706
21,37662519
21,37648840
21,37662520
21,37647419
21,37641707
21,37641708
21,37654309
21,37662788
21,37648841
21,37647420
21,37662521
21,37647421
21,37648842
21,37647422
21,37641709
21,37647423
21,37662789
21,37653811
21,37653812
21,37641710
21,37653813
21,37648843
21,37653814
21,37653815
21,37648844
21,37641711
21,37647424
21,37647425
21,37654310
21,37641712
21,37641713
21,37647426
21,37653816
21,37654311
21,37648845
21,37648846
21,37648847
21,37653817
21,37653818
21,37653819
21,37654312
21,37648848
21,37648849
21,37648850
21,37653820
21,37648851
21,37654314
21,37641714
21,37662522
21,37662523
21,37648852
21,37641715
21,37662790
21,37647427
21,37647428
21,37648853
21,37662791
21,37662524
21,37653821
21,37653822
21,37641716
21,37654315
21,37662792
21,37662797
21,37662798
21,37654324
21,37654325
21,37654326
21,37662799
21,37648857
21,37662534
21,37653828
21,37653829
21,37654327
21,37641723
21,37662535
21,37662800
21,37653830
21,37653831
21,37662801
21,37648190
21,37648191
21,37648192
21,37662802
21,37653832
21,37662803
21,37662804
21,37654328
21,37662805
21,37662536
21,37654329
21,37654330
21,37648858
21,37653833
21,37653834
21,37653835
21,37653836
21,37648859
21,37648860
21,37648193
21,37648861
21,37648862
21,37662806
21,37662807
21,37648194
21,37641724
21,37662537
21,37662538
21,37648863
21,37653837
21,37653838
21,37653823
21,37653824
21,37647429
21,37654316
21,37653826
21,37662793
21,37662525
21,37662526
21,37641717
21,37662527
21,37641718
21,37647430
21,37647431
21,37654317
21,37662528
21,37654318
21,37647432
21,37662529
21,37662530
21,37662531
21,37648854
21,37648855
21,37647433
21,37662532
21,37662794
21,37641719
21,37654319
21,37654320
21,37648856
21,37641720
21,37641721
21,37662795
21,37662796
21,37653827
21,37648186
21,37641722
21,37654321
21,37662533
21,37654322
21,37648187
21,37648188
21,37648189
21,37654323
21,39675104
21,39683271
21,39679194
21,39683238
21,39666107
21,39666305
21,39682451
21,39666321
21,37662853
21,37662854
21,37662855
21,37650516
21,37650517
21,37657707
21,37648243
21,37662856
21,37657708
21,37654376
21,37648244
21,37662857
21,37662858
21,37648245
21,37648246
21,37648247
21,37662585
21,37662586
21,37648248
21,37662859
21,37648249
21,37650519
21,37657714
21,37650520
21,37662590
21,37662591
21,37662861
21,37653886
21,37654378
21,37653883
21,37654379
21,37653884
21,37657709
21,37654380
21,37654381
21,37654382
21,37657710
21,37657711
21,37662587
21,37662588
21,37648250
21,37650518
21,37654383
21,37654384
21,37662589
21,37653885
21,37648251
21,37662860
21,37648252
21,37657712
21,37657713
21,37648253
21,37648254
21,37648255
21,37654385
21,37657715
21,37657716
21,37653887
21,37654386
21,37654387
21,37654388
21,37654389
21,37650521
21,37648256
21,37648257
21,37654390
21,37654391
21,37657717
21,37662862
21,37657700
21,37654365
21,37654366
21,37648234
21,37642518
21,37662574
21,37654367
21,37642520
21,37654368
21,37653878
21,37653879
21,37662575
21,37648235
21,37650506
21,37662576
21,37662577
21,37650507
21,37662578
21,37662845
21,37650508
21,37650509
21,37650510
21,37648236
21,37648237
21,37662846
21,37657701
21,37654369
21,37662847
21,37662848
21,37662849
21,37653881
21,37648238
21,37648239
21,37662579
21,37662850
21,37650511
21,37662580
21,37650512
21,37648240
21,37650513
21,37654370
21,37662581
21,37662851
21,37662852
21,37662582
21,37648241
21,37654371
21,37654372
21,37650514
21,37650515
21,37657702
21,37648242
21,37653882
21,37657703
21,37657704
21,37654373
21,37662583
21,37654374
21,37662584
21,37657705
21,39665195
21,39665800
21,39674329
21,39674332
21,39691256
21,39675105
21,39666180
21,39683272
21,39669421
21,39666130
21,39665161
21,39673531
21,39665162
21,39683225
21,39666331
21,39673532
21,39669422
21,39669423
21,39669424
21,39674293
21,39674294
21,39674295
21,39669425
21,39675813
21,39674296
21,39665163
21,39666131
21,39674297
21,39674298
21,39674299
21,39674300
21,39669426
21,39683226
21,39683227
21,39665786
21,39669427
21,39683228
21,39665164
21,39665165
21,39683229
21,39669428
21,39665166
21,39665787
21,39666332
21,39666333
21,39683230
21,39674301
21,39669429
21,39683231
21,39683232
21,39665167
21,39666334
21,39665168
21,39666335
21,39666336
21,39674302
21,39683233
21,39666132
21,39665169
21,39674303
21,39665170
21,39669430
21,39674304
21,39665171
21,39665172
21,39683234
21,39666133
21,39666134
21,39674305
21,39665788
21,39683235
21,39666135
21,39669431
21,39665789
21,39683236
21,39665173
21,39674306
21,39683237
21,39666136
21,39669432
21,39683239
21,39665174
21,39665175
21,39674307
21,39665176
21,39669433
21,39674308
21,39674309
21,39669434
21,39669435
21,39666137
21,39666138
21,39669436
21,39669437
21,39666337
21,39683240
21,39683241
21,39683242
21,39665177
21,39665790
21,39683243
21,39666338
21,39669438
21,39665178
21,39669439
21,39683244
21,39666339
21,39683245
21,39666139
21,39683246
21,39666140
21,39665791
21,39666340
21,39667105
21,39667109
21,39667110
21,39669442
21,39665179
21,39666142
21,39669443
21,39669444
21,39669445
21,39669446
21,39683247
21,39665793
21,39667106
21,39666141
21,39669440
21,39665792
21,39669441
21,39667107
21,39667108
21,39665180
21,39669450
21,39665756
21,39669389
21,39666295
21,39666296
21,39665131
21,39665132
21,39666297
21,39665133
21,39665757
21,39665134
21,39666298
21,39682443
21,39665758
21,39665759
21,39665760
21,39665761
21,39666299
21,39682444
21,39665135
21,39682449
21,39665139
21,39666309
21,39673530
21,39669412
21,39669413
21,39666325
21,39666326
21,39666327
21,39669414
21,39666127
21,39669415
21,39669416
21,39682461
21,39682462
21,39682463
21,39682464
21,39665782
21,39665158
21,39669417
21,39666328
21,39665783
21,39665784
21,39666329
21,39669418
21,39666128
21,39669419
21,39669420
21,39665159
21,39666330
21,39682465
21,39670277
21,39666300
21,39664596
21,39682445
21,39682446
21,39669390
21,39669391
21,39665762
21,39665763
21,39666301
21,39669393
21,39669392
21,39666108
21,39666109
21,39666302
21,39666303
21,39666304
21,39665764
21,39682447
21,39682448
21,39664597
21,39666110
21,39666111
21,39666306
21,39666307
21,39666308
21,39665137
21,39669394
21,39665138
21,39664598
21,39682450
21,39666112
21,39665140
21,39665141
21,39665142
21,39665143
21,39669395
21,39665766
21,39665767
21,39666310
21,39665144
21,39666113
21,39666114
21,39665145
21,39665146
21,39669396
21,39666311
21,39666312
21,39666115
21,39666116
21,39682452
21,39666313
21,39666117
21,39669397
21,39666314
21,39665768
21,39666118
21,39666315
21,39669398
21,39666317
21,39666316
21,39665769
21,39682453
21,39669399
21,39666119
21,39682454
21,39666318
21,39664599
21,39665147
21,39665148
21,39669400
21,39682455
21,39665770
21,39665771
21,39665772
21,39666120
21,39664600
21,39665773
21,39682456
21,39665774
21,39669401
21,39682457
21,39666319
21,39666121
21,39669402
21,39666122
21,39665149
21,39669403
21,39665775
21,39665776
21,39665777
21,39666320
21,39669404
21,39665778
21,39665150
21,39669405
21,39666123
21,39666124
21,39665779
21,39665780
21,39682458
21,39665151
21,39682459
21,39682460
21,39669406
21,39669407
21,39666125
21,39666322
21,39665781
21,39666323
21,39669408
21,39669409
21,39665152
21,39665153
21,39666126
21,39665154
21,39665160
21,39665785
21,39683224
21,39666129
21,39665155
21,39666324
21,39665156
21,39665157
21,39673528
21,39673529
21,39669410
21,39669411
21,39669493
21,39666188
21,39669491
21,39674352
21,39674353
21,39683281
21,39683282
21,39683283
21,39671135
21,39675114
21,39683284
21,39671136
21,39665978
21,39671137
21,39671138
21,39674354
21,39666189
21,39665981
21,39674356
21,39683289
21,39666192
21,39666193
21,39666194
21,39671892
21,39665982
21,39683290
21,39666195
21,39666196
21,39665983
21,39671893
21,39666197
21,39666198
21,39669494
21,39669495
21,39666199
21,39674357
21,39666200
21,39666201
21,39671894
21,39669496
21,39683291
21,39683292
21,39675118
21,39675119
21,39666202
21,39665984
21,39674358
21,39669497
21,39665985
21,39675120
21,39683293
21,39671895
21,39665986
21,39665987
21,39665988
21,39669498
21,39674359
21,39671896
21,39665989
21,39665990
21,39671897
21,39669499
21,39671898
21,39666203
21,39670259
21,39674360
21,39666204
21,39671899
21,39675121
21,39670260
21,39675122
21,39675123
21,39666205
21,39666206
21,39671900
21,39675124
21,39665991
21,39665992
21,39683294
21,39665993
21,39665994
21,39683295
21,39675125
21,39671901
21,39674361
21,39670261
21,39665995
21,39666207
21,39674362
21,39675126
21,39683296
21,39666208
21,39666209
21,39670262
21,39670263
21,39665996
21,39665997
21,39675127
21,39675128
21,39670264
21,39671902
21,39665998
21,39675129
21,39683297
21,39670265
21,39670266
21,39671903
21,39674363
21,39670267
21,39670268
21,39675130
21,39683298
21,39670269
21,39665999
21,39670270
21,39666000
21,39670271
21,39675131
21,39666210
21,39690320
21,39691193
21,39690321
21,39666211
21,39666212
21,39674364
21,39690322
21,39671904
21,39666213
21,39666214
21,39671905
21,39666001
21,39675132
21,39675133
21,39671906
21,39690323
21,39669458
21,39666154
21,39683254
21,39666155
21,39667115
21,39674323
21,39669459
21,39669460
21,39665799
21,39665191
21,39665192
21,39665193
21,39665194
21,39666156
21,39666157
21,39683255
21,39683256
21,39665196
21,39667116
21,39674324
21,39667117
21,39669461
21,39674325
21,39674326
21,39671119
21,39669462
21,39683257
21,39666158
21,39674327
21,39667118
21,39667119
21,39674328
21,39669463
21,39674330
21,39665197
21,39671120
21,39674331
21,39675092
21,39671121
21,39675093
21,39666159
21,39674333
21,39683258
21,39683259
21,39669464
21,39666160
21,39666161
21,39675094
21,39675095
21,39675096
21,39675097
21,39671122
21,39665198
21,39674334
21,39669465
21,39669466
21,39665199
21,39675098
21,39669467
21,39669468
21,39674335
21,39683260
21,39683261
21,39665200
21,39674336
21,39674337
21,39666162
21,39669469
21,39683262
21,39674338
21,39674339
21,39683263
21,39666163
21,39675099
21,39666164
21,39675100
21,39666165
21,39669470
21,39669471
21,39669472
21,39671123
21,39666166
21,39665201
21,39683264
21,39666167
21,39665202
21,39665203
21,39666168
21,39666169
21,39665204
21,39683265
21,39666170
21,39666171
21,39674340
21,39665205
21,39683266
21,39675101
21,39675102
21,39671124
21,39665206
21,39675103
21,39683267
21,39666172
21,39671125
21,39666173
21,39683268
21,39666174
21,39669473
21,39683269
21,39669474
21,39671126
21,39665966
21,39666175
21,39665967
21,39665968
21,39674341
21,39665969
21,39683270
21,39666176
21,39690380
21,39666177
21,39671127
21,39669475
21,39665970
21,39665971
21,39666178
21,39669476
21,39666179
21,39675106
21,39666181
21,39675107
21,39675108
21,39674342
21,39665972
21,39669477
21,39669478
21,39683273
21,39669479
21,39669480
21,39674343
21,39674344
21,39671128
21,39674345
21,39665973
21,39669481
21,39669482
21,39669483
21,39671129
21,39683274
21,39666182
21,39669484
21,39674346
21,39674347
21,39683275
21,39671130
21,39675109
21,39666183
21,39669485
21,39674348
21,39665974
21,39671131
21,39671132
21,39666184
21,39665975
21,39683276
21,39674349
21,39675951
21,39675162
21,39676011
21,39674872
21,39667111
21,39665794
21,39683248
21,39665795
21,39666143
21,39666144
21,39674310
21,39683249
21,39666145
21,39666146
21,39666147
21,39669447
21,39669448
21,39667112
21,39674311
21,39674312
21,39669449
21,39665181
21,39669451
21,39666148
21,39674313
21,39666149
21,39665796
21,39665797
21,39674314
21,39674315
21,39674316
21,39666150
21,39669452
21,39674317
21,39674318
21,39674319
21,39665798
21,39674320
21,39665182
21,39669453
21,39665183
21,39683250
21,39683251
21,39669454
21,39667113
21,39683252
21,39683253
21,39666151
21,39665184
21,39665185
21,39669455
21,39669456
21,39665186
21,39665187
21,39667114
21,39674321
21,39674322
21,39666152
21,39666153
21,39665188
21,39665189
21,39665190
21,39669457
21,39671907
21,39671908
21,39666977
21,39670273
21,39670274
21,39666978
21,39675134
21,39671909
21,39671910
21,39671911
21,39675135
21,39674365
21,39674366
21,39671912
21,39666979
21,39670275
21,39675136
21,39675137
21,39666980
21,39666981
21,39690324
21,39690325
21,39690326
21,39674367
21,39690327
21,39666002
21,39670276
21,39675138
21,39675139
21,39690328
21,39674368
21,39666003
21,39671913
21,39674369
21,39666982
21,39666983
21,39666984
21,39674370
21,39671914
21,39666985
21,39670278
21,39674371
21,39690329
21,39670279
21,39675140
21,39666004
21,39671915
21,39666005
21,39690330
21,39671916
21,39670280
21,39666986
21,39671917
21,39674372
21,39666987
21,39666988
21,39674373
21,39690331
21,39674374
21,39690332
21,39690333
21,39666006
21,39666007
21,39666008
21,39666989
21,39670281
21,39671918
21,39670282
21,39666009
21,39671919
21,39671920
21,39670283
21,39674375
21,39675141
21,39671921
21,39666010
21,39675142
21,39670284
21,39666990
21,39690334
21,39690335
21,39690336
21,39666011
21,39690337
21,39670285
21,39690338
21,39675143
21,39690339
21,39666012
21,39674376
21,39666991
21,39666992
21,39666013
21,39675144
21,39674378
21,39678266
21,39665979
21,39666190
21,39683285
21,39683286
21,39683287
21,39669492
21,39683288
21,39671139
21,39675115
21,39675116
21,39665980
21,39671890
21,39671891
21,39674355
21,39666191
21,39675117
21,39669486
21,39671133
21,39675110
21,39683277
21,39671134
21,39675111
21,39675112
21,39669487
21,39666185
21,39674350
21,39669488
21,39674351
21,39675113
21,39666186
21,39669489
21,39669490
21,39683278
21,39665976
21,39683279
21,39665977
21,39666187
21,39683280
21,39679095
21,39679096
21,39675034
21,39679114
21,39674811
21,39679128
21,39675212
21,39674415
21,39671960
21,39671961
21,39690375
21,39666043
21,39675010
21,39674416
21,39671962
21,39675927
21,39671963
21,39678300
21,39678301
21,39675928
21,39666044
21,39666045
21,39675929
21,39678302
21,39690376
21,39690377
21,39678303
21,39678304
21,39678305
21,39674024
21,39690378
21,39678306
21,39690379
21,39678307
21,39675930
21,39675931
21,39674025
21,39675173
21,39678308
21,39675174
21,39675932
21,39674026
21,39674027
21,39674028
21,39674029
21,39675011
21,39675012
21,39675013
21,39675014
21,39678309
21,39671964
21,39690381
21,39690382
21,39678310
21,39675933
21,39675934
21,39678311
21,39690383
21,39671965
21,39671966
21,39690384
21,39690385
21,39675015
21,39675935
21,39678312
21,39675936
21,39675016
21,39675017
21,39671967
21,39674030
21,39678313
21,39690386
21,39671968
21,39675018
21,39671969
21,39671970
21,39674031
21,39690387
21,39674032
21,39675019
21,39678314
21,39674033
21,39675937
21,39675938
21,39671971
21,39675939
21,39671972
21,39675940
21,39671973
21,39678315
21,39675020
21,39690388
21,39690389
21,39674034
21,39675175
21,39671974
21,39690390
21,39675021
21,39674035
21,39678316
21,39671975
21,39690391
21,39678317
21,39674036
21,39675941
21,39675942
21,39675022
21,39674037
21,39671976
21,39675943
21,39675176
21,39675023
21,39675024
21,39675177
21,39675025
21,39678318
21,39678319
21,39675178
21,39675179
21,39690392
21,39675944
21,39675180
21,39671977
21,39674038
21,39674039
21,39675945
21,39675946
21,39671978
21,39674798
21,39678320
21,39675181
21,39675182
21,39690393
21,39690394
21,39675947
21,39678321
21,39671979
21,39675026
21,39675027
21,39674799
21,39679090
21,39690395
21,39690396
21,39690397
21,39671980
21,39690398
21,39690399
21,39679091
21,39690400
21,39690401
21,39690402
21,39675948
21,39675183
21,39675184
21,39671981
21,39690403
21,39679092
21,39675949
21,39675950
21,39671982
21,39671983
21,39675028
21,39674800
21,39671984
21,39675185
21,39690404
21,39690405
21,39671985
21,39675186
21,39679093
21,39675187
21,39675952
21,39671986
21,39671987
21,39671988
21,39671989
21,39675029
21,39674801
21,39679094
21,39675953
21,39675030
21,39671990
21,39675188
21,39671991
21,39675031
21,39674802
21,39671934
21,39678273
21,39690348
21,39674977
21,39674391
21,39675154
21,39675155
21,39678274
21,39678275
21,39674392
21,39678276
21,39675156
21,39674978
21,39690349
21,39674393
21,39674979
21,39678277
21,39678278
21,39671935
21,39674980
21,39674981
21,39666026
21,39675157
21,39690350
21,39690351
21,39678279
21,39690352
21,39678280
21,39666027
21,39666028
21,39675158
21,39675159
21,39675160
21,39674394
21,39671936
21,39671937
21,39678281
21,39675161
21,39674395
21,39666029
21,39671938
21,39671939
21,39671940
21,39674982
21,39674396
21,39674397
21,39671941
21,39678282
21,39678283
21,39671942
21,39674983
21,39674398
21,39674399
21,39671943
21,39671944
21,39674984
21,39674985
21,39671945
21,39678284
21,39674400
21,39678285
21,39675163
21,39675164
21,39674986
21,39674987
21,39674988
21,39674401
21,39690353
21,39675165
21,39674989
21,39674990
21,39690354
21,39674991
21,39674992
21,39666030
21,39674993
21,39674994
21,39674995
21,39674996
21,39674997
21,39671946
21,39671947
21,39674402
21,39674403
21,39674998
21,39690355
21,39690356
21,39666031
21,39671948
21,39674404
21,39674405
21,39678286
21,39671949
21,39675166
21,39690357
21,39678287
21,39678288
21,39666032
21,39671950
21,39675167
21,39675168
21,39675169
21,39671951
21,39678289
21,39674406
21,39674407
21,39671952
21,39674408
21,39678290
21,39674409
21,39671953
21,39690358
21,39671954
21,39675170
21,39675171
21,39678291
21,39690361
21,39666033
21,39666034
21,39690362
21,39690363
21,39674410
21,39674999
21,39671955
21,39671956
21,39678292
21,39690364
21,39690365
21,39678293
21,39666035
21,39666036
21,39675000
21,39678294
21,39666037
21,39690366
21,39690367
21,39675001
21,39674412
21,39690373
21,39666041
21,39678296
21,39678297
21,39675924
21,39675925
21,39678298
21,39675926
21,39678295
21,39675002
21,39675003
21,39666038
21,39666039
21,39690368
21,39690369
21,39675004
21,39675005
21,39674411
21,39690370
21,39690371
21,39690372
21,39666040
21,39671957
21,39675006
21,39675172
21,39674413
21,39678299
21,39675007
21,39671958
21,39674414
21,39666042
21,39671959
21,39675008
21,39675009
21,39690374
21,39674377
21,39670286
21,39670287
21,39670288
21,39670289
21,39671922
21,39674379
21,39690340
21,39666014
21,39666015
21,39675145
21,39671923
21,39671924
21,39675146
21,39678260
21,39678261
21,39666016
21,39674380
21,39666993
21,39671925
21,39675147
21,39666017
21,39675148
21,39674381
21,39666018
21,39666994
21,39678262
21,39678263
21,39678264
21,39678265
21,39690341
21,39671926
21,39678267
21,39671927
21,39675149
21,39675150
21,39666995
21,39678268
21,39678269
21,39666019
21,39674382
21,39671928
21,39666996
21,39671929
21,39678270
21,39666997
21,39666020
21,39671930
21,39666998
21,39674383
21,39674384
21,39690342
21,39666999
21,39675151
21,39666021
21,39674385
21,39678271
21,39667000
21,39666022
21,39674386
21,39671931
21,39666023
21,39690343
21,39690344
21,39675152
21,39690345
21,39675153
21,39674387
21,39674388
21,39671932
21,39671933
21,39666024
21,39666025
21,39674389
21,39690346
21,39667001
21,39690347
21,39667002
21,39674390
21,39678272
21,39679147
21,39674845
21,39675823
21,39672805
21,39675988
21,39674846
21,39675989
21,39675824
21,39675825
21,39672806
21,39679150
21,39679151
21,39679152
21,39675228
21,39675826
21,39675827
21,39675229
21,39679153
21,39679154
21,39675990
21,39675991
21,39675992
21,39691194
21,39674847
21,39679155
21,39679156
21,39691195
21,39691196
21,39679157
21,39675828
21,39674848
21,39675829
21,39672807
21,39672808
21,39675830
21,39672809
21,39675993
21,39674849
21,39672810
21,39674850
21,39674851
21,39674852
21,39675994
21,39675230
21,39679158
21,39672811
21,39679159
21,39675995
21,39675996
21,39675831
21,39675231
21,39675232
21,39675997
21,39672812
21,39691197
21,39679160
21,39675832
21,39679161
21,39679162
21,39679163
21,39675998
21,39672813
21,39675833
21,39679164
21,39675233
21,39675999
21,39676000
21,39676001
21,39675834
21,39691198
21,39672814
21,39676002
21,39674803
21,39690406
21,39675032
21,39675033
21,39679097
21,39679098
21,39679099
21,39675954
21,39675035
21,39679100
21,39679101
21,39671992
21,39679102
21,39691164
21,39690407
21,39675189
21,39679103
21,39675190
21,39674804
21,39674805
21,39675036
21,39675037
21,39679104
21,39671993
21,39675191
21,39675192
21,39671994
21,39675038
21,39679105
21,39679106
21,39675955
21,39679107
21,39675039
21,39675193
21,39675194
21,39671995
21,39679108
21,39679109
21,39675195
21,39679110
21,39675040
21,39675041
21,39674806
21,39671996
21,39671997
21,39675196
21,39674807
21,39674808
21,39679111
21,39679112
21,39675042
21,39671998
21,39674809
21,39679113
21,39675043
21,39675197
21,39675956
21,39675198
21,39675044
21,39691165
21,39674810
21,39671999
21,39675045
21,39675199
21,39675200
21,39675957
21,39679115
21,39679116
21,39675958
21,39672000
21,39679117
21,39679118
21,39672001
21,39675046
21,39675799
21,39675800
21,39675801
21,39675802
21,39672002
21,39679119
21,39675959
21,39675960
21,39691166
21,39674813
21,39679120
21,39679121
21,39675961
21,39675962
21,39672003
21,39675201
21,39675963
21,39675202
21,39679122
21,39672004
21,39674814
21,39679123
21,39675203
21,39672005
21,39674815
21,39675204
21,39675205
21,39691167
21,39691168
21,39672006
21,39675206
21,39675207
21,39675803
21,39672007
21,39675804
21,39675805
21,39679124
21,39675208
21,39672008
21,39675806
21,39691169
21,39674816
21,39675964
21,39672009
21,39674817
21,39679125
21,39674818
21,39674825
21,39672782
21,39675216
21,39675892
21,39681594
21,39679126
21,39672010
21,39672011
21,39691170
21,39675965
21,39672012
21,39672013
21,39675807
21,39691171
21,39675209
21,39675808
21,39679127
21,39674819
21,39674820
21,39675210
21,39675966
21,39674821
21,39675967
21,39674822
21,39679129
21,39675211
21,39679130
21,39675968
21,39691172
21,39675809
21,39675810
21,39675969
21,39691173
21,39672014
21,39675970
21,39672776
21,39675971
21,39672777
21,39679131
21,39691174
21,39675213
21,39675214
21,39674823
21,39675215
21,39691175
21,39679132
21,39675972
21,39679133
21,39672778
21,39675973
21,39675974
21,39691176
21,39672779
21,39672780
21,39672781
21,39674824
21,39691263
21,39691234
21,39691239
21,39675881
21,39674890
21,39691248
21,39691249
21,39675235
21,39679165
21,39691199
21,39683189
21,39691200
21,39683190
21,39675836
21,39676003
21,39675837
21,39675838
21,39691201
21,39672815
21,39672816
21,39672817
21,39674853
21,39675234
21,39675835
21,39683191
21,39683192
21,39679166
21,39683193
21,39683194
21,39691202
21,39691203
21,39674854
21,39672818
21,39683195
21,39675839
21,39674855
21,39679167
21,39674856
21,39672819
21,39676004
21,39672820
21,39679168
21,39676005
21,39676006
21,39679169
21,39679170
21,39679171
21,39674857
21,39679172
21,39679173
21,39691204
21,39691205
21,39679174
21,39679175
21,39674858
21,39674859
21,39675840
21,39691206
21,39683196
21,39683197
21,39691207
21,39674860
21,39676007
21,39676008
21,39680793
21,39675841
21,39679176
21,39675842
21,39680794
21,39691208
21,39675843
21,39683198
21,39683199
21,39674861
21,39683200
21,39683201
21,39680795
21,39675844
21,39683203
21,39675851
21,39675858
21,39675811
21,39675812
21,39675975
21,39675976
21,39691177
21,39672783
21,39674826
21,39679134
21,39679135
21,39672784
21,39674827
21,39679136
21,39691178
21,39674828
21,39674829
21,39691179
21,39675977
21,39675217
21,39679137
21,39675218
21,39672785
21,39674830
21,39679138
21,39691180
21,39672786
21,39691181
21,39691182
21,39691183
21,39691184
21,39675219
21,39675220
21,39691185
21,39691186
21,39675814
21,39672787
21,39674831
21,39675815
21,39684037
21,39691187
21,39674832
21,39672788
21,39674833
21,39691188
21,39675816
21,39675817
21,39679139
21,39672789
21,39675221
21,39679140
21,39675222
21,39691189
21,39675978
21,39679141
21,39672790
21,39691190
21,39672791
21,39675223
21,39672792
21,39674834
21,39675979
21,39675980
21,39674835
21,39672793
21,39679142
21,39679143
21,39672794
21,39672795
21,39672796
21,39679144
21,39675818
21,39679145
21,39679146
21,39675224
21,39672797
21,39672798
21,39674836
21,39674837
21,39674838
21,39675819
21,39675225
21,39675226
21,39675981
21,39675982
21,39675983
21,39675984
21,39691191
21,39672799
21,39675985
21,39675986
21,39675987
21,39679148
21,39675820
21,39691192
21,39675227
21,39675821
21,39675822
21,39672800
21,39672801
21,39674839
21,39674840
21,39672802
21,39674841
21,39674842
21,39674843
21,39674844
21,39679149
21,39672803
21,39672804
21,39674900
21,39674901
21,39675888
21,39675889
21,39680840
21,39674902
21,39684009
21,39674903
21,39680841
21,39680842
21,39684010
21,39684011
21,39680843
21,39684767
21,39684768
21,39684769
21,39684770
21,39675890
21,39684012
21,39691254
21,39684771
21,39684013
21,39681588
21,39687933
21,39674904
21,39681589
21,39674905
21,39684772
21,39681590
21,39675891
21,39687934
21,39684014
21,39681591
21,39684773
21,39674906
21,39674907
21,39684774
21,39691255
21,39684775
21,39691257
21,39684015
21,39687935
21,39691258
21,39691259
21,39684776
21,39687936
21,39684777
21,39675893
21,39675894
21,39675895
21,39681592
21,39681593
21,39687937
21,39684778
21,39691260
21,39675896
21,39687938
21,39674908
21,39684779
21,39684780
21,39684016
21,39687939
21,39674909
21,39674910
21,39684017
21,39684781
21,39684018
21,39684782
21,39684783
21,39674911
21,39684784
21,39684785
21,39684786
21,39674912
21,39687940
21,39674913
21,39675897
21,39684787
21,39674914
21,39684019
21,39691261
21,39684788
21,39684020
21,39684021
21,39687941
21,39684022
21,39684023
21,39684789
21,39684024
21,39674915
21,39674916
21,39674917
21,39684790
21,39691262
21,39684025
21,39675898
21,39684026
21,39675899
21,39675900
21,39687942
21,39684027
21,39687943
21,39687944
21,39681595
21,39681596
21,39674918
21,39684791
21,39681597
21,39684028
21,39684792
21,39684793
21,39684794
21,39684795
21,39684796
21,39684797
21,39684798
21,39684799
21,39687945
21,39681598
21,39684800
21,39684029
21,39684030
21,39681599
21,39687946
21,39675901
21,39674919
21,39684801
21,39681600
21,39691264
21,39687947
21,39687948
21,39675902
21,39675903
21,39691265
21,39684031
21,39684802
21,39687949
21,39691266
21,39700983
21,39700984
21,39675904
21,39681601
21,39700985
21,39674920
21,39674921
21,39684032
21,39684033
21,39675905
21,39684803
21,39684034
21,39687950
21,39687951
21,39674922
21,39681602
21,39700986
21,39675676
21,39675677
21,39681604
21,39700987
21,39680819
21,39679188
21,39675863
21,39679189
21,39683219
21,39676028
21,39680820
21,39679190
21,39675864
21,39675865
21,39675866
21,39691218
21,39676029
21,39674878
21,39675867
21,39679191
21,39683220
21,39683221
21,39691219
21,39691220
21,39675868
21,39675869
21,39691221
21,39674879
21,39683222
21,39683223
21,39679192
21,39676030
21,39679193
21,39680821
21,39675870
21,39680822
21,39680823
21,39674880
21,39674881
21,39691222
21,39691223
21,39676031
21,39679195
21,39683983
21,39683984
21,39675871
21,39683985
21,39683986
21,39683987
21,39683988
21,39680824
21,39674882
21,39683989
21,39679196
21,39683990
21,39683991
21,39675872
21,39680825
21,39679197
21,39691224
21,39691225
21,39675873
21,39676032
21,39679198
21,39679199
21,39691226
21,39691227
21,39691228
21,39680826
21,39683992
21,39675874
21,39675875
21,39679200
21,39691229
21,39691230
21,39679201
21,39676033
21,39680827
21,39675876
21,39691231
21,39676034
21,39691232
21,39674883
21,39691233
21,39683993
21,39691235
21,39691236
21,39683994
21,39683995
21,39674884
21,39684750
21,39680828
21,39679202
21,39683996
21,39683997
21,39680829
21,39680830
21,39680831
21,39679203
21,39684751
21,39679204
21,39679205
21,39674885
21,39674886
21,39674887
21,39675877
21,39675878
21,39679206
21,39691237
21,39691238
21,39683998
21,39675879
21,39683999
21,39684000
21,39684752
21,39691240
21,39684001
21,39680832
21,39679207
21,39679208
21,39679209
21,39684002
21,39691241
21,39674888
21,39674889
21,39679210
21,39679211
21,39675880
21,39691242
21,39691243
21,39680833
21,39684003
21,39684753
21,39680834
21,39680835
21,39684754
21,39691244
21,39675882
21,39691245
21,39679212
21,39679213
21,39679214
21,39684755
21,39679968
21,39679969
21,39680836
21,39691246
21,39691247
21,39684004
21,39680837
21,39680838
21,39679972
21,39684007
21,39674895
21,39691250
21,39674896
21,39674897
21,39674898
21,39691251
21,39680839
21,39684756
21,39684757
21,39684758
21,39679970
21,39679971
21,39675883
21,39675884
21,39675885
21,39684759
21,39674891
21,39674892
21,39674893
21,39684760
21,39684761
21,39684762
21,39684763
21,39684005
21,39684006
21,39684764
21,39674894
21,39675886
21,39684765
21,39675887
21,39691252
21,39674899
21,39687932
21,39684766
21,39691253
21,39684008
21,39676009
21,39680796
21,39691209
21,39691210
21,39674862
21,39680797
21,39674863
21,39675845
21,39680798
21,39679177
21,39675846
21,39680799
21,39676010
21,39691211
21,39674864
21,39675847
21,39675848
21,39679178
21,39683202
21,39680800
21,39680801
21,39675849
21,39675850
21,39680802
21,39683204
21,39680803
21,39676012
21,39680804
21,39683205
21,39691212
21,39675852
21,39676013
21,39676014
21,39676015
21,39676016
21,39680805
21,39680806
21,39675853
21,39674865
21,39676017
21,39676018
21,39679179
21,39683206
21,39691213
21,39691214
21,39676019
21,39674866
21,39680807
21,39674867
21,39680808
21,39683207
21,39674868
21,39674869
21,39674870
21,39676020
21,39674871
21,39679180
21,39679181
21,39683208
21,39683209
21,39685405
21,39675711
21,39680809
21,39683210
21,39683211
21,39679182
21,39679183
21,39691215
21,39676021
21,39675854
21,39680810
21,39680811
21,39675855
21,39675856
21,39676022
21,39683212
21,39683213
21,39679184
21,39679185
21,39680812
21,39680813
21,39691216
21,39676023
21,39680814
21,39675857
21,39679186
21,39679187
21,39680815
21,39680816
21,39674873
21,39674874
21,39680817
21,39675859
21,39675860
21,39676024
21,39676025
21,39675861
21,39676026
21,39676027
21,39674875
21,39674876
21,39683214
21,39691217
21,39675862
21,39683215
21,39683216
21,39680818
21,39674877
21,39683217
21,39683218
21,39701807
21,39685414
21,39685424
21,39687952
21,39681603
21,39684035
21,39675906
21,39684036
21,39687953
21,39687954
21,39687955
21,39675678
21,39681605
21,39687956
21,39681606
21,39700988
21,39700989
21,39684804
21,39684805
21,39681607
21,39675679
21,39684806
21,39681608
21,39675680
21,39688017
21,39688018
21,39701823
21,39684855
21,39685397
21,39684666
21,39684094
21,39688019
21,39681659
21,39681660
21,39684095
21,39688020
21,39684856
21,39684667
21,39684096
21,39684668
21,39681661
21,39684669
21,39684857
21,39701824
21,39684670
21,39684097
21,39684098
21,39688021
21,39684099
21,39684100
21,39688022
21,39685398
21,39685399
21,39701825
21,39684101
21,39684671
21,39684858
21,39681662
21,39684672
21,39684673
21,39684102
21,39684103
21,39684104
21,39688023
21,39685400
21,39684105
21,39688784
21,39685401
21,39685402
21,39701826
21,39684106
21,39685403
21,39685404
21,39681663
21,39684675
21,39701827
21,39684676
21,39701828
21,39684677
21,39688785
21,39684678
21,39681664
21,39684107
21,39701829
21,39688786
21,39688787
21,39687980
21,39684065
21,39684647
21,39684833
21,39687981
21,39684834
21,39684835
21,39681628
21,39701024
21,39681629
21,39684066
21,39684067
21,39684068
21,39681630
21,39701025
21,39701026
21,39681631
21,39681632
21,39687982
21,39687983
21,39675712
21,39675713
21,39675714
21,39681633
21,39701027
21,39687984
21,39687985
21,39684648
21,39701028
21,39684836
21,39684069
21,39684649
21,39684650
21,39684070
21,39684651
21,39675715
21,39684071
21,39687986
21,39684072
21,39684073
21,39684074
21,39675716
21,39687987
21,39701029
21,39684075
21,39684076
21,39684077
21,39701030
21,39687988
21,39675718
21,39684837
21,39684653
21,39701794
21,39675719
21,39675720
21,39684654
21,39684838
21,39684839
21,39701795
21,39675721
21,39675722
21,39675723
21,39684078
21,39684079
21,39681635
21,39684840
21,39701796
21,39687989
21,39684655
21,39684656
21,39701797
21,39701798
21,39687990
21,39687991
21,39684080
21,39681636
21,39681637
21,39687992
21,39687993
21,39687994
21,39687995
21,39701799
21,39701800
21,39701801
21,39687996
21,39675724
21,39675725
21,39675726
21,39701802
21,39684081
21,39701803
21,39684841
21,39684842
21,39685409
21,39701031
21,39684652
21,39675717
21,39681634
21,39701804
21,39701805
21,39684843
21,39681638
21,39701806
21,39687997
21,39684657
21,39681639
21,39701808
21,39687998
21,39684658
21,39687999
21,39701809
21,39684844
21,39684659
21,39688000
21,39688001
21,39685383
21,39684660
21,39685384
21,39688002
21,39681640
21,39684845
21,39681641
21,39681642
21,39681643
21,39684661
21,39685385
21,39685386
21,39701810
21,39684846
21,39684082
21,39701811
21,39681644
21,39688003
21,39688004
21,39684847
21,39684848
21,39684849
21,39684662
21,39684850
21,39684083
21,39688005
21,39685387
21,39684084
21,39701812
21,39688006
21,39684085
21,39685388
21,39685389
21,39685390
21,39684851
21,39701813
21,39684852
21,39681645
21,39681646
21,39681647
21,39684086
21,39684087
21,39688007
21,39681648
21,39688008
21,39684853
21,39684088
21,39688009
21,39684663
21,39681649
21,39681650
21,39684089
21,39685391
21,39685392
21,39684090
21,39701814
21,39688010
21,39701815
21,39684091
21,39685393
21,39681651
21,39681652
21,39701816
21,39701817
21,39688011
21,39688012
21,39684664
21,39681653
21,39701818
21,39688013
21,39688014
21,39684092
21,39688015
21,39681609
21,39700990
21,39681610
21,39675681
21,39687957
21,39684807
21,39675682
21,39684808
21,39684809
21,39687958
21,39684038
21,39700991
21,39684039
21,39675907
21,39700992
21,39684810
21,39700993
21,39687959
21,39681611
21,39681612
21,39681613
21,39684040
21,39684041
21,39684042
21,39684043
21,39684044
21,39684045
21,39684811
21,39684812
21,39675683
21,39675684
21,39684046
21,39687960
21,39687961
21,39675685
21,39675908
21,39675686
21,39675687
21,39675688
21,39675909
21,39700994
21,39675910
21,39675689
21,39675690
21,39700995
21,39700996
21,39675691
21,39675692
21,39675911
21,39684047
21,39687962
21,39684048
21,39684049
21,39687963
21,39687964
21,39684813
21,39684814
21,39684815
21,39681614
21,39684816
21,39700997
21,39687965
21,39681615
21,39681616
21,39684817
21,39684818
21,39684050
21,39684051
21,39687966
21,39684052
21,39700998
21,39675912
21,39700999
21,39701000
21,39684053
21,39684819
21,39701001
21,39684820
21,39687967
21,39675913
21,39675914
21,39684054
21,39687968
21,39675693
21,39701002
21,39684055
21,39681617
21,39675694
21,39675915
21,39675916
21,39675917
21,39675918
21,39675919
21,39684821
21,39684634
21,39701003
21,39701004
21,39684822
21,39681618
21,39684056
21,39681619
21,39675695
21,39687969
21,39684057
21,39675696
21,39684058
21,39684059
21,39701005
21,39687970
21,39701006
21,39687971
21,39675697
21,39684635
21,39701007
21,39684823
21,39701008
21,39684060
21,39675698
21,39684824
21,39684825
21,39684826
21,39684636
21,39687972
21,39684637
21,39687973
21,39701009
21,39701010
21,39675699
21,39684638
21,39675700
21,39701011
21,39701012
21,39687974
21,39675701
21,39681620
21,39687975
21,39684827
21,39687976
21,39675702
21,39684639
21,39684640
21,39701013
21,39684061
21,39675703
21,39675704
21,39684641
21,39701014
21,39681621
21,39684642
21,39684643
21,39701015
21,39681622
21,39701016
21,39684644
21,39684828
21,39684829
21,39684645
21,39684830
21,39684831
21,39701017
21,39701018
21,39684646
21,39675705
21,39687977
21,39684062
21,39681623
21,39684063
21,39684064
21,39701019
21,39701020
21,39701021
21,39687978
21,39675706
21,39675707
21,39681624
21,39681625
21,39684832
21,39701022
21,39701023
21,39675708
21,39675709
21,39681626
21,39681627
21,39687979
21,39675710
21,39681677
21,39684689
21,39701819
21,39701820
21,39681654
21,39681655
21,39701821
21,39684093
21,39685394
21,39681656
21,39681657
21,39681658
21,39684665
21,39685395
21,39701822
21,39688016
21,39685396
21,39684854
21,39684859
21,39681665
21,39701830
21,39688788
21,39688789
21,39684860
21,39681666
21,39701831
21,39684679
21,39685619
21,39688790
21,39688791
21,39685406
21,39684861
21,39684680
21,39684681
21,39684682
21,39685620
21,39688792
21,39688793
21,39685407
21,39681667
21,39684683
21,39684862
21,39688794
21,39685408
21,39684718
21,39685670
21,39685671
21,39684719
21,39685440
21,39691161
21,39688832
21,39684720
21,39688833
21,39685672
21,39685673
21,39701878
21,39701879
21,39701880
21,39688834
21,39688835
21,39688795
21,39684684
21,39681668
21,39684863
21,39701881
21,39685674
21,39688836
21,39691162
21,39688837
21,39681703
21,39684721
21,39681704
21,39684722
21,39685675
21,39685441
21,39688838
21,39688839
21,39684723
21,39685676
21,39691163
21,39681705
21,39701882
21,39691923
21,39691924
21,39701883
21,39684724
21,39684725
21,39685442
21,39691925
21,39681706
21,39688840
21,39685443
21,39685677
21,39685678
21,39685444
21,39684726
21,39685679
21,39685680
21,39681707
21,39688841
21,39684727
21,39684728
21,39688842
21,39701884
21,39701885
21,39701886
21,39684729
21,39701887
21,39701888
21,39684730
21,39685681
21,39685682
21,39684731
21,39691926
21,39681708
21,39681709
21,39691927
21,39685683
21,39684732
21,39685410
21,39681669
21,39701832
21,39701833
21,39681670
21,39701834
21,39701835
21,39685621
21,39685622
21,39701836
21,39681671
21,39681672
21,39681673
21,39684685
21,39701837
21,39685623
21,39681674
21,39688796
21,39684686
21,39684716
21,39701875
21,39701876
21,39691159
21,39688828
21,39685668
21,39691160
21,39688829
21,39688830
21,39701877
21,39684717
21,39688831
21,39685669
21,39684687
21,39681675
21,39685411
21,39681676
21,39685412
21,39685413
21,39701838
21,39701839
21,39701840
21,39684688
21,39685624
21,39681678
21,39701841
21,39688797
21,39685625
21,39684690
21,39685415
21,39684864
21,39688798
21,39681679
21,39681680
21,39688799
21,39685626
21,39685627
21,39701842
21,39685416
21,39688800
21,39684865
21,39681681
21,39685628
21,39685629
21,39685630
21,39684691
21,39684692
21,39688801
21,39685417
21,39685631
21,39701843
21,39684866
21,39684693
21,39684694
21,39684695
21,39681682
21,39685418
21,39685632
21,39688802
21,39685419
21,39688803
21,39684696
21,39685633
21,39701844
21,39684867
21,39684868
21,39688804
21,39688805
21,39684869
21,39684870
21,39685420
21,39685421
21,39685634
21,39688806
21,39684871
21,39684872
21,39685635
21,39684697
21,39701845
21,39701846
21,39701847
21,39701848
21,39684698
21,39684699
21,39684700
21,39684701
21,39688807
21,39688808
21,39685422
21,39681683
21,39685636
21,39685423
21,39701849
21,39701850
21,39701851
21,39688809
21,39681684
21,39685637
21,39701852
21,39701853
21,39685638
21,39688810
21,39685639
21,39688811
21,39684702
21,39685640
21,39685641
21,39685642
21,39681685
21,39681686
21,39681687
21,39681688
21,39685643
21,39701854
21,39684873
21,39684703
21,39685425
21,39688812
21,39688813
21,39681689
21,39701855
21,39701856
21,39684878
21,39684879
21,39685429
21,39701858
21,39685648
21,39684880
21,39684881
21,39684882
21,39701859
21,39684704
21,39684874
21,39685644
21,39701857
21,39685426
21,39684875
21,39685427
21,39685428
21,39685645
21,39685646
21,39684876
21,39685647
21,39684877
21,39688814
21,39688815
21,39684705
21,39681690
21,39684883
21,39685649
21,39701860
21,39701861
21,39681691
21,39681692
21,39685430
21,39685431
21,39684706
21,39685650
21,39685651
21,39685652
21,39681693
21,39685653
21,39684884
21,39684885
21,39684886
21,39688816
21,39688817
21,39688818
21,39685654
21,39685432
21,39701862
21,39701863
21,39685655
21,39685656
21,39685657
21,39685658
21,39688819
21,39685659
21,39701864
21,39684887
21,39701865
21,39688820
21,39684707
21,39701866
21,39684708
21,39685433
21,39701867
21,39688821
21,39685434
21,39685660
21,39685661
21,39685435
21,39688822
21,39701868
21,39701869
21,39684888
21,39681694
21,39685436
21,39684709
21,39684889
21,39688823
21,39685437
21,39684710
21,39701870
21,39701871
21,39685662
21,39684890
21,39681695
21,39701872
21,39684711
21,39684712
21,39685663
21,39684713
21,39691158
21,39684714
21,39685438
21,39685439
21,39701873
21,39685664
21,39685665
21,39688824
21,39681696
21,39681697
21,39688825
21,39681698
21,39681699
21,39688826
21,39681700
21,39684715
21,39685666
21,39685667
21,39681701
21,39688827
21,39681702
21,39701874
