offense_id,incident_id,offense_type_id,attempt_complete_flag,location_id,num_premises_entered,method_entry_code,ff_line_number
19071795,16813095,7,C,18,,,
19071796,16813095,5,C,18,,,
19064090,16812801,5,C,18,,,
19064091,16812802,21,C,18,,,
19063717,16812803,45,C,1,,,
19064092,16812804,21,A,18,,,
19064093,16812804,5,C,18,,,
19065145,16812805,21,A,18,,,
19065146,16812805,5,C,18,,,
19065147,16812806,21,C,18,,,
19071348,16812807,7,C,18,,,
19065148,16812808,7,C,18,,,
19065149,16812808,5,C,18,,,
19071349,16812809,7,C,18,,,
19071350,16812809,5,C,18,,,
19071351,16812810,21,C,18,,,
19063718,16812811,21,C,18,,,
19071352,16812812,14,C,18,,,
19071353,16812812,5,C,18,,,
19064094,16812813,40,C,1,,,
19065150,16812814,21,C,18,,,
19071729,16812815,21,A,18,,,
19071730,16812815,5,C,18,,,
19064095,16812816,51,C,1,,,
19064096,16812817,7,C,18,,,
19071731,16812818,21,C,18,,,
19063719,16812819,27,C,1,,,
19065151,16812820,51,C,1,,,
19071732,16812821,21,C,18,,,
19065152,16812822,40,C,1,,,
19064097,16812823,45,C,13,,,
19064098,16812824,7,C,18,,,
19064099,16812824,5,C,18,,,
19065153,16812825,7,C,18,,,
19065154,16812825,21,A,18,,,
19065155,16812825,5,C,18,,,
19064100,16812826,21,C,18,,,
19071354,16812827,40,C,13,,,
19063720,16812828,14,C,18,,,
19065156,16812829,5,C,18,,,
19071733,16812830,7,C,18,,,
19071355,16812831,21,C,18,,,
19064101,16812832,14,C,18,,,
19064102,16812832,5,C,18,,,
19064103,16812833,13,C,1,,,
19071734,16812834,5,C,18,,,
19063721,16812835,5,C,18,,,
19071356,16812836,5,C,1,,,
19071735,16812837,51,C,1,,,
19063722,16812838,21,C,18,,,
19071736,16812839,21,C,18,,,
19065157,16812840,14,C,13,,,
19065158,16812840,5,C,13,,,
19063723,16812841,51,C,1,,,
19071737,16812842,45,C,1,,,
19064104,16812843,21,C,18,,,
19064105,16812844,7,C,18,,,
19064106,16812845,7,C,18,,,
19064107,16812845,5,C,18,,,
19065159,16812846,21,A,18,,,
19065160,16812846,5,C,18,,,
19065161,16812847,40,C,18,,,
19065162,16812848,21,C,18,,,
19065163,16812849,45,C,1,,,
19065164,16812850,39,C,1,,,
19065165,16812851,21,C,18,,,
19063724,16812852,7,C,18,,,
19063725,16812852,5,C,18,,,
19063726,16812853,5,C,18,,,
19065166,16812854,5,C,18,,,
19064108,16812855,21,A,18,,,
19064109,16812855,5,C,18,,,
19064110,16812856,14,C,13,,,
19064111,16812857,7,C,18,,,
19064112,16812857,5,C,18,,,
19063727,16812858,51,C,1,,,
19063728,16812859,7,C,18,,,
19063729,16812859,5,C,18,,,
19065167,16812860,7,C,18,,,
19065168,16812860,5,C,18,,,
19071738,16812861,7,C,18,,,
19071739,16812861,5,C,18,,,
19071740,16812862,7,C,18,,,
19071741,16812862,5,C,18,,,
19071742,16812863,7,C,18,,,
19071743,16812863,5,C,18,,,
19063730,16812864,7,C,18,,,
19063731,16812865,44,C,1,,,
19064113,16812866,7,C,18,,,
19064114,16812866,5,C,18,,,
19064115,16812867,14,C,18,,,
19064116,16812867,5,C,18,,,
19063732,16812868,21,A,18,,,
19063733,16812868,5,C,18,,,
19063734,16812869,21,C,18,,,
19071744,16812870,21,C,18,,,
19064117,16812871,21,A,18,,,
19064118,16812871,5,C,18,,,
19063735,16812872,45,C,1,,,
19071745,16812873,39,C,13,,,
19063736,16812874,21,C,18,,,
19063737,16812875,13,C,1,,,
19065169,16812876,51,C,1,,,
19064119,16812877,18,C,1,,,
19071746,16812878,5,C,1,,,
19064120,16812879,5,C,13,,,
19064121,16812880,27,C,13,,,
19064122,16812880,5,C,13,,,
19065170,16812881,5,C,13,,,
19064123,16812882,21,C,18,,,
19071747,16812883,5,C,18,,,
19071748,16812884,16,C,18,,,
19064124,16812885,21,C,18,,,
19064125,16812886,40,A,18,,,
19063738,16812887,14,C,18,,,
19063739,16812887,5,C,18,,,
19065171,16812888,27,C,1,,,
19063740,16812889,5,C,18,,,
19063741,16812890,5,C,18,,,
19063742,16812891,45,C,13,,,
19071749,16812892,5,C,1,,,
19071750,16812893,45,C,5,,,
19064127,16812894,21,A,18,,,
19064128,16812894,5,C,18,,,
19064126,16812894,14,C,18,,,
19071751,16812895,14,C,18,,,
19071752,16812895,5,C,18,,,
19071357,16812896,37,C,25,,,
19065172,16812897,7,C,18,,,
19065173,16812897,5,C,18,,,
19064129,16812898,7,C,18,,,
19063743,16812899,16,C,13,,,
19071358,16812900,5,C,25,,,
19064254,16812901,45,C,1,,,
19071359,16812902,7,C,18,,,
19071360,16812902,5,C,18,,,
19071361,16812903,21,A,18,,,
19071362,16812903,5,C,18,,,
19071753,16812904,5,C,18,,,
19064255,16812905,14,C,18,,,
19064256,16812905,5,C,18,,,
19071363,16812906,21,C,18,,,
19071364,16812907,45,C,1,,,
19064130,16812908,7,C,18,,,
19064131,16812908,5,C,18,,,
19064639,16812909,18,C,1,,,
19064640,16812910,21,C,18,,,
19065174,16812911,5,C,1,,,
19071365,16812912,5,C,13,,,
19064641,16812913,7,C,18,,,
19065175,16812914,16,C,1,,,
19071366,16812915,7,C,18,,,
19071754,16812916,27,C,13,,,
19071367,16812917,21,C,18,,,
19071368,16812918,40,A,1,,,
19071755,16812919,51,C,13,,,
19065176,16812920,51,C,1,,,
19064642,16812921,21,C,18,,,
19064643,16812922,5,C,13,,,
19064644,16812923,14,C,18,,,
19064645,16812923,5,C,18,,,
19064257,16812924,27,C,13,,,
19071369,16812925,45,C,1,,,
19071756,16812926,40,C,18,,,
19064258,16812927,56,C,1,,,
19071370,16812928,27,C,13,,,
19071371,16812928,45,C,13,,,
19071757,16812929,56,C,1,,,
19064259,16812930,21,C,25,,,
19071372,16812931,21,C,18,,,
19071758,16812932,45,C,1,,,
19064646,16812933,21,A,18,,,
19064647,16812933,5,C,18,,,
19064648,16812933,16,C,18,,,
19071759,16812934,13,C,1,,,
19071373,16812935,21,C,18,,,
19071760,16812936,21,A,18,,,
19071761,16812936,5,C,18,,,
19064649,16812937,21,C,18,,,
19064650,16812938,21,C,18,,,
19064651,16812938,5,C,18,,,
19071374,16812939,27,C,1,,,
19064652,16812940,5,C,18,,,
19071375,16812941,5,C,18,,,
19064653,16812942,40,A,13,,,
19064260,16812943,7,C,18,,,
19064261,16812943,5,C,18,,,
19065177,16812944,21,C,18,,,
19071376,16812945,21,C,18,,,
19071377,16812946,51,C,1,,,
19064262,16812947,21,C,18,,,
19064263,16812947,5,C,18,,,
19065178,16812948,21,C,18,,,
19064654,16812949,14,C,18,,,
19064655,16812949,21,C,18,,,
19064656,16812949,5,C,18,,,
19071762,16812950,21,C,18,,,
19071763,16812951,21,C,18,,,
19064264,16812952,7,C,18,,,
19064657,16812953,40,C,1,,,
19071764,16812954,51,C,1,,,
19065179,16812955,51,C,18,,,
19065180,16812956,51,C,1,,,
19064658,16812957,27,C,1,,,
19071378,16812958,51,C,13,,,
19071765,16812959,51,C,13,,,
19064265,16812960,14,C,18,,,
19064266,16812960,5,C,18,,,
19071379,16812961,51,C,1,,,
19071380,16812962,21,C,18,,,
19064659,16812963,51,C,1,,,
19064267,16812964,7,C,18,,,
19064268,16812964,21,A,18,,,
19064269,16812964,5,C,18,,,
19065181,16812965,45,C,25,,,
19065182,16812966,21,C,18,,,
19071381,16812967,16,C,1,,,
19071382,16812967,35,C,1,,,
19065183,16812968,21,A,18,,,
19065184,16812968,5,C,18,,,
19064660,16812969,27,C,1,,,
19071766,16812970,45,C,1,,,
19071767,16812971,51,C,1,,,
19071383,16812972,21,C,18,,,
19071384,16812973,21,C,18,,,
19065185,16812974,40,C,1,,,
19071768,16812975,51,C,1,,,
19064661,16812976,45,C,13,,,
19071385,16812977,16,C,1,,,
19071386,16812978,16,C,1,,,
19071387,16812979,7,C,18,,,
19064664,16812986,45,C,1,,,
19065200,16813026,14,C,18,,,
19065201,16813026,21,A,18,,,
19065202,16813026,5,C,18,,,
19071401,16813027,14,C,18,,,
19064282,16813028,45,C,1,,,
19065203,16813029,40,C,1,,,
19065204,16813030,16,C,1,,,
19064283,16813031,16,C,1,,,
19064284,16813031,35,C,1,,,
19064285,16813032,5,C,1,,,
19071783,16813033,27,C,13,,,
19071784,16813033,16,C,13,,,
19071785,16813034,27,C,1,,,
19065205,16813035,21,C,18,,,
19071786,16813036,16,C,13,,,
19064673,16813037,45,A,1,,,
19064674,16813038,51,C,18,,,
19064286,16813039,21,A,18,,,
19064287,16813039,5,C,18,,,
19064288,16813040,21,C,18,,,
19064675,16813041,16,C,1,,,
19065206,16813042,45,C,25,,,
19064676,16813043,7,C,18,,,
19068489,16813043,5,C,18,,,
19071787,16813044,7,C,18,,,
19065207,16813045,5,C,18,,,
19071402,16813046,5,C,18,,,
19065208,16813047,51,C,1,,,
19071788,16813048,51,C,1,,,
19068490,16813049,51,C,1,,,
19065209,16813050,21,A,18,,,
19065210,16813050,5,C,18,,,
19064289,16813051,7,C,18,,,
19065211,16813052,7,C,18,,,
19065212,16813052,5,C,18,,,
19071789,16813053,5,C,18,,,
19065213,16813054,7,C,18,,,
19065214,16813055,21,C,18,,,
19068099,16813056,14,C,18,,,
19068491,16813057,14,C,18,,,
19068492,16813057,5,C,18,,,
19068493,16813058,7,C,18,,,
19068100,16813059,5,C,1,,,
19065215,16813060,51,C,1,,,
19065216,16813061,5,C,13,,,
19068101,16813062,7,C,18,,,
19068102,16813062,5,C,18,,,
19065217,16813063,13,C,1,,,
19065218,16813064,40,C,18,,,
19071790,16813065,39,C,1,,,
19068103,16813066,51,C,13,,,
19071791,16813067,16,C,13,,,
19071792,16813068,16,C,1,,,
19071403,16813069,27,C,13,,,
19065219,16813070,14,C,18,,,
19071404,16813071,28,C,18,,,
19071405,16813071,16,C,18,,,
19068104,16813072,51,C,1,,,
19068105,16813073,27,C,13,,,
19071793,16813074,27,C,13,,,
19071794,16813074,5,C,13,,,
19065220,16813075,40,A,1,,,
19065221,16813076,51,C,13,,,
19065222,16813077,7,C,18,,,
19068106,16813078,21,C,18,,,
19068107,16813079,21,C,18,,,
19065223,16813080,40,A,1,,,
19068494,16813081,21,A,18,,,
19068495,16813081,5,C,18,,,
19065224,16813082,21,C,18,,,
19068108,16813083,21,C,18,,,
19071406,16813084,21,C,18,,,
19065225,16813085,7,C,18,,,
19068109,16813086,21,C,18,,,
19068110,16813087,5,A,1,,,
19068496,16813088,5,C,18,,,
19071407,16813089,45,C,1,,,
19071408,16813090,16,C,1,,,
19068497,16813091,21,C,18,,,
19068498,16813092,21,C,18,,,
19068111,16813093,51,C,1,,,
19068112,16813094,5,C,13,,,
19065226,16813096,13,C,1,,,
19065227,16813097,21,A,18,,,
19065228,16813097,5,C,18,,,
19071797,16813098,18,C,18,,,
19068113,16813099,51,C,1,,,
19068499,16813100,5,C,1,,,
19068500,16813101,5,C,18,,,
19068501,16813102,13,C,1,,,
19068502,16813103,7,C,18,,,
19071798,16813104,7,C,18,,,
19071799,16813104,5,C,18,,,
19071800,16813105,45,C,13,,,
19065229,16813106,5,C,18,,,
19065230,16813107,27,C,1,,,
19068503,16813108,45,C,1,,,
19068504,16813109,5,C,1,,,
19071409,16813110,45,C,13,,,
19068114,16813111,21,C,18,,,
19071410,16813112,21,C,18,,,
19080421,16815023,51,C,18,,,
19068505,16813113,21,C,18,,,
19068506,16813114,13,C,1,,,
19071411,16813115,14,C,18,,,
19071412,16813115,21,A,18,,,
19071413,16813115,5,C,18,,,
19071414,16813116,16,C,1,,,
19065231,16813117,21,C,18,,,
19065232,16813118,5,C,18,,,
19071801,16813119,5,C,18,,,
19068507,16813120,45,C,13,,,
19068116,16813122,5,C,18,,,
19071415,16813123,27,C,1,,,
19071416,16813124,5,C,18,,,
19068512,16813160,5,C,25,,,
19064662,16812980,51,C,1,,,
19071388,16812981,16,C,18,,,
19064663,16812982,7,C,18,,,
19071389,16812983,21,C,18,,,
19071769,16812984,40,C,18,,,
19071770,16812984,5,C,18,,,
19065186,16812985,7,C,18,,,
19065187,16812985,5,C,18,,,
19071771,16812987,14,C,18,,,
19064665,16812988,5,C,13,,,
19064270,16812989,13,C,1,,,
19064271,16812990,5,C,18,,,
19064666,16812991,16,C,1,,,
19064667,16812992,16,C,1,,,
19065188,16812993,27,C,1,,,
19071772,16812994,51,C,1,,,
19065189,16812995,51,C,1,,,
19071390,16812996,16,C,18,,,
19064272,16812997,7,C,18,,,
19064273,16812997,21,A,18,,,
19064274,16812997,5,C,18,,,
19065190,16812998,51,C,13,,,
19065191,16812999,21,C,18,,,
19071391,16813000,21,C,18,,,
19071392,16813001,7,C,18,,,
19071393,16813001,21,A,18,,,
19071394,16813001,5,C,18,,,
19065192,16813002,7,C,18,,,
19065193,16813003,18,C,1,,,
19065194,16813004,21,A,18,,,
19065195,16813004,5,C,18,,,
19064668,16813005,21,C,18,,,
19064275,16813006,21,A,18,,,
19064276,16813006,5,C,18,,,
19064669,16813007,45,C,1,,,
19071395,16813008,40,C,1,,,
19064670,16813009,13,C,1,,,
19071396,16813010,7,A,18,,,
19071397,16813010,5,C,18,,,
19071398,16813010,16,C,18,,,
19065196,16813011,5,C,18,,,
19071773,16813012,21,C,18,,,
19071774,16813013,7,C,18,,,
19064277,16813014,5,C,18,,,
19065197,16813015,28,C,1,,,
19071775,16813016,7,C,18,,,
19071776,16813016,21,A,18,,,
19071777,16813016,5,C,18,,,
19071399,16813017,49,C,25,0,F,
19071400,16813017,5,C,25,,,
19065198,16813018,21,A,18,,,
19065199,16813018,5,C,18,,,
19064278,16813019,7,C,18,,,
19064671,16813020,5,C,18,,,
19064279,16813021,51,C,1,,,
19064672,16813022,5,C,13,,,
19071778,16813023,14,C,18,,,
19071779,16813023,21,A,18,,,
19071780,16813023,5,C,18,,,
19064280,16813024,7,C,18,,,
19064281,16813024,5,C,18,,,
19071781,16813025,21,A,18,,,
19071782,16813025,5,C,18,,,
19076420,16813738,45,C,1,,,
19068115,16813121,13,C,13,,,
19065233,16813125,51,C,13,,,
19065234,16813126,21,C,18,,,
19071802,16813127,7,C,18,,,
19071803,16813128,5,C,18,,,
19071417,16813129,16,C,1,,,
19071804,16813130,51,C,1,,,
19065235,16813131,51,C,1,,,
19068117,16813132,13,C,1,,,
19065236,16813133,7,C,18,,,
19065237,16813133,5,C,18,,,
19068118,16813134,51,C,13,,,
19068119,16813135,13,C,1,,,
19071805,16813136,21,A,18,,,
19071806,16813136,5,C,18,,,
19071418,16813137,45,C,1,,,
19069055,16813138,5,C,18,,,
19068120,16813139,40,C,13,,,
19071807,16813140,7,C,18,,,
19071808,16813140,5,C,18,,,
19071809,16813141,45,C,25,,,
19071810,16813142,7,C,18,,,
19068121,16813143,16,C,13,,,
19071811,16813144,45,C,1,,,
19069056,16813145,13,C,1,,,
19071419,16813146,7,C,18,,,
19071420,16813147,13,C,1,,,
19071421,16813148,5,C,1,,,
19071422,16813149,51,C,13,,,
19068508,16813150,51,C,1,,,
19071423,16813151,16,C,1,,,
19071424,16813151,35,C,1,,,
19071812,16813152,7,C,18,,,
19071813,16813152,5,C,18,,,
19068509,16813153,7,C,18,,,
19068510,16813153,5,C,18,,,
19069057,16813154,13,C,1,,,
19071425,16813155,13,C,1,,,
19071814,16813156,18,C,13,,,
19068511,16813157,21,C,18,,,
19071426,16813158,51,C,1,,,
19071427,16813159,7,C,18,,,
19071428,16813159,5,C,18,,,
19068122,16813161,45,C,1,,,
19069058,16813162,7,C,18,,,
19071429,16813163,27,C,13,,,
19071815,16813164,27,C,1,,,
19071430,16813165,39,C,18,,,
19068123,16813166,5,C,18,,,
19071816,16813167,45,C,1,,,
19071431,16813168,51,C,1,,,
19068513,16813169,44,C,1,,,
19071817,16813170,13,C,1,,,
19069059,16813171,45,C,18,,,
19069060,16813172,13,C,1,,,
19069061,16813173,51,C,1,,,
19068514,16813174,16,C,13,,,
19068515,16813174,39,C,13,,,
19068124,16813175,27,C,13,,,
19068516,16813176,21,C,18,,,
19071432,16813177,21,C,18,,,
19071433,16813178,45,C,1,,,
19068517,16813179,21,C,18,,,
19071434,16813180,51,C,1,,,
19068125,16813181,13,C,1,,,
19071818,16813182,13,C,1,,,
19069062,16813183,45,C,1,,,
19071819,16813184,14,C,18,,,
19071820,16813184,5,C,18,,,
19071435,16813185,51,C,1,,,
19071436,16813186,21,A,18,,,
19071437,16813186,5,C,18,,,
19068126,16813187,14,C,18,,,
19068127,16813187,5,C,18,,,
19068128,16813188,16,C,1,,,
19068129,16813189,21,C,18,,,
19069063,16813190,51,C,1,,,
19068130,16813191,5,C,1,,,
19069064,16813192,45,C,1,,,
19071438,16813193,45,C,1,,,
19068131,16813194,45,C,1,,,
19071439,16813195,13,C,1,,,
19069065,16813196,13,C,1,,,
19068132,16813197,51,C,13,,,
19068133,16813197,5,C,13,,,
19068518,16813198,51,C,1,,,
19069066,16813199,21,C,18,,,
19072327,16813200,16,C,13,,,
19071821,16813200,27,C,13,,,
19071822,16813200,51,C,13,,,
19071440,16813201,27,C,13,,,
19072328,16813202,21,A,18,,,
19072329,16813202,5,C,18,,,
19068134,16813203,44,C,13,,,
19071441,16813204,7,C,18,,,
19071442,16813204,5,C,18,,,
19068135,16813205,51,C,13,,,
19069067,16813206,45,C,1,,,
19068519,16813207,13,C,1,,,
19068520,16813208,40,C,1,,,
19068136,16813209,40,C,18,,,
19068521,16813210,13,C,1,,,
19069568,16813211,27,C,1,,,
19071443,16813212,40,C,1,,,
19068137,16813213,40,C,18,,,
19069569,16813214,5,C,1,,,
19069570,16813215,5,C,1,,,
19069571,16813215,16,C,1,,,
19069572,16813216,51,C,13,,,
19071444,16813217,13,C,13,,,
19072330,16813218,5,C,18,,,
19072331,16813219,7,C,18,,,
19072332,16813219,5,C,18,,,
19072333,16813220,51,C,1,,,
19071445,16813221,51,C,1,,,
19069573,16813222,45,C,18,,,
19068138,16813223,21,C,18,,,
19068139,16813224,7,C,18,,,
19068140,16813224,5,C,18,,,
19072334,16813225,21,C,18,,,
19071446,16813226,51,C,1,,,
19071447,16813227,16,C,18,,,
19071448,16813227,35,C,18,,,
19068141,16813228,45,C,1,,,
19068142,16813229,27,C,1,,,
19068522,16813230,51,C,13,,,
19068143,16813231,5,C,13,,,
19068144,16813232,21,C,18,,,
19069574,16813233,27,C,1,,,
19071449,16813234,27,C,1,,,
19072335,16813235,50,C,1,,,
19068145,16813236,7,C,18,,,
19068146,16813236,5,C,18,,,
19068523,16813237,45,C,13,,,
19072336,16813238,5,C,1,,,
19068524,16813239,5,C,18,,,
19075792,16813240,7,C,18,,,
19075793,16813240,5,C,18,,,
19069575,16813241,21,C,18,,,
19075794,16813242,51,C,1,,,
19072337,16813243,21,C,18,,,
19072338,16813244,45,C,1,,,
19069576,16813245,7,C,18,,,
19069577,16813245,5,C,18,,,
19075795,16813246,21,A,18,,,
19075796,16813246,5,C,18,,,
19068147,16813247,45,C,1,,,
19072339,16813248,40,C,1,,,
19069578,16813249,28,C,1,,,
19072340,16813250,21,C,18,,,
19069579,16813251,51,C,1,,,
19072341,16813252,21,C,18,,,
19075797,16813253,51,C,1,,,
19069580,16813254,40,C,1,,,
19075798,16813255,16,C,18,,,
19072342,16813256,27,C,13,,,
19072343,16813257,14,C,18,,,
19072344,16813257,21,A,18,,,
19072345,16813257,5,C,18,,,
19072346,16813258,27,C,1,,,
19075799,16813259,45,C,1,,,
19075800,16813260,27,C,13,,,
19068525,16813261,5,C,18,,,
19075801,16813262,18,C,1,,,
19075802,16813263,21,C,18,,,
19069581,16813264,21,A,18,,,
19069582,16813264,5,C,18,,,
19068526,16813265,16,C,1,,,
19069583,16813266,45,C,1,,,
19075803,16813267,40,C,1,,,
19068148,16813268,40,A,1,,,
19068149,16813268,39,C,1,,,
19075804,16813269,51,C,1,,,
19068150,16813270,7,C,18,,,
19069584,16813271,21,C,18,,,
19075805,16813273,45,C,1,,,
19069590,16813285,45,C,25,,,
19069596,16813310,47,C,25,,,
19068536,16813328,45,C,1,,,
19075824,16813355,51,C,1,,,
19069617,16813374,5,C,1,,,
19068550,16813375,13,C,1,,,
19068551,16813376,7,C,18,,,
19068552,16813376,5,C,18,,,
19068553,16813377,39,C,1,,,
19069618,16813378,45,C,1,,,
19075826,16813379,45,C,13,,,
19068693,16813380,7,C,18,,,
19068694,16813380,5,C,18,,,
19069619,16813382,5,C,1,,,
19068555,16813383,5,C,1,,,
19072366,16813384,40,C,1,,,
19068556,16813385,21,C,18,,,
19069620,16813386,45,C,1,,,
19072367,16813387,18,C,1,,,
19072368,16813388,7,C,18,,,
19075827,16813389,51,C,1,,,
19068557,16813390,45,C,1,,,
19068695,16813391,40,C,1,,,
19068696,16813392,5,C,18,,,
19068558,16813393,7,C,18,,,
19075828,16813394,45,C,1,,,
19069621,16813395,21,C,18,,,
19068697,16813396,51,C,13,,,
19069622,16813397,27,C,1,,,
19075829,16813398,45,C,1,,,
19069623,16813399,13,C,1,,,
19075830,16813400,7,C,18,,,
19075831,16813401,40,C,1,,,
19075832,16813402,7,C,18,,,
19068698,16813403,14,C,18,,,
19068559,16813404,5,C,1,,,
19075833,16813405,45,C,13,,,
19075834,16813406,7,C,18,,,
19068699,16813407,16,C,1,,,
19068700,16813407,35,C,1,,,
19072369,16813408,13,C,13,,,
19069624,16813409,45,C,1,,,
19075835,16813410,13,C,1,,,
19068701,16813411,45,C,1,,,
19075836,16813412,13,C,1,,,
19075837,16813413,21,C,18,,,
19068702,16813414,51,C,1,,,
19068703,16813414,16,C,1,,,
19068704,16813414,35,C,1,,,
19075838,16813415,16,C,1,,,
19075839,16813415,35,C,1,,,
19068560,16813416,40,A,1,,,
19069625,16813417,51,C,1,,,
19069626,16813417,45,C,1,,,
19072370,16813418,16,C,1,,,
19069627,16813419,45,C,1,,,
19072371,16813420,13,C,1,,,
19068705,16813421,21,C,18,,,
19069628,16813422,27,C,1,,,
19072372,16813423,51,C,1,,,
19069629,16813424,14,C,18,,,
19069630,16813424,5,C,18,,,
19068706,16813425,45,C,1,,,
19075840,16813429,7,C,18,,,
19075841,16813429,5,C,18,,,
19068712,16813431,45,C,1,,,
19068554,16813381,51,C,1,,,
19069585,16813272,45,C,1,,,
19075806,16813274,7,C,18,,,
19075807,16813274,5,C,18,,,
19068527,16813275,16,C,1,,,
19069586,16813276,27,C,13,,,
19069587,16813276,5,C,13,,,
19069588,16813277,40,C,18,,,
19069589,16813278,5,C,18,,,
19075808,16813279,51,C,1,,,
19068151,16813280,14,C,18,,,
19068152,16813280,5,C,18,,,
19068153,16813281,21,C,18,,,
19072347,16813282,27,C,1,,,
19068154,16813283,5,C,13,,,
19075809,16813284,45,C,13,,,
19069591,16813286,7,C,18,,,
19069592,16813286,5,C,18,,,
19068155,16813287,51,C,18,,,
19072348,16813288,7,C,18,,,
19072349,16813288,5,C,18,,,
19072350,16813289,7,C,18,,,
19069593,16813290,13,C,1,,,
19069594,16813291,21,C,18,,,
19068528,16813292,45,C,1,,,
19068156,16813293,45,C,1,,,
19068157,16813294,21,C,18,,,
19068158,16813295,7,C,18,,,
19068159,16813295,5,C,18,,,
19068160,16813296,51,C,1,,,
19072351,16813297,21,C,18,,,
19072352,16813298,5,C,18,,,
19072353,16813299,45,C,1,,,
19075810,16813300,14,C,18,,,
19075811,16813300,21,A,18,,,
19075812,16813300,5,C,18,,,
19075813,16813301,7,C,18,,,
19075814,16813301,5,C,18,,,
19075815,16813302,35,C,13,,,
19068161,16813303,21,C,18,,,
19068529,16813304,5,C,13,,,
19068162,16813305,40,A,1,,,
19068530,16813306,5,C,18,,,
19068531,16813307,50,C,1,,,
19075816,16813308,44,C,13,,,
19069595,16813309,40,C,1,,,
19068532,16813311,18,C,1,,,
19069597,16813312,45,C,1,,,
19072354,16813313,18,C,1,,,
19069598,16813314,16,C,1,,,
19068164,16813329,21,A,18,,,
19068165,16813329,5,C,18,,,
19075817,16813315,7,C,18,,,
19072355,16813316,7,C,18,,,
19072356,16813316,5,C,18,,,
19069599,16813317,13,C,13,,,
19069600,16813318,27,C,13,,,
19069601,16813318,5,C,13,,,
19068533,16813319,45,C,1,,,
19069602,16813320,5,C,13,,,
19069603,16813321,27,C,13,,,
19075818,16813322,5,C,25,,,
19068163,16813323,18,C,1,,,
19069604,16813324,14,C,18,,,
19068534,16813325,7,C,18,,,
19075819,16813326,7,C,18,,,
19075820,16813326,5,C,18,,,
19068535,16813327,51,C,1,,,
19072357,16813330,14,C,18,,,
19068537,16813331,51,C,1,,,
19068166,16813332,5,C,13,,,
19072358,16813333,21,C,18,,,
19068167,16813334,51,C,1,,,
19068168,16813335,51,C,13,,,
19069605,16813336,14,C,18,,,
19069606,16813337,7,C,18,,,
19069607,16813337,5,C,18,,,
19072359,16813338,45,C,1,,,
19068538,16813339,13,C,1,,,
19069608,16813340,5,C,1,,,
19068169,16813341,21,C,18,,,
19075821,16813342,45,C,1,,,
19072360,16813343,7,C,18,,,
19075822,16813344,18,C,18,,,
19068539,16813345,13,C,1,,,
19075823,16813346,45,C,1,,,
19069609,16813347,45,C,1,,,
19068540,16813348,44,C,18,,,
19072361,16813349,45,C,1,,,
19068541,16813350,21,A,18,,,
19068542,16813350,5,C,18,,,
19068543,16813351,40,C,1,,,
19068170,16813352,44,C,1,,,
19068544,16813353,21,A,18,,,
19068545,16813353,5,C,18,,,
19072362,16813354,45,C,1,,,
19072363,16813356,7,C,18,,,
19072364,16813356,5,C,18,,,
19068171,16813357,21,C,18,,,
19068172,16813358,5,C,13,,,
19069610,16813359,40,C,1,,,
19069611,16813360,21,C,18,,,
19069612,16813360,5,C,18,,,
19068546,16813361,21,C,18,,,
19069613,16813362,51,C,1,,,
19072365,16813363,51,C,1,,,
19069614,16813364,13,C,13,,,
19075825,16813365,13,C,1,,,
19069615,16813366,5,C,18,,,
19068547,16813367,7,C,18,,,
19068548,16813367,5,C,18,,,
19068687,16813368,5,C,13,,,
19068173,16813368,27,C,13,,,
19068549,16813369,5,C,18,,,
19068688,16813370,14,C,18,,,
19068689,16813370,21,A,18,,,
19068690,16813370,5,C,18,,,
19068691,16813371,45,C,1,,,
19069616,16813372,45,C,1,,,
19068692,16813373,5,C,1,,,
19068707,16813426,21,C,18,,,
19068708,16813427,45,C,18,,,
19068709,16813427,16,C,13,,,
19068710,16813428,14,C,18,,,
19068711,16813428,5,C,18,,,
19068561,16813430,20,C,18,,,
19072373,16813432,7,C,18,,,
19072374,16813432,21,A,18,,,
19072375,16813432,5,C,18,,,
19072376,16813433,51,C,13,,,
19068713,16813434,51,C,13,,,
19068714,16813435,51,C,1,,,
19068562,16813436,14,C,18,,,
19072377,16813437,21,A,18,,,
19072378,16813437,5,C,18,,,
19068715,16813438,21,C,18,,,
19075842,16813439,14,C,18,,,
19075843,16813439,5,C,18,,,
19072379,16813440,5,C,18,,,
19072380,16813441,51,C,25,,,
19068716,16813442,45,C,1,,,
19069631,16813443,16,C,1,,,
19069632,16813443,35,C,1,,,
19068717,16813444,51,C,1,,,
19072381,16813445,21,C,18,,,
19072382,16813446,45,C,1,,,
19069633,16813447,51,C,1,,,
19072383,16813448,16,C,13,,,
19072384,16813449,5,C,18,,,
19068718,16813450,44,C,1,,,
19069068,16813451,21,C,18,,,
19068719,16813452,21,C,18,,,
19069069,16813453,5,C,18,,,
19075844,16813454,27,C,13,,,
19069070,16813455,21,C,18,,,
19072385,16813456,14,C,18,,,
19072386,16813457,51,C,1,,,
19075845,16813458,14,C,18,,,
19075846,16813458,5,C,18,,,
19072387,16813459,45,C,1,,,
19069071,16813460,21,C,18,,,
19069681,16813636,7,C,25,,,
19069683,16813659,49,C,25,0,F,
19069684,16813659,5,C,25,,,
19068720,16813461,45,C,1,,,
19068721,16813462,51,C,13,,,
19069072,16813463,21,C,18,,,
19075847,16813464,45,C,1,,,
19068722,16813465,7,C,18,,,
19068723,16813466,51,C,1,,,
19068724,16813467,49,C,1,0,F,
19069073,16813468,14,C,18,,,
19072388,16813469,7,C,18,,,
19076226,16813470,51,C,1,,,
19076227,16813470,16,C,1,,,
19068725,16813471,5,C,18,,,
19069634,16813472,5,C,18,,,
19069635,16813473,13,C,13,,,
19069074,16813474,5,C,1,,,
19069636,16813475,40,C,1,,,
19069637,16813476,5,C,1,,,
19069075,16813477,45,C,1,,,
19068726,16813478,7,C,18,,,
19068727,16813479,13,C,1,,,
19075848,16813480,7,C,18,,,
19075849,16813480,5,C,18,,,
19069076,16813481,14,C,25,,,
19075850,16813482,7,C,18,,,
19075851,16813483,7,C,18,,,
19075852,16813483,5,C,18,,,
19076228,16813484,27,C,1,,,
19075853,16813485,40,C,1,,,
19076229,16813486,14,C,18,,,
19076230,16813486,5,C,18,,,
19076231,16813487,7,C,1,,,
19076232,16813487,5,C,1,,,
19069638,16813488,5,C,18,,,
19069639,16813489,13,C,1,,,
19076233,16813490,13,C,13,,,
19069077,16813491,14,C,18,,,
19069640,16813492,13,C,1,,,
19076234,16813493,16,C,1,,,
19075854,16813494,5,C,18,,,
19068728,16813495,21,C,18,,,
19068729,16813495,5,C,18,,,
19069641,16813496,13,C,1,,,
19075855,16813497,5,C,18,,,
19069078,16813498,51,C,1,,,
19075856,16813499,5,C,18,,,
19069642,16813500,13,C,1,,,
19075857,16813501,16,C,1,,,
19075858,16813501,35,C,1,,,
19069643,16813502,28,C,1,,,
19069644,16813503,21,C,18,,,
19076235,16813504,45,C,1,,,
19069645,16813505,45,C,1,,,
19076236,16813506,21,C,18,,,
19069646,16813507,16,C,18,,,
19069647,16813507,35,C,18,,,
19075859,16813508,47,C,5,,,
19068730,16813509,51,C,13,,,
19069648,16813510,40,C,18,,,
19076237,16813511,5,C,1,,,
19075860,16813512,5,C,1,,,
19076238,16813513,7,C,18,,,
19069080,16813514,5,C,18,,,
19069079,16813514,7,A,18,,,
19075861,16813515,21,C,18,,,
19076239,16813516,5,C,1,,,
19069649,16813517,7,C,18,,,
19069650,16813517,5,C,18,,,
19068731,16813518,21,C,18,,,
19069081,16813519,39,C,1,,,
19069082,16813520,51,C,1,,,
19075862,16813521,45,A,1,,,
19075863,16813521,5,C,1,,,
19069651,16813522,21,A,18,,,
19069652,16813522,5,C,18,,,
19068732,16813523,51,C,1,,,
19069653,16813524,51,C,1,,,
19076240,16813525,21,C,18,,,
19068733,16813526,45,C,1,,,
19069083,16813527,51,C,1,,,
19068734,16813528,14,C,13,,,
19069084,16813529,13,C,1,,,
19068735,16813530,51,C,1,,,
19069089,16813548,7,C,18,,,
19069090,16813548,5,C,18,,,
19069659,16813549,21,A,18,,,
19069660,16813549,5,C,18,,,
19069091,16813550,27,C,1,,,
19076245,16813551,13,C,1,,,
19068737,16813552,5,C,18,,,
19076246,16813553,44,C,1,,,
19069661,16813554,45,C,1,,,
19069092,16813555,7,C,18,,,
19069662,16813556,5,C,18,,,
19076247,16813557,5,C,18,,,
19068738,16813558,40,C,1,,,
19075869,16813559,45,C,1,,,
19069093,16813560,5,C,13,,,
19069663,16813561,16,C,13,,,
19068739,16813562,45,C,1,,,
19076248,16813563,7,C,18,,,
19075870,16813564,7,C,18,,,
19069664,16813565,51,C,18,,,
19076249,16813566,13,C,1,,,
19068740,16813567,45,C,1,,,
19068741,16813568,40,C,1,,,
19069094,16813569,18,C,1,,,
19069095,16813570,21,C,18,,,
19069665,16813571,5,C,18,,,
19076250,16813572,21,C,18,,,
19069666,16813573,21,C,1,,,
19075871,16813574,14,C,18,,,
19075872,16813574,21,A,18,,,
19075873,16813574,5,C,18,,,
19075874,16813575,21,A,18,,,
19075875,16813575,5,C,18,,,
19069667,16813576,51,C,25,,,
19069668,16813577,18,A,1,,,
19069096,16813578,45,C,1,,,
19075876,16813579,5,C,18,,,
19075877,16813580,21,C,18,,,
19069669,16813581,13,C,1,,,
19069097,16813582,45,C,1,,,
19075878,16813583,21,C,18,,,
19069670,16813584,13,C,1,,,
19069098,16813585,51,C,1,,,
19068742,16813586,45,C,1,,,
19069099,16813587,51,C,1,,,
19069100,16813587,45,C,1,,,
19076251,16813588,7,C,18,,,
19076252,16813588,5,C,18,,,
19075879,16813589,40,A,1,,,
19076253,16813590,21,A,18,,,
19076254,16813590,5,C,18,,,
19069101,16813591,51,C,25,,,
19068743,16813592,14,C,18,,,
19068744,16813592,21,A,18,,,
19068745,16813592,5,C,18,,,
19068746,16813593,45,C,1,,,
19076255,16813594,21,C,18,,,
19076256,16813595,7,C,18,,,
19076257,16813595,5,C,18,,,
19069102,16813596,7,C,18,,,
19069654,16813531,27,C,13,,,
19069655,16813532,7,C,18,,,
19069656,16813532,5,C,18,,,
19076241,16813533,45,C,1,,,
19069085,16813534,14,C,13,,,
19069086,16813534,5,C,13,,,
19068736,16813535,51,C,13,,,
19069657,16813536,51,C,1,,,
19076242,16813537,5,C,25,,,
19069658,16813538,27,C,18,,,
19075864,16813539,45,C,1,,,
19076243,16813540,7,C,18,,,
19069087,16813541,51,C,1,,,
19075865,16813542,14,C,18,,,
19075866,16813543,28,C,1,,,
19075867,16813544,40,C,18,,,
19076244,16813545,13,C,1,,,
19075868,16813546,13,C,1,,,
19069088,16813547,13,C,1,,,
19075880,16813597,7,C,18,,,
19075881,16813597,5,C,18,,,
19069671,16813598,7,C,18,,,
19069103,16813599,14,A,18,,,
19068747,16813600,5,C,18,,,
19068748,16813601,21,A,18,,,
19068749,16813601,5,C,18,,,
19069672,16813602,21,C,18,,,
19069673,16813603,5,C,18,,,
19076258,16813604,45,C,1,,,
19069104,16813605,7,C,18,,,
19069105,16813605,5,C,18,,,
19075882,16813606,7,C,18,,,
19076259,16813607,5,C,18,,,
19076260,16813608,51,C,13,,,
19076261,16813609,45,C,1,,,
19069674,16813610,40,C,1,,,
19075883,16813611,7,C,18,,,
19076262,16813612,45,C,1,,,
19069106,16813613,16,C,1,,,
19069107,16813613,35,C,1,,,
19068750,16813614,27,C,13,,,
19068751,16813614,5,C,13,,,
19069675,16813615,14,C,18,,,
19069676,16813615,21,A,18,,,
19069677,16813615,5,C,18,,,
19075884,16813616,21,C,18,,,
19076263,16813617,21,A,18,,,
19076264,16813617,5,C,18,,,
19069678,16813619,21,C,18,,,
19069679,16813629,7,C,18,,,
19068757,16813646,5,C,13,,,
19069680,16813635,7,C,18,,,
19068754,16813637,21,C,18,,,
19068755,16813638,21,C,18,,,
19069116,16813639,7,C,18,,,
19069117,16813639,5,C,18,,,
19069118,16813640,5,C,18,,,
19068756,16813641,45,C,1,,,
19075892,16813642,13,C,1,,,
19069682,16813643,21,C,18,,,
19069119,16813644,51,C,13,,,
19075893,16813645,45,C,1,,,
19068758,16813647,14,C,25,,,
19068759,16813648,45,C,1,,,
19069120,16813649,21,C,18,,,
19068760,16813650,13,C,1,,,
19069121,16813651,13,C,1,,,
19068761,16813652,5,C,18,,,
19069122,16813653,13,C,1,,,
19068762,16813654,27,C,1,,,
19069123,16813655,40,C,1,,,
19075894,16813656,45,C,1,,,
19075895,16813657,7,C,18,,,
19075896,16813657,5,C,18,,,
19068763,16813658,7,C,18,,,
19068764,16813658,21,A,18,,,
19068765,16813658,5,C,18,,,
19068766,16813660,45,C,1,,,
19069685,16813661,7,C,18,,,
19069173,16813900,45,C,1,,,
19076267,16813662,5,C,1,,,
19075897,16813663,7,C,18,,,
19075898,16813663,5,C,18,,,
19069124,16813664,51,C,1,,,
19069125,16813665,45,C,1,,,
19068767,16813666,14,C,18,,,
19068768,16813666,5,C,18,,,
19076268,16813667,27,C,13,,,
19076269,16813667,5,C,13,,,
19069686,16813668,27,C,13,,,
19069687,16813668,5,C,13,,,
19069688,16813669,45,C,1,,,
19069126,16813670,5,C,13,,,
19068769,16813671,5,C,1,,,
19075899,16813672,21,C,18,,,
19069689,16813673,14,C,18,,,
19069690,16813673,21,A,18,,,
19069691,16813673,5,C,18,,,
19069692,16813674,13,C,1,,,
19069693,16813675,5,C,18,,,
19068770,16813676,51,C,1,,,
19068771,16813677,21,C,18,,,
19076270,16813678,16,C,18,,,
19069127,16813679,5,C,18,,,
19068772,16813680,14,C,1,,,
19069128,16813681,14,C,18,,,
19069129,16813681,5,C,18,,,
19069130,16813682,13,A,1,,,
19069694,16813683,21,C,18,,,
19075900,16813684,14,C,18,,,
19075901,16813684,5,C,18,,,
19068773,16813685,7,C,18,,,
19068774,16813685,5,C,18,,,
19069131,16813686,21,C,18,,,
19076271,16813687,7,C,18,,,
19076404,16813688,45,C,1,,,
19076405,16813689,13,C,1,,,
19076406,16813690,14,C,18,,,
19076407,16813690,5,C,18,,,
19076408,16813691,27,C,1,,,
19069695,16813692,44,C,1,,,
19076409,16813693,5,C,18,,,
19076272,16813694,39,C,1,,,
19076410,16813695,7,C,18,,,
19070197,16813696,5,C,18,,,
19069696,16813696,7,C,18,,,
19076411,16813697,7,C,18,,,
19076273,16813698,51,C,1,,,
19068775,16813699,51,C,1,,,
19068776,16813700,21,A,18,,,
19068777,16813700,5,C,18,,,
19076274,16813701,45,C,6,,,
19076412,16813702,13,C,1,,,
19070198,16813703,7,C,18,,,
19070199,16813703,5,C,18,,,
19076774,16813704,7,C,18,,,
19076775,16813705,21,C,18,,,
19076776,16813706,40,C,18,,,
19069132,16813707,7,C,18,,,
19069133,16813707,5,C,18,,,
19070200,16813708,7,C,18,,,
19068778,16813709,7,C,1,,,
19076413,16813710,5,C,13,,,
19068779,16813711,51,C,1,,,
19069134,16813712,20,C,25,,,
19076414,16813713,5,C,18,,,
19076777,16813714,27,C,1,,,
19069135,16813715,7,C,18,,,
19069136,16813715,5,C,18,,,
19068780,16813716,13,C,1,,,
19076415,16813717,13,C,13,,,
19069137,16813718,45,C,1,,,
19076778,16813719,28,C,1,,,
19070201,16813720,5,C,13,,,
19076416,16813721,51,C,13,,,
19069108,16813618,45,C,1,,,
19069109,16813620,7,C,18,,,
19069110,16813620,5,C,18,,,
19069111,16813621,13,C,1,,,
19069112,16813622,39,C,1,,,
19069113,16813623,16,C,18,,,
19069114,16813623,35,C,18,,,
19075885,16813624,5,C,1,,,
19075886,16813625,27,C,1,,,
19075887,16813626,7,C,18,,,
19068752,16813627,7,C,18,,,
19076265,16813628,7,C,18,,,
19076266,16813628,5,C,18,,,
19075888,16813630,45,C,1,,,
19075889,16813631,7,C,18,,,
19075890,16813632,27,C,13,,,
19075891,16813632,5,C,13,,,
19068753,16813633,13,C,1,,,
19069115,16813634,18,C,18,,,
19076434,16813814,45,C,1,,,
19070202,16813722,14,C,18,,,
19070203,16813722,5,C,18,,,
19076779,16813723,14,C,18,,,
19076780,16813724,7,C,18,,,
19076781,16813724,5,C,18,,,
19070204,16813725,7,C,18,,,
19070205,16813726,21,C,18,,,
19068781,16813727,5,C,13,,,
19076782,16813728,51,C,1,,,
19076417,16813729,14,C,18,,,
19076783,16813730,7,C,18,,,
19076784,16813730,5,C,18,,,
19076418,16813731,45,C,1,,,
19076785,16813732,7,C,18,,,
19076786,16813732,5,C,18,,,
19076419,16813733,7,C,18,,,
19070206,16813734,45,C,1,,,
19076787,16813735,46,A,1,,,
19076788,16813736,40,C,1,,,
19070207,16813737,28,C,18,,,
19068782,16813739,45,C,1,,,
19068783,16813740,51,C,1,,,
19076789,16813741,7,C,18,,,
19076790,16813741,5,C,18,,,
19070208,16813742,13,C,1,,,
19069138,16813743,40,C,13,,,
19069139,16813744,5,C,1,,,
19070209,16813745,45,C,1,,,
19070210,16813745,5,C,1,,,
19069140,16813746,7,C,18,,,
19069141,16813746,5,C,18,,,
19069142,16813747,45,C,1,,,
19068784,16813748,51,C,1,,,
19069143,16813749,45,C,1,,,
19076421,16813750,5,C,13,,,
19076422,16813751,14,C,18,,,
19076423,16813751,5,C,18,,,
19068785,16813752,5,C,18,,,
19076791,16813753,14,C,18,,,
19076792,16813753,5,C,18,,,
19069144,16813754,16,C,18,,,
19076793,16813755,5,C,6,,,
19070211,16813756,7,C,18,,,
19076794,16813757,45,C,1,,,
19070212,16813758,45,C,1,,,
19068786,16813759,7,C,18,,,
19076795,16813760,5,C,18,,,
19068787,16813761,16,C,1,,,
19076796,16813762,5,C,18,,,
19076797,16813763,29,C,1,,,
19076798,16813763,40,C,1,,,
19076424,16813764,14,C,18,,,
19070213,16813765,51,C,13,,,
19070214,16813766,45,C,1,,,
19068788,16813767,45,C,1,,,
19069145,16813768,45,C,1,,,
19069146,16813769,16,C,1,,,
19068789,16813770,51,C,13,,,
19069147,16813771,45,C,1,,,
19070215,16813772,45,C,1,,,
19068790,16813773,14,C,18,,,
19068791,16813773,5,C,18,,,
19070216,16813774,5,C,18,,,
19070217,16813775,51,C,1,,,
19070218,16813776,45,C,1,,,
19070219,16813777,45,C,1,,,
19068792,16813778,45,C,1,,,
19070220,16813779,51,C,13,,,
19070221,16813779,5,C,13,,,
19076425,16813780,45,C,1,,,
19069148,16813781,51,C,1,,,
19070222,16813782,16,C,1,,,
19070223,16813782,35,C,1,,,
19069149,16813783,51,C,18,,,
19069150,16813783,5,C,18,,,
19068793,16813784,5,C,18,,,
19076799,16813785,7,C,18,,,
19069151,16813786,28,C,18,,,
19069152,16813787,21,A,18,,,
19069153,16813787,5,C,18,,,
19070224,16813788,51,C,1,,,
19070225,16813789,45,C,1,,,
19070226,16813790,13,C,1,,,
19069154,16813791,5,C,18,,,
19069155,16813792,21,C,18,,,
19076426,16813793,16,C,18,,,
19076427,16813794,21,C,18,,,
19068794,16813795,27,C,1,,,
19069156,16813796,7,C,18,,,
19076428,16813797,13,C,1,,,
19069157,16813798,45,C,1,,,
19076429,16813799,51,C,1,,,
19068795,16813800,5,C,13,,,
19068796,16813801,21,C,18,,,
19068797,16813802,21,C,18,,,
19068798,16813803,14,C,18,,,
19068799,16813803,5,C,18,,,
19068800,16813804,7,C,18,,,
19069158,16813805,21,C,18,,,
19070227,16813806,40,C,1,,,
19076800,16813808,14,C,18,,,
19076801,16813808,5,C,18,,,
19076851,16814030,7,C,18,,,
19076852,16814030,5,C,18,,,
19076458,16813896,27,C,1,,,
19076459,16813897,5,C,18,,,
19076460,16813898,40,A,1,,,
19073157,16813899,7,C,18,,,
19069174,16813901,5,C,18,,,
19076821,16813902,51,C,18,,,
19074100,16813903,14,C,18,,,
19074101,16813903,5,C,18,,,
19076461,16813904,5,C,13,,,
19076462,16813905,47,C,1,,,
19076463,16813906,13,C,1,,,
19076464,16813907,45,C,1,,,
19074102,16813908,18,C,13,,,
19073158,16813909,21,C,18,,,
19074103,16813910,5,C,18,,,
19069175,16813911,40,A,18,,,
19073159,16813912,51,C,1,,,
19076822,16813913,7,C,18,,,
19076823,16813913,5,C,18,,,
19076465,16813914,5,C,18,,,
19073160,16813915,21,C,18,,,
19073161,16813916,5,C,18,,,
19076466,16813917,45,C,1,,,
19076467,16813918,14,C,18,,,
19076468,16813918,5,C,18,,,
19074104,16813919,21,A,18,,,
19074105,16813919,5,C,18,,,
19076469,16813920,14,C,18,,,
19076824,16813921,5,C,1,,,
19076825,16813922,7,C,18,,,
19076826,16813922,5,C,18,,,
19076827,16813922,35,C,18,,,
19076828,16813923,27,C,13,,,
19076829,16813923,16,C,13,,,
19073162,16813924,5,C,18,,,
19076830,16813925,5,C,18,,,
19074106,16813926,21,A,18,,,
19074107,16813926,5,C,18,,,
19074108,16813927,44,C,1,,,
19076470,16813928,51,C,1,,,
19069176,16813929,14,C,18,,,
19069177,16813929,5,C,18,,,
19076471,16813930,5,C,1,,,
19076472,16813931,21,C,18,,,
19073163,16813932,45,C,1,,,
19074109,16813933,14,C,1,,,
19074110,16813933,5,C,1,,,
19076831,16813934,14,C,18,,,
19076832,16813934,5,C,18,,,
19076833,16813935,18,A,1,,,
19076473,16813936,14,C,18,,,
19076474,16813936,5,C,18,,,
19076475,16813937,5,C,18,,,
19076476,16813938,7,C,18,,,
19074111,16813939,21,C,18,,,
19076477,16813940,13,C,1,,,
19076834,16813941,7,C,18,,,
19076835,16813941,5,C,18,,,
19069178,16813942,5,C,18,,,
19069179,16813943,51,C,1,,,
19076478,16813944,5,C,18,,,
19074112,16813945,7,C,18,,,
19074113,16813945,5,C,18,,,
19076479,16813946,45,C,1,,,
19069180,16813947,51,C,1,,,
19069181,16813948,51,C,1,,,
19069182,16813949,45,C,1,,,
19076836,16813950,21,C,18,,,
19074114,16813951,51,C,1,,,
19076480,16813952,45,C,1,,,
19069183,16813953,7,C,18,,,
19069184,16813953,5,C,18,,,
19074115,16813954,40,C,1,,,
19074116,16813955,16,C,1,,,
19074117,16813955,35,C,1,,,
19069185,16813956,45,C,1,,,
19076837,16813957,7,C,18,,,
19073164,16813958,51,C,1,,,
19074118,16813959,45,C,1,,,
19076481,16813960,40,C,1,,,
19076838,16813961,39,C,1,,,
19069186,16813962,27,C,1,,,
19069187,16813962,39,C,1,,,
19076482,16813963,5,C,18,,,
19076839,16813964,7,C,18,,,
19076840,16813964,5,C,18,,,
19076483,16813965,7,C,18,,,
19076484,16813965,5,C,18,,,
19076841,16813966,18,C,13,,,
19076485,16813967,45,C,1,,,
19073165,16813968,39,C,18,,,
19073166,16813969,45,C,1,,,
19073167,16813970,5,C,1,,,
19074119,16813971,40,C,1,,,
19076486,16813972,40,C,1,,,
19073168,16813973,51,C,1,,,
19076487,16813974,45,C,1,,,
19069188,16813975,7,C,18,,,
19073169,16813976,14,C,18,,,
19073170,16813976,21,A,18,,,
19073171,16813976,5,C,18,,,
19074120,16813977,45,C,1,,,
19069189,16813978,40,C,1,,,
19073172,16813979,16,C,1,,,
19073173,16813979,35,C,1,,,
19073174,16813980,18,C,1,,,
19073175,16813981,51,C,1,,,
19076488,16813982,14,C,18,,,
19076489,16813982,5,C,18,,,
19068801,16813809,51,C,1,,,
19076802,16813810,5,C,18,,,
19076431,16813811,51,C,1,,,
19076432,16813811,45,A,1,,,
19070228,16813812,5,C,18,,,
19076433,16813813,45,C,1,,,
19076803,16813815,7,C,18,,,
19068802,16813816,45,C,1,,,
19068803,16813817,13,A,1,,,
19070229,16813818,51,C,1,,,
19076804,16813819,5,C,18,,,
19070230,16813820,21,C,18,,,
19069159,16813821,21,C,18,,,
19076435,16813822,5,C,25,,,
19069160,16813823,5,C,18,,,
19076436,16813824,51,C,13,,,
19070231,16813825,51,C,1,,,
19070232,16813825,39,C,1,,,
19076805,16813826,45,C,1,,,
19076437,16813827,51,C,18,,,
19076806,16813828,5,C,13,,,
19070233,16813829,7,C,18,,,
19070234,16813829,5,C,18,,,
19070235,16813830,5,C,18,,,
19076807,16813831,45,C,1,,,
19070236,16813832,45,C,1,,,
19069161,16813833,7,C,18,,,
19069162,16813833,5,C,18,,,
19068804,16813834,14,C,18,,,
19068805,16813834,5,C,18,,,
19076438,16813835,7,C,18,,,
19070237,16813836,14,C,18,,,
19070238,16813836,21,A,18,,,
19070239,16813836,5,C,18,,,
19076808,16813837,51,C,1,,,
19076439,16813838,7,C,18,,,
19076440,16813838,5,C,18,,,
19070240,16813839,45,C,1,,,
19076441,16813840,14,C,18,,,
19076442,16813840,5,C,18,,,
19068806,16813841,14,C,18,,,
19068807,16813841,5,C,18,,,
19076443,16813842,51,C,13,,,
19076809,16813843,5,C,13,,,
19073137,16813844,14,C,18,,,
19073138,16813844,5,C,18,,,
19076810,16813845,51,C,13,,,
19076811,16813845,39,C,13,,,
19073139,16813846,16,C,1,,,
19076812,16813847,40,C,18,,,
19076813,16813848,7,C,18,,,
19076814,16813848,5,C,18,,,
19070241,16813849,51,C,1,,,
19070242,16813850,27,C,18,,,
19073140,16813851,27,C,1,,,
19070243,16813852,45,C,13,,,
19073141,16813853,21,C,18,,,
19076444,16813854,21,C,18,,,
19073142,16813855,14,C,18,,,
19073143,16813855,5,C,18,,,
19069163,16813856,5,C,18,,,
19076815,16813857,7,C,18,,,
19076816,16813857,5,C,18,,,
19076445,16813858,51,C,1,,,
19070244,16813859,45,C,1,,,
19076446,16813860,7,C,18,,,
19076447,16813860,5,C,18,,,
19069164,16813861,7,C,18,,,
19069165,16813861,5,C,18,,,
19076448,16813862,5,C,18,,,
19076449,16813863,45,C,1,,,
19076817,16813864,40,A,1,,,
19073144,16813865,20,C,18,,,
19076818,16813866,45,C,1,,,
19073145,16813867,5,C,13,,,
19076450,16813868,21,C,25,,,
19076451,16813869,51,C,13,,,
19076452,16813870,21,A,18,,,
19076453,16813870,5,C,18,,,
19076454,16813871,13,C,1,,,
19070245,16813872,7,C,18,,,
19070246,16813872,5,C,18,,,
19076819,16813873,7,C,18,,,
19070247,16813874,21,C,18,,,
19070248,16813875,14,C,18,,,
19069166,16813876,18,C,1,,,
19073146,16813877,5,C,13,,,
19070249,16813878,45,C,1,,,
19070250,16813879,21,C,18,,,
19074097,16813879,5,C,18,,,
19069167,16813880,51,C,13,,,
19069168,16813881,45,C,1,,,
19074098,16813882,45,C,1,,,
19076820,16813883,21,C,18,,,
19069169,16813884,13,C,13,,,
19069170,16813885,45,C,1,,,
19073147,16813886,14,C,18,,,
19073148,16813886,5,C,18,,,
19076455,16813887,45,C,1,,,
19073149,16813888,14,C,18,,,
19073150,16813888,5,C,18,,,
19073151,16813889,7,C,18,,,
19073152,16813889,5,C,18,,,
19074099,16813890,13,C,1,,,
19073153,16813891,18,A,1,,,
19073154,16813892,45,C,1,,,
19069171,16813893,51,C,1,,,
19069172,16813893,5,C,1,,,
19076456,16813894,7,C,18,,,
19076457,16813894,5,C,18,,,
19073155,16813895,7,C,18,,,
19073156,16813895,5,C,18,,,
19076430,16813807,51,C,1,,,
19074125,16814014,14,C,25,,,
19073540,16814015,5,C,1,,,
19073189,16814016,51,C,13,,,
19076842,16813983,7,C,18,,,
19073530,16813984,7,C,18,,,
19073531,16813984,5,C,18,,,
19074121,16813985,5,C,1,,,
19076843,16813986,45,C,1,,,
19073176,16813987,27,C,1,,,
19073532,16813988,14,C,18,,,
19073533,16813988,5,C,18,,,
19083458,16813989,14,C,18,,,
19076844,16813990,5,C,1,,,
19076845,16813991,40,C,1,,,
19076846,16813992,5,C,18,,,
19073177,16813993,21,A,18,,,
19073178,16813993,5,C,18,,,
19073179,16813994,45,C,1,,,
19083459,16813995,7,C,18,,,
19073180,16813996,27,C,13,,,
19073181,16813996,5,C,13,,,
19083460,16813997,7,C,18,,,
19083461,16813997,5,C,18,,,
19074122,16813998,16,C,1,,,
19073182,16813999,35,C,13,,,
19083462,16814000,5,C,18,,,
19073183,16814001,14,C,25,,,
19074123,16814002,7,C,18,,,
19074124,16814003,45,C,25,,,
19073184,16814004,5,C,18,,,
19073185,16814005,32,C,18,,,
19073186,16814005,16,C,18,,,
19073534,16814006,5,C,1,,,
19073535,16814007,21,C,18,,,
19073536,16814008,14,C,18,,,
19073537,16814008,21,A,18,,,
19073538,16814008,5,C,18,,,
19073187,16814009,5,C,18,,,
19083463,16814010,21,C,18,,,
19076847,16814011,45,C,1,,,
19073539,16814012,14,C,18,,,
19073188,16814013,21,C,18,,,
19083464,16814017,45,C,1,,,
19073541,16814018,14,C,18,,,
19073542,16814018,5,C,18,,,
19076848,16814019,45,C,1,,,
19083465,16814020,7,C,18,,,
19083466,16814020,5,C,18,,,
19074126,16814021,16,C,1,,,
19074127,16814021,35,C,1,,,
19073190,16814022,5,C,13,,,
19074128,16814023,5,C,1,,,
19076849,16814024,45,C,1,,,
19074129,16814025,51,C,13,,,
19074130,16814026,7,C,18,,,
19076850,16814027,45,C,1,,,
19083467,16814028,40,A,1,,,
19073191,16814029,51,C,13,,,
19074132,16814033,5,C,18,,,
19076853,16814035,7,C,18,,,
19073550,16814063,45,C,25,,,
19083474,16814070,21,C,18,,,
19074140,16814071,13,C,1,,,
19074141,16814072,7,C,18,,,
19074142,16814073,21,C,18,,,
19083475,16814074,5,C,25,,,
19076860,16814075,45,C,1,,,
19073554,16814076,13,C,1,,,
19076861,16814077,7,C,18,,,
19076862,16814077,5,C,18,,,
19083476,16814078,7,C,18,,,
19083477,16814078,5,C,18,,,
19076863,16814079,21,C,18,,,
19073202,16814080,45,C,1,,,
19083478,16814081,5,C,1,,,
19073203,16814082,45,C,1,,,
19074143,16814083,45,C,1,,,
19074144,16814084,14,C,18,,,
19074145,16814084,5,C,18,,,
19076864,16814085,51,C,1,,,
19073204,16814086,5,C,18,,,
19076865,16814087,5,C,18,,,
19076866,16814088,13,C,13,,,
19073555,16814089,51,C,13,,,
19073205,16814090,13,C,1,,,
19076867,16814091,5,C,18,,,
19073556,16814092,40,A,1,,,
19074146,16814093,5,C,18,,,
19074147,16814094,45,C,1,,,
19073557,16814095,18,C,1,,,
19073558,16814096,40,A,18,,,
19073559,16814097,45,C,1,,,
19073560,16814098,45,C,1,,,
19076868,16814099,51,C,1,,,
19076869,16814100,21,C,18,,,
19073206,16814101,21,A,18,,,
19073207,16814101,5,C,18,,,
19073208,16814102,7,C,18,,,
19073561,16814103,51,C,13,,,
19076870,16814104,21,C,18,,,
19076871,16814105,5,C,18,,,
19073209,16814106,14,C,18,,,
19073210,16814106,5,C,18,,,
19073562,16814107,45,C,1,,,
19074148,16814108,51,C,18,,,
19073211,16814109,5,C,18,,,
19073563,16814110,40,A,1,,,
19083479,16814111,5,C,18,,,
19083480,16814112,21,C,18,,,
19074149,16814113,14,C,18,,,
19074150,16814113,21,C,18,,,
19074151,16814113,5,C,18,,,
19073212,16814114,45,C,1,,,
19076872,16814115,5,C,13,,,
19083481,16814116,51,C,1,,,
19076873,16814117,21,C,18,,,
19076874,16814118,14,C,18,,,
19073564,16814119,7,C,18,,,
19073565,16814119,5,C,18,,,
19083482,16814120,45,C,1,,,
19074652,16814121,21,C,18,,,
19076875,16814122,40,C,1,,,
19076876,16814123,7,C,18,,,
19083483,16814124,13,C,1,,,
19073566,16814125,14,C,18,,,
19073567,16814125,5,C,18,,,
19074653,16814126,45,C,1,,,
19074654,16814127,7,C,18,,,
19074655,16814127,5,C,18,,,
19073213,16814128,45,C,1,,,
19074656,16814129,5,C,13,,,
19074657,16814130,7,C,18,,,
19076877,16814131,7,C,18,,,
19074658,16814132,21,C,18,,,
19083484,16814133,21,C,18,,,
19073568,16814134,27,C,13,,,
19083485,16814135,40,C,13,,,
19073569,16814136,45,C,1,,,
19076878,16814137,21,C,18,,,
19074659,16814138,21,A,18,,,
19074660,16814138,5,C,18,,,
19074661,16814139,45,C,1,,,
19073214,16814140,45,C,1,,,
19074662,16814141,14,C,18,,,
19074663,16814141,5,C,18,,,
19074664,16814142,21,A,18,,,
19074665,16814142,5,C,18,,,
19074666,16814143,21,C,18,,,
19076879,16814144,45,C,1,,,
19073570,16814145,21,A,18,,,
19073571,16814145,5,C,18,,,
19083486,16814146,45,C,1,,,
19083487,16814147,39,C,18,,,
19073215,16814148,45,C,1,,,
19074667,16814149,45,C,1,,,
19074668,16814150,14,C,18,,,
19073572,16814151,45,C,1,,,
19074669,16814152,45,C,1,,,
19076880,16814153,51,C,1,,,
19076881,16814154,13,C,1,,,
19073573,16814155,45,C,1,,,
19083488,16814156,21,C,18,,,
19080181,16815000,47,C,25,,,
19073574,16814157,5,C,18,,,
19074670,16814158,51,C,1,,,
19083489,16814159,28,C,18,,,
19073216,16814160,5,C,18,,,
19073217,16814161,27,C,1,,,
19076882,16814162,21,A,18,,,
19083490,16814163,5,C,18,,,
19083491,16814164,21,C,18,,,
19074671,16814165,21,C,18,,,
19074672,16814166,5,C,25,,,
19073218,16814167,16,C,1,,,
19073219,16814168,13,C,1,,,
19076883,16814169,13,C,1,,,
19083492,16814170,45,C,25,,,
19073575,16814171,14,C,18,,,
19073576,16814171,5,C,18,,,
19073577,16814172,45,C,1,,,
19076884,16814173,40,C,1,,,
19076885,16814174,40,C,18,,,
19074673,16814175,45,C,1,,,
19074674,16814176,21,A,18,,,
19074675,16814176,5,C,18,,,
19074676,16814177,45,C,1,,,
19076886,16814178,5,C,18,,,
19073578,16814179,18,C,1,,,
19074677,16814180,51,C,1,,,
19076887,16814181,13,C,1,,,
19073220,16814182,40,C,18,,,
19074678,16814183,45,C,1,,,
19083493,16814184,45,C,1,,,
19074679,16814185,16,C,1,,,
19074680,16814186,45,C,1,,,
19074681,16814187,21,C,18,,,
19076888,16814188,40,C,1,,,
19073221,16814189,51,C,13,,,
19073222,16814190,51,C,13,,,
19073579,16814191,21,C,18,,,
19076889,16814192,45,C,1,,,
19083494,16814193,21,C,18,,,
19083495,16814194,7,C,18,,,
19083496,16814194,5,C,18,,,
19073223,16814195,45,C,1,,,
19074682,16814196,45,C,1,,,
19076890,16814197,21,C,18,,,
19076891,16814198,51,C,25,,,
19073224,16814199,13,C,1,,,
19073225,16814200,5,C,1,,,
19083497,16814201,51,C,1,,,
19074683,16814202,21,C,18,,,
19074684,16814203,40,A,1,,,
19083498,16814204,5,C,18,,,
19076892,16814205,14,C,18,,,
19074685,16814206,21,C,18,,,
19073580,16814207,5,C,18,,,
19076893,16814208,45,C,1,,,
19074686,16814209,14,C,18,,,
19074687,16814209,5,C,18,,,
19073581,16814210,14,C,18,,,
19074688,16814211,14,C,18,,,
19074689,16814211,5,C,18,,,
19073226,16814212,5,C,13,,,
19083499,16814213,45,C,1,,,
19076894,16814214,45,C,1,,,
19083500,16814215,21,C,18,,,
19076895,16814216,7,C,18,,,
19076896,16814216,5,C,18,,,
19076897,16814217,21,C,18,,,
19076898,16814217,5,C,18,,,
19074690,16814218,45,C,1,,,
19073227,16814219,21,C,18,,,
19074691,16814220,7,C,18,,,
19074692,16814220,5,C,18,,,
19083501,16814221,21,A,18,,,
19083502,16814221,5,C,18,,,
19073228,16814222,14,C,18,,,
19073229,16814222,5,C,18,,,
19073230,16814222,16,C,18,,,
19073582,16814223,5,C,1,,,
19074693,16814224,14,C,18,,,
19073231,16814225,45,C,1,,,
19073232,16814226,45,C,1,,,
19073583,16814227,45,C,1,,,
19073233,16814228,5,C,1,,,
19074694,16814229,21,C,18,,,
19076899,16814230,45,C,1,,,
19083503,16814231,51,C,1,,,
19083504,16814232,51,C,1,,,
19076900,16814233,45,C,1,,,
19076901,16814233,5,C,1,,,
19073234,16814236,5,C,18,,,
19083506,16814237,5,C,18,,,
19073235,16814242,14,C,18,,,
19073236,16814242,5,C,18,,,
19074698,16814243,51,C,13,,,
19083507,16814256,21,C,18,,,
19077437,16814328,45,C,1,,,
19074131,16814031,7,C,18,,,
19083468,16814032,51,C,1,,,
19073192,16814034,14,C,18,,,
19073193,16814034,5,C,18,,,
19073543,16814036,5,C,18,,,
19074133,16814037,40,C,13,,,
19073194,16814038,18,C,1,,,
19074134,16814039,5,C,13,,,
19073544,16814040,5,C,18,,,
19076854,16814041,21,C,18,,,
19076855,16814042,14,C,18,,,
19073545,16814043,27,C,1,,,
19073551,16814066,5,C,18,,,
19073552,16814067,45,C,18,,,
19073201,16814068,21,C,18,,,
19073195,16814044,27,C,1,,,
19073196,16814044,51,C,1,,,
19076856,16814045,18,C,13,,,
19074135,16814046,5,C,25,,,
19074136,16814047,51,C,1,,,
19074137,16814048,51,C,1,,,
19083469,16814049,5,C,1,,,
19083470,16814050,5,C,1,,,
19074138,16814051,45,C,1,,,
19073546,16814052,5,C,13,,,
19073547,16814053,45,C,1,,,
19073548,16814054,45,C,1,,,
19074139,16814055,45,C,1,,,
19083471,16814056,45,C,1,,,
19083472,16814057,21,C,18,,,
19073549,16814058,45,C,1,,,
19076857,16814059,45,C,1,,,
19083473,16814060,45,C,18,,,
19076858,16814061,45,C,1,,,
19076859,16814062,13,C,1,,,
19073197,16814064,7,C,18,,,
19073198,16814064,5,C,18,,,
19073199,16814065,14,C,18,,,
19073200,16814065,5,C,18,,,
19073553,16814069,45,C,1,,,
19074729,16814337,45,C,1,,,
19073627,16814415,21,C,18,,,
19084048,16814416,5,C,18,,,
19074745,16814417,51,C,1,,,
19073796,16814418,51,C,1,,,
19073797,16814419,5,C,13,,,
19073628,16814420,51,C,1,,,
19073798,16814421,40,C,1,,,
19073799,16814422,51,C,1,,,
19073800,16814422,39,C,1,,,
19074746,16814423,16,C,1,,,
19084049,16814424,18,C,1,,,
19084050,16814425,51,C,13,,,
19074747,16814426,14,C,18,,,
19074748,16814426,21,A,18,,,
19074749,16814426,5,C,18,,,
19084430,16814427,45,C,1,,,
19084431,16814428,5,C,18,,,
19074750,16814429,14,A,18,,,
19074751,16814429,5,C,18,,,
19073629,16814430,7,C,18,,,
19074752,16814431,21,C,18,,,
19073801,16814432,51,C,1,,,
19073630,16814433,21,A,18,,,
19073631,16814433,5,C,18,,,
19073632,16814434,7,C,18,,,
19073633,16814435,21,A,18,,,
19073634,16814435,5,C,18,,,
19073802,16814436,5,C,18,,,
19084051,16814437,21,C,18,,,
19074753,16814438,21,A,18,,,
19074754,16814438,5,C,18,,,
19073803,16814439,39,C,13,,,
19073804,16814440,45,C,1,,,
19084432,16814441,45,C,18,,,
19084052,16814445,5,C,18,,,
19084435,16814456,21,C,18,,,
19083505,16814234,51,C,13,,,
19076902,16814235,14,C,18,,,
19074695,16814238,51,C,1,,,
19074696,16814239,40,C,18,,,
19077420,16814240,5,C,25,,,
19074697,16814241,51,C,1,,,
19084076,16814546,13,C,1,,,
19073584,16814244,44,C,1,,,
19077421,16814245,45,C,1,,,
19073237,16814246,7,C,18,,,
19073585,16814247,7,C,18,,,
19073586,16814247,5,C,18,,,
19073238,16814248,27,C,1,,,
19073587,16814249,7,C,18,,,
19073588,16814249,5,C,18,,,
19073239,16814250,21,C,18,,,
19074699,16814251,21,C,18,,,
19074700,16814252,21,C,18,,,
19073589,16814253,35,C,1,,,
19073590,16814254,51,C,1,,,
19074701,16814255,51,C,1,,,
19073591,16814257,21,C,18,,,
19074702,16814258,45,C,1,,,
19074703,16814258,5,C,1,,,
19074704,16814259,45,C,1,,,
19073592,16814260,45,C,1,,,
19073240,16814261,21,C,18,,,
19074710,16814272,5,C,18,,,
19083508,16814273,40,C,1,,,
19083509,16814274,5,C,18,,,
19073244,16814275,27,C,1,,,
19073245,16814276,21,C,18,,,
19073593,16814262,45,C,1,,,
19077422,16814263,45,C,1,,,
19073241,16814264,21,C,18,,,
19077423,16814265,51,C,1,,,
19074705,16814266,51,C,1,,,
19073242,16814267,21,A,18,,,
19073243,16814267,5,C,18,,,
19074706,16814268,21,C,18,,,
19074707,16814269,5,C,18,,,
19074708,16814270,16,C,1,,,
19074709,16814271,40,C,1,,,
19074711,16814277,5,C,1,,,
19073246,16814278,13,C,1,,,
19074712,16814279,13,C,1,,,
19073594,16814280,45,C,18,,,
19077424,16814281,21,C,18,,,
19077425,16814282,51,C,1,,,
19074713,16814283,21,A,18,,,
19074714,16814283,5,C,18,,,
19073595,16814284,40,C,18,,,
19077426,16814285,47,C,25,,,
19073596,16814286,5,C,18,,,
19083510,16814287,14,C,18,,,
19074715,16814288,5,C,18,,,
19077427,16814289,21,C,18,,,
19083511,16814290,14,C,1,,,
19083512,16814290,5,C,18,,,
19074716,16814291,5,C,18,,,
19073247,16814292,45,C,1,,,
19074717,16814293,21,C,18,,,
19077428,16814294,21,C,18,,,
19077429,16814294,5,C,18,,,
19074718,16814295,51,C,18,,,
19074719,16814296,14,C,18,,,
19074720,16814297,45,C,1,,,
19073597,16814298,51,C,1,,,
19073598,16814299,21,A,18,,,
19073599,16814299,5,C,18,,,
19073248,16814300,21,C,18,,,
19083513,16814301,45,C,1,,,
19073600,16814302,21,C,18,,,
19073601,16814303,45,C,1,,,
19073602,16814304,21,C,18,,,
19073603,16814304,5,C,18,,,
19074721,16814305,5,C,25,,,
19074722,16814306,51,C,1,,,
19077430,16814307,39,C,1,,,
19077431,16814308,5,C,18,,,
19073604,16814309,21,C,18,,,
19073249,16814310,45,C,1,,,
19083514,16814311,27,C,1,,,
19074723,16814312,5,C,18,,,
19077432,16814313,5,C,18,,,
19073605,16814314,45,C,1,,,
19083515,16814315,45,C,1,,,
19073606,16814316,28,C,18,,,
19073607,16814316,5,C,18,,,
19074724,16814317,14,C,18,,,
19077433,16814318,21,C,18,,,
19074725,16814319,51,C,1,,,
19077434,16814320,7,C,18,,,
19077435,16814320,5,C,18,,,
19073250,16814321,21,A,18,,,
19073251,16814321,5,C,18,,,
19077436,16814322,45,C,1,,,
19073252,16814323,5,C,18,,,
19074726,16814324,21,C,18,,,
19073767,16814325,5,C,25,,,
19073768,16814326,13,C,1,,,
19074727,16814327,21,C,18,,,
19073608,16814329,45,C,1,,,
19073769,16814330,40,C,18,,,
19073770,16814331,21,C,18,,,
19074728,16814335,21,C,18,,,
19083516,16814332,51,C,13,,,
19073771,16814333,13,C,1,,,
19073772,16814334,5,C,18,,,
19073609,16814336,45,C,1,,,
19073773,16814338,14,C,18,,,
19073774,16814338,5,C,18,,,
19073775,16814339,21,C,18,,,
19073610,16814340,45,C,1,,,
19083517,16814341,5,C,25,,,
19083518,16814342,21,A,18,,,
19083519,16814342,5,C,18,,,
19073611,16814343,7,C,18,,,
19083520,16814344,21,A,18,,,
19083521,16814344,5,C,18,,,
19073776,16814345,14,C,18,,,
19074730,16814346,13,C,13,,,
19083522,16814347,45,C,1,,,
19073612,16814348,51,C,1,,,
19073777,16814349,16,C,13,,,
19074731,16814350,51,C,1,,,
19083913,16814351,18,C,1,,,
19073778,16814352,45,C,1,,,
19083523,16814353,5,C,18,,,
19073779,16814354,40,C,1,,,
19074732,16814355,5,C,18,,,
19073780,16814356,51,C,13,,,
19073613,16814357,21,A,18,,,
19073614,16814357,5,C,18,,,
19073615,16814358,5,C,18,,,
19073781,16814359,14,C,18,,,
19073782,16814359,5,C,18,,,
19083524,16814360,35,C,1,,,
19074733,16814361,21,C,18,,,
19083914,16814362,45,C,1,,,
19073783,16814363,45,C,1,,,
19073616,16814364,45,C,1,,,
19083915,16814365,39,C,1,,,
19073784,16814366,21,C,18,,,
19083916,16814367,51,C,1,,,
19073617,16814368,5,C,13,,,
19073618,16814369,21,C,18,,,
19073785,16814370,5,C,1,,,
19074734,16814371,16,C,1,,,
19083525,16814372,45,C,1,,,
19083917,16814373,5,C,1,,,
19083526,16814374,45,C,1,,,
19073786,16814375,21,C,18,,,
19073787,16814376,51,C,1,,,
19083527,16814377,21,A,18,,,
19083528,16814377,5,C,18,,,
19074735,16814378,21,C,18,,,
19073788,16814379,51,C,1,,,
19073619,16814380,21,C,18,,,
19073789,16814381,45,C,1,,,
19073790,16814382,5,C,13,,,
19074736,16814383,45,C,13,,,
19083918,16814384,5,C,1,,,
19073620,16814385,27,C,1,,,
19074737,16814386,29,C,1,,,
19074738,16814386,4,C,1,,,
19083919,16814387,7,C,18,,,
19073621,16814388,45,C,1,,,
19083529,16814389,14,C,18,,,
19083530,16814389,5,C,18,,,
19083920,16814390,45,C,1,,,
19083921,16814391,13,C,1,,,
19073791,16814392,45,C,1,,,
19083531,16814393,51,C,1,,,
19074739,16814394,5,C,18,,,
19073622,16814395,27,C,1,,,
19083532,16814396,45,C,1,,,
19083533,16814397,51,C,1,,,
19073623,16814398,27,C,1,,,
19073792,16814399,18,C,1,,,
19083534,16814400,13,C,1,,,
19074740,16814401,51,C,13,,,
19074741,16814402,5,C,18,,,
19083922,16814403,21,C,18,,,
19084045,16814404,13,C,1,,,
19084429,16814405,40,C,18,,,
19074742,16814406,5,C,1,,,
19084046,16814407,51,C,1,,,
19084047,16814408,7,C,18,,,
19073624,16814409,14,C,18,,,
19073625,16814409,5,C,18,,,
19073793,16814410,5,C,13,,,
19074743,16814411,45,C,1,,,
19074744,16814412,21,C,18,,,
19073626,16814413,21,C,18,,,
19073794,16814414,21,A,18,,,
19073795,16814414,5,C,18,,,
19084112,16814719,45,C,1,,,
19074213,16814720,45,C,1,,,
19080355,16814744,13,C,1,,,
19073635,16814442,5,C,18,,,
19074755,16814443,13,C,1,,,
19073805,16814444,5,C,18,,,
19073806,16814446,45,C,1,,,
19084053,16814447,35,C,1,,,
19073807,16814448,27,C,1,,,
19073808,16814449,5,C,1,,,
19084054,16814450,13,C,1,,,
19084433,16814451,5,C,18,,,
19074756,16814452,21,C,18,,,
19084434,16814453,21,C,18,,,
19074757,16814454,21,C,18,,,
19073636,16814455,21,C,18,,,
19073637,16814457,14,C,18,,,
19073638,16814458,14,C,18,,,
19073639,16814458,5,C,18,,,
19084436,16814459,39,C,1,,,
19084055,16814460,40,C,1,,,
19084437,16814461,14,C,18,,,
19084438,16814461,5,C,18,,,
19084439,16814462,16,C,1,,,
19074758,16814463,45,C,1,,,
19074759,16814464,7,C,18,,,
19073640,16814465,51,C,18,,,
19073641,16814465,21,C,18,,,
19084056,16814466,7,C,18,,,
19084057,16814466,5,C,18,,,
19084440,16814467,5,C,25,,,
19073642,16814468,5,C,1,,,
19073643,16814469,14,C,18,,,
19073644,16814469,5,C,18,,,
19084441,16814470,14,C,18,,,
19084442,16814470,5,C,18,,,
19074760,16814471,7,C,18,,,
19084058,16814472,21,C,18,,,
19084059,16814472,5,C,18,,,
19074152,16814473,21,C,18,,,
19073809,16814474,21,C,18,,,
19074761,16814475,21,C,18,,,
19084443,16814476,51,C,1,,,
19074762,16814477,21,C,18,,,
19074763,16814478,51,C,1,,,
19084444,16814479,47,C,25,,,
19074153,16814480,35,C,18,,,
19073810,16814481,45,C,1,,,
19084445,16814482,14,C,18,,,
19084446,16814482,21,A,18,,,
19084447,16814482,5,C,18,,,
19084448,16814483,51,C,1,,,
19084449,16814483,16,C,1,,,
19084450,16814483,35,C,1,,,
19084451,16814484,16,C,13,,,
19073811,16814485,51,C,18,,,
19084060,16814486,27,C,1,,,
19074764,16814487,21,A,18,,,
19074765,16814487,5,C,18,,,
19084452,16814488,21,C,18,,,
19074154,16814489,44,C,1,,,
19084061,16814490,5,C,18,,,
19084062,16814491,21,C,18,,,
19084453,16814492,5,C,18,,,
19074155,16814493,45,C,18,,,
19084063,16814494,21,C,18,,,
19074766,16814495,21,C,18,,,
19073812,16814496,45,C,18,,,
19073813,16814497,5,C,18,,,
19074767,16814498,45,C,1,,,
19073814,16814499,5,C,18,,,
19074768,16814500,21,C,18,,,
19084064,16814501,45,C,18,,,
19074156,16814502,5,C,18,,,
19074769,16814503,27,C,1,,,
19073815,16814504,39,C,1,,,
19073816,16814505,21,C,18,,,
19084454,16814506,21,C,18,,,
19074157,16814507,18,C,1,,,
19074158,16814508,21,C,18,,,
19074159,16814508,5,C,18,,,
19084065,16814509,21,C,18,,,
19073817,16814510,21,C,18,,,
19084066,16814511,14,C,18,,,
19084067,16814511,5,C,18,,,
19073818,16814512,45,C,1,,,
19073819,16814513,51,C,18,,,
19084068,16814514,27,C,1,,,
19073820,16814515,7,C,18,,,
19074160,16814516,16,C,1,,,
19074161,16814516,35,C,1,,,
19073821,16814517,21,C,18,,,
19084455,16814518,13,C,1,,,
19073822,16814519,51,C,1,,,
19084069,16814520,7,C,18,,,
19074770,16814521,7,C,18,,,
19074771,16814521,21,C,18,,,
19074162,16814522,5,C,18,,,
19074163,16814523,21,C,18,,,
19073823,16814524,35,C,1,,,
19074164,16814525,5,C,1,,,
19074772,16814526,21,C,18,,,
19073824,16814527,14,C,18,,,
19073825,16814527,5,C,18,,,
19084070,16814528,21,C,18,,,
19073826,16814529,35,C,18,,,
19084071,16814530,35,C,18,,,
19074165,16814531,5,C,18,,,
19073827,16814532,40,C,13,,,
19073828,16814533,14,C,18,,,
19073829,16814533,21,A,18,,,
19073830,16814533,5,C,18,,,
19084456,16814534,5,C,18,,,
19074166,16814535,51,C,1,,,
19074167,16814536,51,C,13,,,
19084072,16814537,39,C,18,,,
19084073,16814538,16,C,1,,,
19084074,16814539,16,C,1,,,
19073831,16814540,14,C,18,,,
19073832,16814540,5,C,18,,,
19084457,16814541,35,C,1,,,
19074168,16814542,16,C,1,,,
19084075,16814543,40,C,18,,,
19073833,16814544,16,C,18,,,
19074169,16814545,16,C,18,,,
19074170,16814545,39,C,18,,,
19073834,16814547,45,C,1,,,
19074773,16814548,21,C,18,,,
19084077,16814549,51,C,1,,,
19084458,16814550,14,C,18,,,
19084459,16814550,5,C,18,,,
19073835,16814551,14,C,13,,,
19073836,16814551,5,C,13,,,
19084078,16814552,21,C,18,,,
19073839,16814553,5,C,18,,,
19073837,16814553,14,C,18,,,
19073838,16814553,21,A,18,,,
19074171,16814554,21,C,18,,,
19074774,16814555,27,C,13,,,
19084460,16814556,7,C,18,,,
19084461,16814556,5,C,18,,,
19073840,16814557,45,C,1,,,
19074172,16814558,21,C,18,,,
19084079,16814559,21,C,18,,,
19084080,16814560,14,C,18,,,
19084081,16814560,5,C,18,,,
19073841,16814561,7,C,18,,,
19073842,16814561,5,C,18,,,
19084462,16814562,45,C,1,,,
19084463,16814563,5,C,18,,,
19084082,16814564,7,C,18,,,
19084083,16814564,21,A,18,,,
19084084,16814564,5,C,18,,,
19084464,16814565,14,C,18,,,
19084465,16814565,5,C,18,,,
19074775,16814566,21,C,18,,,
19084085,16814567,21,C,18,,,
19073843,16814568,21,C,18,,,
19074776,16814569,21,A,18,,,
19074777,16814569,5,C,18,,,
19084466,16814570,35,C,18,,,
19074173,16814571,14,C,18,,,
19074174,16814571,21,A,18,,,
19074175,16814572,5,C,13,,,
19074778,16814573,13,C,1,,,
19084086,16814574,5,C,18,,,
19084467,16814575,21,C,18,,,
19075275,16814576,5,C,18,,,
19074779,16814576,14,C,18,,,
19084468,16814577,45,C,1,,,
19084087,16814578,7,C,18,,,
19084088,16814579,2,C,18,,,
19084469,16814580,21,C,18,,,
19084470,16814581,7,C,18,,,
19084471,16814581,21,A,18,,,
19084472,16814581,5,C,18,,,
19075276,16814582,21,C,18,,,
19074176,16814583,5,C,18,,,
19075277,16814584,21,C,18,,,
19075278,16814585,7,C,18,,,
19075279,16814585,21,A,18,,,
19075280,16814585,5,C,18,,,
19074177,16814586,5,C,18,,,
19075281,16814587,44,C,13,,,
19084473,16814588,45,C,1,,,
19073844,16814589,21,A,18,,,
19073845,16814589,5,C,18,,,
19075282,16814590,21,C,18,,,
19074178,16814591,45,C,1,,,
19075283,16814592,35,C,18,,,
19084474,16814593,45,C,1,,,
19073846,16814594,5,C,18,,,
19079579,16814595,5,C,18,,,
19075284,16814596,13,C,1,,,
19084089,16814597,51,C,13,,,
19074179,16814598,51,C,1,,,
19074180,16814599,14,C,18,,,
19074181,16814599,5,C,18,,,
19084475,16814600,14,C,18,,,
19084476,16814600,5,C,18,,,
19084090,16814601,7,C,18,,,
19084091,16814601,5,C,18,,,
19075285,16814602,51,C,13,,,
19079580,16814603,21,C,18,,,
19075286,16814604,45,C,1,,,
19084477,16814605,45,C,1,,,
19075287,16814606,7,C,18,,,
19084478,16814607,51,C,1,,,
19079816,16814608,13,C,1,,,
19079817,16814609,51,C,1,,,
19074182,16814610,45,C,1,,,
19084092,16814611,18,C,1,,,
19084093,16814612,45,C,1,,,
19084094,16814613,45,C,1,,,
19084479,16814614,45,C,1,,,
19084480,16814615,45,C,1,,,
19079581,16814616,45,C,1,,,
19074183,16814617,21,C,18,,,
19074184,16814618,5,C,18,,,
19084481,16814619,51,C,1,,,
19079582,16814620,51,C,13,,,
19079818,16814621,51,C,1,,,
19079819,16814621,16,C,1,,,
19074185,16814622,13,C,1,,,
19084482,16814623,21,C,18,,,
19079820,16814624,5,C,18,,,
19079583,16814625,21,A,18,,,
19079584,16814625,5,C,18,,,
19079821,16814626,21,A,18,,,
19079822,16814626,5,C,18,,,
19074186,16814627,21,A,18,,,
19074187,16814627,5,C,18,,,
19079823,16814628,14,C,18,,,
19079824,16814628,21,A,18,,,
19079825,16814628,5,C,18,,,
19079585,16814629,5,C,13,,,
19084095,16814630,5,C,18,,,
19074188,16814631,27,C,13,,,
19079586,16814632,51,C,1,,,
19079826,16814633,45,C,1,,,
19079827,16814634,35,C,1,,,
19084483,16814635,35,C,1,,,
19079587,16814636,21,C,18,,,
19079828,16814637,21,C,18,,,
19079829,16814638,21,A,18,,,
19079830,16814638,5,C,18,,,
19084484,16814639,35,C,18,,,
19084485,16814640,35,C,18,,,
19084486,16814641,45,C,1,,,
19079831,16814642,51,C,1,,,
19084487,16814643,51,C,1,,,
19079588,16814644,21,C,18,,,
19084096,16814645,21,C,18,,,
19084097,16814646,45,C,1,,,
19084098,16814647,5,C,13,,,
19079832,16814648,7,C,18,,,
19079833,16814648,5,C,18,,,
19084488,16814649,21,C,18,,,
19079589,16814650,21,C,18,,,
19084489,16814651,7,C,18,,,
19084490,16814651,21,A,18,,,
19084491,16814651,5,C,18,,,
19074189,16814652,51,C,1,,,
19079590,16814653,7,C,18,,,
19079591,16814653,5,C,18,,,
19084492,16814654,21,C,18,,,
19074190,16814655,21,C,18,,,
19074191,16814655,5,C,18,,,
19084493,16814656,7,C,18,,,
19084494,16814656,5,C,18,,,
19074192,16814657,21,A,18,,,
19074193,16814657,5,C,18,,,
19074194,16814658,21,C,18,,,
19074195,16814658,5,C,18,,,
19079592,16814659,27,C,1,,,
19084495,16814660,14,C,18,,,
19084496,16814660,5,C,18,,,
19084497,16814661,27,C,1,,,
19074196,16814662,21,C,18,,,
19084099,16814663,51,C,13,,,
19084498,16814664,14,C,18,,,
19084499,16814664,5,C,18,,,
19079835,16814669,14,C,18,,,
19079836,16814669,5,C,18,,,
19080104,16814703,44,C,1,,,
19074208,16814704,14,C,18,,,
19074209,16814704,5,C,18,,,
19079842,16814705,13,C,1,,,
19074210,16814706,45,C,1,,,
19084509,16814707,7,C,18,,,
19084510,16814707,5,C,18,,,
19080105,16814708,51,C,13,,,
19084511,16814709,14,C,18,,,
19084512,16814710,18,C,1,,,
19074211,16814711,7,C,18,,,
19074212,16814711,5,C,18,,,
19084107,16814712,21,C,18,,,
19084108,16814713,21,C,18,,,
19084109,16814714,16,C,13,,,
19084110,16814715,40,C,1,,,
19080349,16814716,5,C,18,,,
19079843,16814716,7,C,18,,,
19080350,16814717,14,C,18,,,
19080351,16814717,5,C,18,,,
19084111,16814718,40,C,18,,,
19084513,16814721,13,C,1,,,
19074214,16814722,16,C,1,,,
19074215,16814722,35,C,1,,,
19084514,16814723,21,C,18,,,
19074216,16814724,28,C,13,,,
19084113,16814725,40,C,1,,,
19074217,16814726,7,C,18,,,
19074218,16814726,21,A,18,,,
19084515,16814727,27,C,1,,,
19084516,16814728,27,C,1,,,
19084517,16814729,7,A,18,,,
19084518,16814729,5,C,18,,,
19084519,16814730,14,C,18,,,
19084520,16814730,5,C,18,,,
19084114,16814731,45,C,1,,,
19074219,16814732,13,C,1,,,
19080352,16814733,27,C,13,,,
19084521,16814734,21,C,18,,,
19080353,16814735,45,C,1,,,
19084522,16814736,13,C,13,,,
19080354,16814737,21,C,18,,,
19084115,16814738,21,C,18,,,
19084523,16814739,51,C,1,,,
19084524,16814740,40,C,13,,,
19074220,16814741,7,C,18,,,
19074221,16814741,5,C,18,,,
19080106,16814742,51,C,1,,,
19084525,16814743,27,C,1,,,
19084526,16814745,21,C,18,,,
19080107,16814746,5,C,18,,,
19080356,16814747,7,C,18,,,
19080357,16814747,5,C,18,,,
19074222,16814748,7,C,18,,,
19084527,16814749,45,C,1,,,
19080108,16814750,5,C,18,,,
19084528,16814751,14,C,18,,,
19084116,16814752,21,C,18,,,
19084117,16814752,5,C,18,,,
19084118,16814753,45,C,1,,,
19084119,16814754,21,C,18,,,
19084529,16814755,35,C,13,,,
19084530,16814756,45,C,13,,,
19080109,16814757,16,C,1,,,
19080110,16814757,35,C,1,,,
19084120,16814758,21,C,18,,,
19084531,16814759,21,C,18,,,
19080111,16814760,21,A,18,,,
19080112,16814760,5,C,18,,,
19080113,16814761,7,C,18,,,
19080358,16814762,7,C,18,,,
19080359,16814762,5,C,18,,,
19074223,16814763,21,C,18,,,
19080360,16814764,14,C,18,,,
19080361,16814765,21,C,18,,,
19074224,16814766,16,C,1,,,
19074225,16814766,35,C,1,,,
19084532,16814767,16,C,13,,,
19080114,16814768,27,C,1,,,
19084533,16814769,7,C,18,,,
19084534,16814769,5,C,18,,,
19080362,16814770,40,C,1,,,
19084535,16814771,27,C,13,,,
19074226,16814772,51,C,13,,,
19080115,16814773,35,C,18,,,
19084536,16814774,45,C,1,,,
19080363,16814775,40,C,1,,,
19084121,16814776,13,C,1,,,
19080364,16814777,21,C,18,,,
19084122,16814778,7,C,18,,,
19080116,16814779,51,C,1,,,
19084537,16814780,27,C,13,,,
19084538,16814780,5,C,13,,,
19074227,16814781,21,A,18,,,
19074228,16814781,5,C,18,,,
19084123,16814782,51,C,1,,,
19084124,16814783,45,C,1,,,
19084539,16814784,21,C,18,,,
19080117,16814785,7,C,18,,,
19080118,16814786,7,C,18,,,
19080119,16814786,5,C,18,,,
19080120,16814787,51,C,1,,,
19084540,16814788,13,C,13,,,
19084125,16814789,5,C,18,,,
19084541,16814790,7,C,18,,,
19084542,16814791,27,C,13,,,
19074229,16814792,21,A,18,,,
19074230,16814792,5,C,18,,,
19074231,16814793,45,C,13,,,
19074232,16814794,16,C,13,,,
19084126,16814795,18,C,1,,,
19080121,16814796,51,C,13,,,
19084127,16814797,16,C,18,,,
19084543,16814798,44,C,25,,,
19084544,16814798,5,C,25,,,
19079260,16814799,13,C,1,,,
19080365,16814800,51,C,1,,,
19084128,16814801,51,C,1,,,
19079261,16814802,51,C,1,,,
19080122,16814803,13,C,1,,,
19084129,16814804,16,C,13,,,
19080366,16814805,5,C,18,,,
19080123,16814806,13,C,1,,,
19084130,16814807,47,C,11,,,
19079262,16814808,5,C,18,,,
19084131,16814809,51,C,1,,,
19079263,16814810,21,C,18,,,
19080124,16814811,13,C,1,,,
19079264,16814812,21,A,18,,,
19079265,16814812,5,C,18,,,
19080367,16814813,14,C,18,,,
19079266,16814814,40,C,18,,,
19084545,16814815,5,C,13,,,
19079267,16814816,5,C,18,,,
19084132,16814817,21,A,18,,,
19084133,16814817,5,C,18,,,
19079268,16814818,5,C,13,,,
19080125,16814819,27,C,1,,,
19084134,16814820,51,C,1,,,
19080368,16814821,40,C,1,,,
19079269,16814822,21,C,18,,,
19084546,16814823,16,C,1,,,
19084547,16814824,51,C,1,,,
19084548,16814824,39,C,1,,,
19079270,16814825,13,C,1,,,
19080126,16814826,45,C,13,,,
19080369,16814827,13,C,1,,,
19084135,16814828,7,C,18,,,
19084549,16814829,21,C,18,,,
19080127,16814830,21,C,18,,,
19084550,16814831,45,C,1,,,
19080370,16814832,40,A,13,,,
19080128,16814833,13,C,1,,,
19080371,16814834,27,C,13,,,
19080372,16814834,51,C,13,,,
19084551,16814835,51,C,13,,,
19080373,16814836,18,C,1,,,
19084136,16814837,13,C,1,,,
19079271,16814838,51,C,18,,,
19080374,16814839,45,C,1,,,
19084552,16814840,5,C,1,,,
19084137,16814841,13,C,1,,,
19084553,16814842,5,C,25,,,
19084554,16814843,14,C,18,,,
19084555,16814843,5,C,18,,,
19084556,16814844,35,C,13,,,
19084138,16814845,13,C,1,,,
19079272,16814846,7,C,18,,,
19079273,16814847,51,C,13,,,
19084557,16814848,27,C,1,,,
19084139,16814849,5,C,1,,,
19080375,16814850,7,C,18,,,
19079274,16814851,13,C,1,,,
19085059,16814852,51,C,1,,,
19074197,16814665,16,C,18,,,
19084100,16814666,5,C,18,,,
19084500,16814667,21,C,18,,,
19079834,16814668,21,C,18,,,
19074198,16814670,7,C,18,,,
19084501,16814671,27,C,13,,,
19084502,16814672,21,C,18,,,
19079837,16814673,51,C,1,,,
19079838,16814674,16,C,18,,,
19079839,16814675,14,C,18,,,
19079840,16814675,5,C,18,,,
19074199,16814676,40,A,13,,,
19079593,16814677,35,C,1,,,
19079594,16814678,5,C,1,,,
19084101,16814679,5,C,1,,,
19074200,16814680,21,A,18,,,
19074201,16814680,5,C,18,,,
19084102,16814681,21,C,18,,,
19074202,16814682,21,C,18,,,
19084503,16814683,21,C,18,,,
19079595,16814684,13,C,1,,,
19084103,16814685,21,A,18,,,
19084104,16814685,5,C,18,,,
19080097,16814686,45,C,1,,,
19079841,16814687,27,C,18,,,
19084504,16814688,45,C,1,,,
19074203,16814689,21,C,18,,,
19084505,16814690,21,C,18,,,
19084506,16814691,7,C,18,,,
19084507,16814691,5,C,18,,,
19074204,16814692,21,C,18,,,
19084508,16814693,21,C,18,,,
19080098,16814694,27,C,13,,,
19080099,16814694,5,C,13,,,
19080100,16814695,7,C,18,,,
19080101,16814695,5,C,18,,,
19074205,16814696,16,C,1,,,
19074206,16814697,27,C,13,,,
19084105,16814698,5,C,18,,,
19080102,16814699,51,C,1,,,
19084106,16814700,39,C,1,,,
19080103,16814701,5,C,18,,,
19074207,16814702,5,C,18,,,
19080129,16814853,51,C,1,,,
19080130,16814854,13,C,1,,,
19080131,16814855,7,C,18,,,
19080132,16814855,5,C,18,,,
19079275,16814856,40,C,1,,,
19079276,16814857,13,C,1,,,
19079277,16814858,21,C,18,,,
19079278,16814859,21,C,18,,,
19085060,16814860,21,C,18,,,
19084140,16814861,51,C,13,,,
19085061,16814862,45,C,1,,,
19085062,16814863,18,C,1,,,
19084141,16814864,45,C,1,,,
19079279,16814865,47,C,11,,,
19080376,16814866,21,C,18,,,
19080133,16814867,21,A,18,,,
19080134,16814867,5,C,18,,,
19080135,16814868,39,C,1,,,
19079280,16814869,13,C,1,,,
19085063,16814870,35,C,1,,,
19079281,16814871,13,C,1,,,
19079282,16814872,45,C,1,,,
19080136,16814873,5,C,18,,,
19080377,16814874,21,C,18,,,
19084142,16814875,35,C,1,,,
19084143,16814876,40,C,13,,,
19079283,16814877,7,C,18,,,
19080378,16814878,21,A,18,,,
19080379,16814878,5,C,18,,,
19080380,16814879,44,C,13,,,
19079284,16814880,47,C,25,,,
19079285,16814881,39,C,1,,,
19084144,16814882,51,C,13,,,
19080137,16814883,28,C,18,,,
19079286,16814884,14,C,18,,,
19080138,16814885,40,C,1,,,
19085064,16814886,51,C,1,,,
19080139,16814887,21,A,18,,,
19080140,16814887,5,C,18,,,
19084145,16814888,27,C,1,,,
19080381,16814889,40,C,1,,,
19080382,16814890,21,C,18,,,
19079287,16814891,5,C,18,,,
19079288,16814892,21,A,18,,,
19079289,16814892,5,C,18,,,
19079290,16814893,45,C,1,,,
19084146,16814894,45,C,1,,,
19084147,16814895,7,C,18,,,
19085065,16814896,5,C,1,,,
19085066,16814897,13,C,1,,,
19084148,16814898,51,C,1,,,
19079291,16814899,21,A,18,,,
19080141,16814900,13,C,1,,,
19084149,16814901,27,C,13,,,
19084150,16814901,5,C,13,,,
19084151,16814901,16,C,13,,,
19079292,16814902,5,C,18,,,
19080383,16814903,7,C,18,,,
19080384,16814903,5,C,18,,,
19080385,16814904,40,A,1,,,
19080142,16814905,21,C,18,,,
19080143,16814906,13,C,1,,,
19080144,16814907,21,A,18,,,
19080145,16814907,5,C,18,,,
19079293,16814908,7,C,18,,,
19079294,16814908,5,C,18,,,
19080146,16814909,39,C,13,,,
19080386,16814910,45,C,1,,,
19079295,16814911,13,C,1,,,
19084152,16814912,5,C,13,,,
19079296,16814913,16,C,18,,,
19084153,16814914,7,C,18,,,
19084154,16814914,5,C,18,,,
19080387,16814915,14,C,18,,,
19080388,16814915,5,C,18,,,
19084155,16814916,7,C,18,,,
19084156,16814916,5,C,18,,,
19080147,16814917,21,C,18,,,
19080148,16814918,13,C,1,,,
19080156,16814940,7,C,18,,,
19080157,16814940,5,C,18,,,
19079308,16814941,40,C,1,,,
19080158,16814942,18,C,1,,,
19080394,16814943,7,C,18,,,
19080395,16814943,5,C,18,,,
19084158,16814944,16,C,1,,,
19084159,16814945,45,C,1,,,
19080159,16814946,5,C,1,,,
19085073,16814947,21,A,18,,,
19085074,16814947,5,C,18,,,
19079309,16814948,14,C,18,,,
19079310,16814948,21,A,18,,,
19079311,16814948,5,C,18,,,
19084160,16814949,21,C,18,,,
19084161,16814950,51,C,13,,,
19080160,16814951,5,C,13,,,
19079312,16814952,21,A,13,,,
19079313,16814952,5,C,13,,,
19084162,16814953,5,C,18,,,
19080396,16814954,21,C,18,,,
19080397,16814955,7,C,18,,,
19080398,16814955,5,C,18,,,
19085075,16814956,40,A,1,,,
19085076,16814957,5,C,13,,,
19080161,16814958,7,C,18,,,
19080162,16814958,21,A,18,,,
19080163,16814958,5,C,18,,,
19079314,16814959,51,C,1,,,
19084163,16814960,13,C,1,,,
19080164,16814961,5,C,13,,,
19079315,16814962,21,C,18,,,
19085077,16814963,45,C,1,,,
19080399,16814964,7,C,18,,,
19080400,16814964,5,C,18,,,
19080165,16814965,40,C,13,,,
19080166,16814965,51,C,13,,,
19080401,16814966,51,C,13,,,
19079316,16814967,21,A,18,,,
19079317,16814967,5,C,18,,,
19080167,16814968,51,C,1,,,
19080168,16814968,16,C,1,,,
19080402,16814969,51,C,1,,,
19080403,16814969,45,C,1,,,
19080404,16814969,5,C,1,,,
19085078,16814970,51,C,1,,,
19080169,16814971,45,C,1,,,
19084164,16814972,5,C,13,,,
19085079,16814973,7,C,18,,,
19085080,16814974,16,C,18,,,
19088511,16814975,14,C,18,,,
19088512,16814975,5,C,18,,,
19080405,16814976,14,C,18,,,
19080406,16814977,39,C,13,,,
19080170,16814978,51,C,13,,,
19080171,16814979,7,C,1,,,
19080172,16814979,5,C,1,,,
19088513,16814980,21,C,18,,,
19080407,16814981,39,C,1,,,
19080173,16814982,51,C,13,,,
19079318,16814983,45,C,1,,,
19080174,16814984,51,C,11,,,
19080389,16814919,14,C,18,,,
19080390,16814919,21,A,18,,,
19080391,16814919,5,C,18,,,
19080149,16814920,21,C,18,,,
19079297,16814921,21,C,18,,,
19080392,16814922,21,A,18,,,
19080393,16814922,5,C,18,,,
19080150,16814923,5,C,18,,,
19080151,16814924,45,C,1,,,
19085067,16814925,40,C,13,,,
19080152,16814926,51,C,13,,,
19085068,16814927,13,C,1,,,
19079298,16814928,21,A,18,,,
19079299,16814928,5,C,18,,,
19079300,16814929,7,C,18,,,
19079301,16814929,21,A,18,,,
19079302,16814929,5,C,18,,,
19084157,16814930,18,C,18,,,
19085069,16814931,7,C,18,,,
19085070,16814931,5,C,18,,,
19085071,16814932,7,C,18,,,
19080153,16814933,16,C,1,,,
19080154,16814933,39,C,1,,,
19079303,16814934,16,C,18,,,
19079304,16814935,21,C,18,,,
19085072,16814936,21,C,18,,,
19079305,16814937,7,C,18,,,
19079306,16814937,5,C,18,,,
19079307,16814938,44,C,25,,,
19080155,16814939,21,C,18,,,
19080175,16814985,21,C,18,,,
19080408,16814986,27,C,1,,,
19080176,16814987,21,C,18,,,
19080409,16814988,40,A,18,,,
19079319,16814989,39,C,1,,,
19088514,16814990,16,C,1,,,
19088515,16814991,7,C,18,,,
19080410,16814992,27,C,1,,,
19080411,16814993,21,C,18,,,
19080412,16814994,21,C,18,,,
19080177,16814995,5,C,1,,,
19085081,16814996,7,C,18,,,
19088516,16814997,13,C,13,,,
19080178,16814998,16,C,18,,,
19080179,16814998,35,C,18,,,
19080180,16814999,21,C,18,,,
19080413,16815001,21,A,18,,,
19080414,16815001,5,C,18,,,
19085082,16815002,7,C,18,,,
19085083,16815003,7,C,18,,,
19079320,16815004,40,C,1,,,
19088517,16815005,21,C,18,,,
19080182,16815006,13,C,1,,,
19088518,16815007,40,C,1,,,
19080183,16815008,5,C,18,,,
19079321,16815009,5,C,18,,,
19079322,16815010,5,C,18,,,
19080184,16815011,5,C,18,,,
19080415,16815012,5,C,18,,,
19088519,16815013,51,C,18,,,
19080416,16815014,27,C,13,,,
19080185,16815015,16,C,18,,,
19088520,16815016,5,C,18,,,
19088521,16815017,7,C,18,,,
19088522,16815017,5,C,18,,,
19080417,16815018,14,C,18,,,
19080418,16815018,21,A,18,,,
19080419,16815018,5,C,18,,,
19088523,16815019,7,C,1,,,
19080420,16815020,51,C,1,,,
19080186,16815021,5,C,18,,,
19085084,16815022,14,C,18,,,
19085085,16815022,21,A,18,,,
19085086,16815022,5,C,18,,,
